text,Sentiment
RT @JohnLeguizamo: #trump not draining swamp but our taxpayer dollars on his trips to advertise his properties! @realDonaldTrump https://t.co/gFBvUkMX9z,0
ICYMI: Hackers Rig FM Radio Stations To Play Anti-Trump Song https://t.co/fV1J4HbXAt https://t.co/7kwDnuBUUd,0
Trump protests: LGBTQ rally in New York https://t.co/LfHRD9Ft5I by #BBCWorld via @c0nvey,1
"""Hi I'm Piers Morgan. David Beckham is awful but Donald Trump is ok.""",0
RT @GlennFranco68: Tech Firm Suing BuzzFeed for Publishing Unverified Trump Dossier  https://t.co/YvkaKaBdrJ https://t.co/1KLQSJfaKg,0
"Alec Baldwin returns as Trump on SNL, where an evil Bannon is actually president https://t.co/RfndLqBLWV @warkentin @jrisco @sopitas",0
REPUBLICANS- YOU OWN YOUR TRUMP!!,0
RT @AnsarAAbbasi: For #Trump #Obama #Bush ..... of this world. #US https://t.co/IrIzXPEm1f,0
A federal appeals court has refused to immediately reinstate Trump's travel ban on people... https://t.co/ncMHPwJYJA by #AP via @c0nvey,0
Court denies Trump request to immediately restore travel ban https://t.co/NNdNquqZLo,0
RT @NoahCRothman: Trump's day began with attacking a federal judge's allegiance to the country and ended by morally equating America with revanchist Russia.,0
If Putin or the Russians did anything in the shadows to disrupt the election why would they have openly supported Trump? #commonsense,0
"RT @Crux: By @JohnLAllenJr, on Roman posters, anti-papal blowback, and parallels between Pope Francis and Donald Trump. https://t.co/annWkNc9lW",0
RT @AllenWest: WHOA: Look what we found about the judge who BLOCKED Trump's travel ban https://t.co/QqJO8FyIAF https://t.co/j79LAuuKaQ,0
"Trump fumes, vows to act, after judge lifts travel ban via @politicususa https://t.co/0pVyDBy7cN",0
"Opinion: The Newest Reality Show, The Trump Presidency https://t.co/PmwMtueRQJ https://t.co/2NK4yEjonV",0
"New Orleans trends now: Trump, Super Bowl, Hall of Fame, NOLA, Saints. https://t.co/DvB9j7Ys20",1
"RT @MMFlint: Thank you, So-Called President Trump! I've been struggling for 2 weeks over what to call you, and your tweet here g https://t.co/ZLpZLlnHV8",0
RT @souamesfarah: Gotta be today's best cartoon #Trump #travelban #Democracy #Constitution https://t.co/uQuRfJ1ORb,1
"Crowdfunding for public-interest lawsuits has come to the US, just in time for Trumps presidency https://t.co/UQBnBTUmLf",0
RT @DonyaMarie: @camper_bruce @pepsi @ladygaga let's not forget how Pepsi put Trump supporters down,0
RT @latimes: Trump is targeting up to 8 million people for deportation https://t.co/1agjm8wYwO,0
"@IanHartley_ We could open a pop up shop, an exchange of trump  memes &amp; a distribution center for new ones. Make sure he sees how we feel ?!",1
"Trump doubles down on 'respect' for Putin by saying US has 'killers'

@realDonaldTrump is not a leader! Sad, Sad, Sad https://t.co/bEh7v8nZ6n",0
"RT @kristinrawls: There is nothing more disingenuous than the shock we're seeing in some corners of the left that Trump is, after all, gonna be a warmonger.",0
"Fresno trends now: Justice Department, Iran, Berkeley, Trump. https://t.co/Cb5p4uhrgL",1
RT @AaronBlake: Constitutional crisis? What happens if Trump decides to ignore a judge's ruling. https://t.co/krezo0T1H9 https://t.co/HahxJX3Vna,0
"RT @PolitiBunny: Repeat after me:



If I wouldn't accept this from a Democrat I shouldn't accept it from Trump.",1
Federal appeals court denies President Trump's request to immediately restore travelban. https://t.co/gIcsKFAYFk https://t.co/6HkIoOcxxU,0
RT @markfollman: UPDATE: The misleading info on the mosque shooter was also spread by Donald Trump Jr. via @BretBaier's Fox News sho https://t.co/Bh6dJrpHNq,0
"RT @AynRandPaulRyan: What was that about government waste again, Trump? #TheResistance https://t.co/VsKGjVn7Mo",0
"RT @mikandynothem: <U+2714> RETWEET<U+2714> if you are happy with President Trump and his Administration's performance so far!

Kicking butt and tak https://t.co/nCUmiIDAqu",1
"If the United States' national security was really of concern, 'they' would have stopped Trump from tweeting eons ago.",0
RT @NourzorguiBBC: US #appeals #court #refuses #Department_of_Justice's emergency appeal to reinstate President Trump's #travel_ban,0
RT @souamesfarah: Gotta be today's best cartoon #Trump #travelban #Democracy #Constitution https://t.co/uQuRfJ1ORb,1
RT @JoyAnnReid: Remember when Trump says he knows more than the generals? He took himself seriously AND literally. https://t.co/tV7OgJnZJC,0
"RT @EliotHiggins: The question is now how much time, energy, and political good will the Trump WH will expend on trying to get the #MuslimBan reinstated.",1
"RT @ChiTownIndie: Yes sir, Mr Trump,

We, The People

Are THE great threat

to Democracy.



All 80 Million of us

We are already

Completel https://t.co/sHqAU2Sc69",1
RT @PalmerReport: RETWEET THIS if you think more people should stand up to Trump's pet nazi Steve Bannon: https://t.co/TAOp9kssSo,0
RT @jonlovett: How about get worked up about the fact that trips to Trump properties generate income for the president and kids di https://t.co/HIh7W10Ean,1
"RT @jeremyscahill: Takeaway from Trump is not that he is wrong about US engaging in mass killing. It is that he likes it and views it as acceptable, preferable",1
Donald Trump's most bone-chilling tweet https://t.co/x4gzdyxT9s,0
RT @Impeach_D_Trump: Please Follow us on FACEBOOK for all the latest on our Illegitimate President Trump -  https://t.co/sjFtlwYstt,1
"RT @queennn94: Kristen Stewart taking down Donald Trump and the homophobes at one go.



She has saved 2017. Play this at my funeral. https://t.co/ywlzO18FaT",0
"Revolt Against Trump? Federal Workers Hold Secret Meetings, Use Encryption To Express Dissent https://t.co/dOqQl5TWJy",0
@realDonaldTrump - TWICE A LOSER? STOP THE BAN!!! UNCONSTITUTIONAL!! https://t.co/zvV5Cgy2iF,0
"Seattle trends now: Trump, Super Bowl, Kenny Easley, Hall of Fame, Judge Robart. https://t.co/rs1pjlKOkI",1
"RT @JewsChooseTrump: Pro-Trump Rally at Trump Tower, NYC

Sunday Feb 5

12 Noon

Many Groups Participating

Please Retweet https://t.co/M3208QTsyw",1
RT @YuriOnMemes: RT this if you're GAY or hate TRUMP or would DIE for YURI ON ICE or ALL OF THE ABOVE,0
"Toronto trends now: Toronto, Trump, Islamophobia, Iran, Conservative. https://t.co/ZQ6y2zvSeq",0
RT @asamjulian: Experts: Social media giants fight Trumps anti-terror plan while providing platform for terrorists |  https://t.co/l4tvYf4xwu,1
"RT @_FmTheGreat: White ppl heard ""build a wall"" and aint give two fucks about anything else trump said. Now look, yall jobless, taxe https://t.co/dybLPhppxG",0
RT @cnnbrk: A federal appeals court denied the US government's initial request to resume President Donald Trump's travel ban. https://t.co/gB70irt1AX,0
"RT @PsychicDogTalk4: Would war with #Iran be more or less costly to #AmericaFirst than #Iraq war was?



@realDonaldTrump #sanctions #Russia #Syria #Putin #Trump",0
RT @bmangh: Female MPs will boycott if Donald Trump addresses Houses of Parliament https://t.co/UshzLDyrZc,0
"RT @Krisplashed: In response to President Trump's travel ban, Iran has barred the United States wrestling team from the World Cup https://t.co/5XNk6Dmfp6",0
RT @seattletimes: Washington judge who stalled Trump #immigrationban is highly regarded GOP appointee: https://t.co/nyQ1kafE0n https://t.co/BqgjWit4Zh,0
RT @FoxNews: Appeals court denies Trump request to immediately reinstate travel ban https://t.co/LwVm6iKuTK,0
"RT @crubeiz: Why is ""SNL goes after Trump again"" trending?  SNL has been doing political sketches  for the past 40 years and you're just noticing?",0
@patcondell I originally backed Trump as a joke to try and force change in the GOP. Glad I got that and more.,1
RT @moorehn: I said this on KCRW on Friday. There is no regulation preventing banks from lending. If Trumps friends having tr https://t.co/hMYys0tkWD,1
"RT @Bipartisanism: Trump Administration Strips Animal Rights Safeguards, Pets Now At Risk https://t.co/vASh7ad4x7 https://t.co/SB2c2RUqbJ",0
China's secret Trump card: Could Beijing deprive our military of critical defense components? https://t.co/J2qnoltXgo,0
Fascinating take. Agree that it could free up CNN to cover Trump presidency much more effectively. https://t.co/uDdS4Gs8VP,1
@Sparker3x9 I think you mean HE wouldn't concede. He was a sore lose. So much like Trump. @GlzgowlassLaing @michpoligal @Free2sayit,0
"RT @KevinRothrock: ""But Putin is a killer."" ""And have you even seen how big the U.S. national debt is??"" @oldLentach nails Trump's pen https://t.co/Iia2OwYR1F",0
"barbershop convo: 1:i survive Freundel and Chris, wtf Trump could do me? 2:big man youz a idiot? 1:i see wus ppl dan Trump hay evry day hay",0
RT @ScottErnst0331: Her team did not make the #Superbowl and her candidate did not win the election.  #Trump #MAGA #GOP https://t.co/5piNrudFqW,1
"RT @wakeup1442: IMPEACH UNCONSTITUTIONAL ACTIVIST JUDGE, Trump ""travel ban"" totally legal, totally necessary for our country https://t.co/iUcmWMjSh8",0
RT @LouDobbs: Most Left-Wing Appeals Court in Nation Denies Trump Request to Reinstate Travel Ban https://t.co/hHnr6ZsWoF #MAGA #TrumpTrain #AmericaFirst,0
@STLiam22 People Are RSVPing To Trumps Inauguration In a Hilarious Way https://t.co/1tNw6ouKJ5,1
@RightWingAngel @USATODAY Federal judge Vs. Trump travel ban https://t.co/RQpnpbOiTn,0
"RT @IMPL0RABLE: #TheResistance #ImpeachTrump



Texas Rep Joaquin Castro charges forward with talk of impeaching Trump https://t.co/0gRVkwdKeW via @dallasnews",1
"RT @Radiocop: President Trump did not create all this hate with the Libs, he exposed it.

They have always been an angry mob of people.",0
"@CraigRozniecki If Trump doesn't go into cardiac arrest or stroke out in the next four years, maybe he is the healthiest president.",0
RT @wallrad: #trumptrain HERE IT COMES! Trump Just Sent His STRIKE FORCE to Chicago - https://t.co/Yg9lu3Lg6i,0
RT @ditzkoff: If only we'd had some warning during the campaign that Trump wouldn't respect an independent judiciary. https://t.co/dxo0vHK4LC,0
RT @souamesfarah: Gotta be today's best cartoon #Trump #travelban #Democracy #Constitution https://t.co/uQuRfJ1ORb,1
"A Small Business Owner On Trump's Plans For Small Businesses: Copyright 2017 NPR. To see more, visit https://t.co/9oMtutM6ve",1
"RT @SusanClendaniel: What #trump said to OReilly, it bothers me, he sent our troops in w/o full intelligence &amp; not one word of sorrow or https://t.co/beFxfz7sUv",0
"San Diego trends now: Trump, LaDainian Tomlinson, Hall of Fame, Super Bowl, Pro Football Hall of Fame. https://t.co/H1ZzAnADJt",1
RT @TomthunkitsMind: Trump's Tangled Web. https://t.co/tPx8dtdwvy,0
What President Trumps Executive Order on Immigration and Refugees Does and Does Not Do https://t.co/Of68RXI0qp,0
RT @washingtonpost: Opinions: Trumps half-baked travel ban is a picture of American shame https://t.co/y0hqrzBfLS,0
RT @thehill: Appeals court rejects Trump request to restore immigration ban https://t.co/MZcqrosQTU https://t.co/062UgE8ISJ,0
"The Evangelical Response To Trump: Copyright 2017 NPR. To see more, visit https://t.co/EZukFA4iae. https://t.co/glVwvAm7hM",1
"RT @MartheReed1: ""Low energy"" @realDonaldTrump aides explain hotheaded call w Australian PM saying he was fatigued at 5:00pm: wher https://t.co/ywWtQDtNud",0
Appeals court denies immediate reinstatement of Trump travel ban https://t.co/wWTSpAC7Gj,0
Trump travel ban: Mike Pence defends president,0
RT @KeithOlbermann: The Deputy Editorial Page editor of The Wall Street Journal and I agree on the only word that fits @realDonaldTrump https://t.co/F7Z3LA6Om7,1
"RT @MMFlint: Thank you, So-Called President Trump! I've been struggling for 2 weeks over what to call you, and your tweet here g https://t.co/ZLpZLlnHV8",0
"RT @sfpelosi: #SundayMorning: 9th Circuit is following the #RuleofLaw and refusing to automatically reinstate Trump's immoral,  u https://t.co/VxMa6f074l",0
RT @USATODAY: #BREAKING 9th Circuit Court of Appeals denies Trump request to immediately restore travel ban https://t.co/inTvFpSEDM,0
RT @nycjayjay: The 9th Cir declined to immediately reinstate Trump's immigration ban. Bam! It has asked instead for plaintiffs to respond to the appeal.,0
RT @thedailybeast: Melissa McCarthy as Trump's press secretary Sean Spicer is a sight to behold: https://t.co/8NRzLeCcNi https://t.co/qrMx98EIuR,0
RT @kmflett: Trump protest 4th February: one of the great London demonstrations https://t.co/vebGNAI7lD https://t.co/cQMhB9dHGO,0
RT @BBCBreaking: US appeals court rejects Trump administration request to immediately reinstate travel ban https://t.co/nDvCfpmAFK,0
Pre. Trump is using controlled chaos to keep his rivals off balance.  This is not campaign time but governing time. Won't work!,0
"RT @Yair_Rosenberg: Trump keeps bringing out America's greatness, just not in the way he intends https://t.co/6aDtnfqk6x",1
US appeals court denies request to restore Trumps immigration ban https://t.co/DcL7N8ooH8 https://t.co/90u65aLuWv,0
RT @scarylawyerguy: Former COO of Goldman standing over Trump's left shoulder as he signed EO weakening Dodd-Frank is about as big a fu https://t.co/HeETmj0F06,0
"RT @JournalNEO: #Poroshenko Tries to Force #Trumps Hand in #Ukraine...

https://t.co/AN099WEizG https://t.co/8ElS1GFmEL",0
Trump travel ban: Mike Pence defends president https://t.co/lycbbzsYt3,0
RT @Toure: Trump thinks weve got a lot of killers. The homicide rate is near a century low but the Prez still sees us as a nation of killers. Ok.,0
RT @scarylawyerguy: Former COO of Goldman standing over Trump's left shoulder as he signed EO weakening Dodd-Frank is about as big a fu https://t.co/HeETmj0F06,0
"RT @America_1st_: Nigel Farage: ""All President Trump has done is what he promised he would do in the campaign."" https://t.co/XqA2uf51CL",1
RT @AGOWA: Trump Administration's request for immediate administrative stay DENIED. https://t.co/R3tTRPyv3U,0
How Donald Trump Can Save Africa https://t.co/bInDWUH6aV via @wordpressdotcom,1
"RT @BillMoyersHQ: In Step 3 of his #Trump Resistance Plan, @StevenJHarper1 advises us to keep making noise about Trump &amp; Russia https://t.co/X1rv2EjB8F",0
"Trump supporters got played, will pay thru 401k's, foreclosures, predatory lending, higher gas prices, sale of public lands &amp; kids in war. https://t.co/kfvs9s4fgt",0
RT @djrothkopf: Worth observing that Trump has never been as loyal to either his business associates or his wives as he is to Putin https://t.co/d86xPf0fMZ,1
"Manchester trends now: Manchester, Trump, Nolan, Ed Sheeran, Coleen Nolan. https://t.co/w42rltDRqo",0
RT @nrbest: ICE Agent Reports Morale Has Skyrocketed Under Trump https://t.co/jzpGq2sfM8 via @realDennisLynch @realdonaldtrump,1
What do the Mercers--the billionaire family that backed Trump--really want? https://t.co/jBQMhOHO1g,1
Houston expecting anti-Trump protests on Super Bowl Sunday  https://t.co/fjZHapKuMT https://t.co/SkTbV7wbHf,1
"RT @DLin71: OBAMA: America is imperfect

GOP: TREASON



TRUMP: America is like a murderous thug

GOP: Shield your eyes in the presence of this patriot",0
RT @starfirst: Via @NPR: Ethics Lawyers Call Trump's Business Conflicts 'Nakedly Unconstitutional' https://t.co/72wMFq4Iic,0
Tomi Lahren sounds off on Trump backlash on liberal campuses https://t.co/ce5ALUNceJ,0
RT @justinhendrix: Want to get rid of Bannon? Emphasize over and over again that Trump is his puppet. Then let Trump's narcissism do the rest.,0
"RT @RealGeoffBarton: ""The press takes Trump literally but not seriously; his supporters take him seriously but not literally @fotoole: https://t.co/oEzdpQZuBs",0
"RT @TEN_GOP: Nordstrom panders to the Left, drops Ivanka Trump clothing and accessories line. Huge mistake. https://t.co/F51mujeGFI",0
"RT @macdriz6: @SyriaNetwork So What ,,,,Trump sanctioned Iran for being Muslim and for paying for the wall Mexico border ,,Trump extorts",0
De Trump a Vistalegre https://t.co/Ga38IQ8os1 https://t.co/YkWC3OgkxV,0
"RT @flagrantdolphin: ""In Venezuela, we couldn't stop Chavez; don't make the same mistake with Trump"" croaks Washington Post, being RTed EN MASSE by liberals",0
"RT @chrisgeidner: BREAKING: APPEALS COURT DENIES REQUEST FOR IMMEDIATE STAY OF TRO, Trump travel ban will stay on hold for now. https://t.co/PFpAKFxRfP",0
RT @The_Trump_Train: WATCH: Leftist rioters attack Trump supporters. Democratic Party and UC Berkeley staff allowing this to happen. LAW https://t.co/URNG80NPDU,0
"RT @TheMarkRomano: Thanks, George W. Bush:



Your judges have upheld Obamacare and halted President Trump's travel ban.



I wonder how t https://t.co/MrEgVJLiwx",1
"RT @reneeygraham: Ever get the sinking feeling that for every Trump administration lie, theres 5 devastating truths abt their actions well never know?",0
Utah Representative Wants Bears Ears Gone And He Wants Trump To Do It: Republicans want to eliminate one of the https://t.co/UQfMKaVVPc,0
RT @erichmcelroy: @realDonaldTrump Rule #1 of Trump world: If having bad day repeat meaningless slogan.,0
"RT @markmobility: Monthly cost of:

Guarding Trump Tower: $30 million

Section 8 for all 15,856 homeless NYC families: $28 million",0
"Donald Trump, a so-called president",0
RT @justinhendrix: Want to get rid of Bannon? Emphasize over and over again that Trump is his puppet. Then let Trump's narcissism do the rest.,0
"RT @AJemaineClement: Hitler - failed painter

Trump - cancelled tv host

Bannon - failed documentary maker

Conway - failed stand-up



Support the arts and media",0
"RT @greenhousenyt: Great SNL opening last night, showing that Steve Bannon, not Trump, is calling the shots &amp; is the real president. https://t.co/5yKN3z6KsW",1
RT @PoliticalHedge: President Donald Trump could withhold nearly $27 billion from sanctuary cities https://t.co/OdsaDPHwTQ,1
"RT @AlecMacGillis: Less than a year after @snowden declared election a choice btwn Trump &amp; Goldman, here's Trump undoing financial reg https://t.co/KMmrDAxELv",1
"RT @AlfGarnettTil: It's not so much a march against Trump now.

More like a weekly mental illness convention. https://t.co/EpHf642p3V",1
Kirsten Gillibrand and the Anti-Trump Left: 2020 Foresight? https://t.co/5ubmnsibHS,0
Trump's deregulation nation; Silicon Valley tackles immigration ban; Macy's buzz https://t.co/r2H7hUZq3b,0
"RT @jlsinc: You could genuinely change ""Trump"" to ""Brexiteer"" in every single instance here. https://t.co/nHevNPcph9",1
"RT @1alexcam: THIS DESERVES ENDLESS RTs:

#MelissaMcCarthy as #SeanSpicer on #saturdaynightlive is EPIC?

https://t.co/nYVrATZ3i9

#SNL #Trump #DonaldTrump",1
"RT @AlfGarnettTil: It's not so much a march against Trump now.

More like a weekly mental illness convention. https://t.co/EpHf642p3V",1
RT @TheDemCoalition: The anti-Trump boycott of retailers won't back down here's how it could affect sales https://t.co/ZjI2xvSDU5 via @leannagarfield #Resist,0
"Love me some SNL!

'S.N.L. Goes After Trump Again, With Melissa McCarthy as Sean Spicer, via @nytimes https://t.co/J9DlZMyfxR",1
"@bbchw If green is the colour of success, what does that say about Donald Trump? #chlorophyllrules",1
RT @ActualEPAFacts: Trust Records Show Trump Is Still Closely Tied to His Empire https://t.co/pHQR8aGR3h,1
"RT @TheMarkRomano: See how the courts work...



When Obama issues a travel ban, it is perfectly fine.



When Trump does the exact same thing, it is illegal.",0
Iran Carries Out New Missile Tests After Trump Imposes Sanctions https://t.co/4nco9yYBKv,0
"RT @AJemaineClement: Hitler - failed painter

Trump - cancelled tv host

Bannon - failed documentary maker

Conway - failed stand-up



Support the arts and media",0
"CIA says Russians have ""more than 1 tape"" ""audio and video"" on ""more than 1 date"", in ""more than 1 place"" of Trump. https://t.co/oxFlYFLcdn https://t.co/7PvJT5LBuq",0
"Trump: I love war.



Intercept Bros: Trump is a non-interventionist, HRC is a war hawk.",1
"RT @ChristiChat: Best vote I ever cast!

<U+2764> Trump



WATCH what @POTUS did in week two of his presidency to #MAGA

#AmericaFirst



https://t.co/4bzM3s8Tej",1
"RT @ddale8: Obscure websites published a fake story that Kuwait was copying Trump's ban. The president Facebooked it, got 67,00 https://t.co/JXXgrVQAOL",0
RT @UjamiiSingh: Appeals Court that denied DOJ's appeal on Trump's EO was 2/3 liberal who are now acting as activists instead of jud https://t.co/tYJX96IVlJ,0
"Early Signs Suggest Trumps Actions Are Taking a Toll on Trump Brand https://t.co/a14rjBH4ru

JUNK CLOTHING BOYCOTT",0
Travel ban: US temporarily suspends order as #Trump derides judge https://t.co/sJXUb0geoI,0
RT @artoopio: KRISTEN MOCKED DONALD TRUMP AND CAME OUT AS GAY IN SNL MONOLOGUE WHEN WILL YOUR FAVE https://t.co/1lj07smIld,0
RT @MikeMtk63: How #Trump Filled The #Swamp https://t.co/26H6bJPO8L via @YouTube @corbettreport https://t.co/9HpVF3QJF1,0
RT @StephensWSJ: Trump puts US on moral par with Putin's Russia. Never in history has a President slandered his country like this.  https://t.co/LrP8ycG1Y9,1
RT @ranman09: #NotMyPresident Trump is one of the most disliked political leaders in the entire world. Thousands March In London: https://t.co/5tgXx6Zl9K,0
RT @holgi: Drunk Donald Trump https://t.co/PSS2U7Kmgp,0
RT @DabAggin: Shoutout to all the Trump fans who are never sure when it's *you're* vs. *your* but who are now suddenly constitutional law scholars.,1
RT @haaretzcom: The 'so-called judge' who stymied Trump's ban: Tough conservative who fostered 6 at-risk kids https://t.co/CALh8pf85e,0
"RT @funder: .Exhibit 5:Gorbachev asks Trump to build Russian hotel '87



#DworkinReport #resistance #TrumpRussia #resist https://t.co/my1lRqFp6d",0
"The #Day that Trump took #Office was a Day of #Magic. It magically once again-according 2 the Rightwing, un-#American to oppose a #President https://t.co/vPvnx5dgI8",0
"RT @TeaPainUSA: Killers?  Trump has now attacked the integrity of America to defend Vladimir Putin. Brothers and sisters, this aggression will not stand!",0
"RT @gidget2114: @Lrihendry @NFL But for fans there, yell, ""Trump, Trump, Trump!!!"" The NFL deserves that.",1
"RT @ddale8: Obscure websites published a fake story that Kuwait was copying Trump's ban. The president Facebooked it, got 67,00 https://t.co/JXXgrVQAOL",0
@POTUS @realDonaldTrump Wait no longer. We know who the antichrist is: Donald Trump. America is bad and Trump has come to make you pay.,0
RT @nycjayjay: The 9th Cir declined to immediately reinstate Trump's immigration ban. Bam! It has asked instead for plaintiffs to respond to the appeal.,0
"<U+2600><U+FE0F>

#RAPLOUNGE on #Afternooncruise w/@en_gabriel



#WRAPUP: 'Eminem call Donald Trump a B****'

#Thepowerfrequency #Loud

??",0
RT @ErickFernandez: I look forward to the Donald Trump tweet about this. #SNL https://t.co/xIMuxKMrxV,1
Utah Representative Wants Bears Ears Gone And He Wants Trump To Do It: Republicans want to eliminate one of the https://t.co/mPQadRWy5e,0
RT @tribelaw: 2/ business with Trump but sent the 9/11 terrorists here,0
Court denies Trump request to immediately restore travel ban via @CTVNews https://t.co/L9D5t2PrET,0
"RT @AlfGarnettTil: It's not so much a march against Trump now.

More like a weekly mental illness convention. https://t.co/EpHf642p3V",1
RT @Derigitable: MILO on Judge Jeanine: Donald Trump Should Withdraw Funding from Berkeley - Breitbart https://t.co/9zwNfuG7vB,0
"@FoxNews No ban? No wall? No Trump? OK. Then, no crying for justice when a terrorist blows up or cuts your brain-dead head off, you morons!",0
"RT @hrkbenowen: Obama banned Iraqi's from coming to the US in 2011 for 6 months and judges stayed quiet. But with Trump, it's a who https://t.co/SpIkspWJhF",0
"RT @mindyfinn: What line in the sand must Trump cross for freedom-loving conservatives to confront his authoritarianism? Silence, the quiet enabler, kills.",0
RT @AP: BREAKING: Appeals court denies Trump administration request to immediately reinstate ban on travelers and refugees.,0
RT @thehill: Trump's face found on 5K packs of Heroin during drug bust https://t.co/HyK3anm7pc https://t.co/YEYCnsG7Jr,0
RT @LatinSatin: White House reveals Trump was not in the Situation Room during his first military raid https://t.co/2WiGe1aSnN via @shareblue,1
RT @kurteichenwald: News! Clinton used half-hearted review of sloppy Intel that led to Benghazi deaths. Wait...that was trump and SEAL deaths. So no hearings.,0
RT @Brinkbaeumer: This week's editorial. #Trump: A Dangerous President https://t.co/qQrWnOFVmk @SPIEGELONLINE @DerSPIEGEL @SPIEGEL_English,0
"RT @MichaelSkolnik: Trump is rattled.

Bannon is shut down.

Spicer can't make up his mind.

Conway is making up fake massacres.



The resistance is working!",0
"RT @Kasparov63: Disgusting. There is nothing Trump won't do to praise Putin, comparing the US to a dictator of 17 years who murders https://t.co/pCBJolVqPz",0
"RT @AltStateDpt: If Melania Trump stays at Trump Tower through a 4yr term, it will cost taxpayers approx. $1.4B. Is this what populist Trump voters wanted?",0
RT @Langfire: @nntaleb That's why the whole 'chaos' narrative fails. Trump thrives in that environment relative to the weak left that craves certainty.,0
"RT @Impeach_D_Trump: RT if you think Trump should be impeached.



LIKE if you think Trump should be impeached.",1
RT @mitchellvii: It looks as if Trump's Presidency is wearing on ole Jake Tapper... https://t.co/SoIDkbRZ0z,0
"RT @luisbotello41: my dad's friend owns a restaurant and he got this today in one of the receipts.

This is Trump's America, disgustin https://t.co/Mi2wRgVuMh",1
"RT @Yair_Rosenberg: Trump keeps bringing out America's greatness, just not in the way he intends https://t.co/6aDtnfqk6x",1
"RT @DLin71: OBAMA: America is imperfect

GOP: TREASON



TRUMP: America is like a murderous thug

GOP: Shield your eyes in the presence of this patriot",0
RT @nytimes: New documents on Trump's trust show just how little distance he has put between himself and his businesses https://t.co/HuxF2aScw4,1
RT @Impeach_D_Trump: Please Follow us on FACEBOOK for all the latest on our Illegitimate President Trump -  https://t.co/sjFtlwYstt,1
RT @KingBach: When you find out your friend voted Trump... #NotMyPresident #PresidentTrump https://t.co/OWO2tLw4qp,1
RT @openculture: Trump is targeting up to 8 million people for deportation. Headline in the LA Times. Get ready for a big fight. https://t.co/SKFTkjbliC,1
RT @guardian: Donald Trump repeats his respect for 'killer' Putin: 'Do you think our country's so innocent?' https://t.co/NXcoPF3daM,1
RT @EricBoehlert: $.5B so Melania never has to move in w/ Trump.....that cover salaries of 10k+ school teachers,0
Utah Representative Wants Bears Ears Gone And He Wants Trump To Do It https://t.co/Fu89ODFq5G,0
RT @Jeni_Rachelle: Twitter Censoring Trump Supporters by @mikekeen https://t.co/0zMvSmLss8,0
'The federal appeals court in San Francisco denied Trump's effort to immediately reinstate the ban early Sunday.' https://t.co/exu2DKWiOw,0
US appeals court denies request to restore Trumps immigration ban https://t.co/RaxV0MCHIe https://t.co/os0V2Cm9sU,0
RT @palinfoen: Trump Will Ignite a Powder Keg in the Middle East Via PIC @PalinfoEn https://t.co/WwnKPgRTCT,0
RT @FoxNews: Experts: Social media giants fight Trumps anti-terror plan while providing platform for terrorists https://t.co/skMzy0FcC9,1
"President Trump in an interview to air Sunday said he respects Vladimir Putin, and when challenged that the Russian president is ""a killer""",0
"RT @Dory: Ellen DeGeneres' response to Donald Trump screening ""Finding Dory"" at The White House is everything: https://t.co/8YA9FsLRBc",1
RT @iainandjane: Feels like every Tweet about Trump needs a so far on the end of it. https://t.co/qtS2tZzVlL,1
Travel Ban Keeps Scientists Out of the Lab: The scientific community has been roiled by the Trump travel ban. Like https://t.co/XlIIQeFfHs,1
RT @Impeach_D_Trump: American's Have a New Way to Salute Donald Trump https://t.co/mCnI5KY48x,1
RT @domdyer70: Trump is a compulsive liar but it's his compulsive believers we should be worried about says Nick Cohen  https://t.co/rdIH4kM8R6,0
RT @Impeach_D_Trump: Trump at Mar-a-Lago For The Weekend! It's a Good Time to Call 561-832-2600 &amp; ask to speak to the POTUS - More Numbe https://t.co/Z059lGLe4D,1
"HEY CHUCK, WE WON! CRYBABY SCHUMER Leads Chant Dump Trump! During NYC Protest https://t.co/qkQN35CGpD ? see here ?? RT ? https://t.co/Dbs5CRX4z9",1
"RT @Impeach_D_Trump: Mr. Trump, I thought we Were ""Going to be Sick Of Winning"".  You lost the popular vote and now lost to the court TW https://t.co/OzsYT8BQVw",0
"RT @naretevduorp: Any Trump supporter that still backs him after he equates our great nation to a tyrannical, murderous nation like R https://t.co/6WNyXHl4UX",0
RT @LindaSchoenberg: @zachbraff @JayWoodVegas Trump has really made America Hate Again.,0
"RT @kylegriffin1: Trump: I've had a long day. I'm tired &amp; cranky &amp; feel like I could just freak out on somebody.

Bannon: Then maybe y https://t.co/PmyAK2Xn7E",0
Trump asylum policy could upend US-Mexico relations - CNN https://t.co/YXORkNqAKR,0
"RT @TomthunkitsMind: Trump supporters got played, will pay thru 401k's, foreclosures, predatory lending, higher gas prices, sale of publ https://t.co/vGq56fYboV",0
Here are all the companies that have cut ties with the Trump family https://t.co/voEHjozQXa https://t.co/UI1BAD8LL7,0
Travellers rush to board U.S. flights while Trump ban blocked https://t.co/d4oOy2PSuK https://t.co/zTQH8at2TE,0
"RT @Conservatexian: News post: ""Dude, really? Stephen King thinks Anthony Weiner is bright but troubled; uses him to trash Trump"" https://t.co/iYKMoP5ykS",0
"RT @RawStory: 'Australia sucks, prepare to go to war': Alec Baldwin returns to SNL as Trump botching world leader calls https://t.co/fkvOIVuwIi",0
RT @HouseCracka: So sad to see the Trump Presidency being decorated by Neo Con warmongers. Elliot Abrams? Are you kidding? @realDonaldTrump @POTUS,0
RT @starfirst: Trumps Nightmare: Women Opposing Him https://t.co/qPlyFUvdqP via @thecut,0
RT @Fusion: These bookstores figured out the best way to troll Trump and it's ?: https://t.co/4wIVRbaaRP https://t.co/rTbNF4E3Mn,0
"RT @BillMoyersHQ: #Trumps immigration ban shows why the courts are essential, says @BrennanCenter counsel Kate Berry https://t.co/ZaNXmbx0P4",0
RT @elly_ify: IPOB -TRUMP SOLIDARITY RALLY: MAGISTRATE DENIES BIAFRA DETAINEES BAIL TO AVOID PUBLIC CELEBRATION https://t.co/BECUsUp2PV,1
RT @AGOWA: Trump Administration's request for immediate administrative stay DENIED. https://t.co/R3tTRPyv3U,0
RT @YosemiteUprisin: Appeals court denies Trump request to immediately restore travel ban https://t.co/qHN1GUvOYa via @usatoday,0
Utah Representative Wants Bears Ears Gone And He Wants Trump To Do It: Republicans want to eliminate one of the https://t.co/dvWk6bVPVc,0
"HEY CHUCK, WE WON! CRYBABY SCHUMER Leads Chant Dump Trump! During NYC Protest https://t.co/6iimOfGLp3 https://t.co/PaiEqO2H5K",0
"RT @HuffingtonPost: Veterans vs. Trump: Pipeline will never be completed, warriors vow https://t.co/xhKOUxRmwt https://t.co/y2YZt6dRDK",1
Trump's POTUS Twitter account has an image from Obama's inauguration in 2009 https://t.co/I5IbdywDKD #Finance #Startups #POS #Trump,1
"New Trump Executive Order Bars ""Selling"" This Flashlight! Check HOW why its Now FREE - https://t.co/keJsPjS7TT https://t.co/11HEeQ52Hp",1
Trump loses again: Appeals court shoots down DOJ request to restore travel ban https://t.co/6tjq6sgQaH via @HuffPostPol,0
#News Super Bowl: Trump protesters and Lady Gaga prepare for Houston spectacle https://t.co/81Njv0FJPc,1
RT @deanbarker: Good morning. Today is the 17th day Mr. Trump violates the Constitution's Emoluments clause &amp; the 17th day Paul Rya https://t.co/O50Ix6fd4D,0
Travellers rush to board U.S. flights while Trump ban blocked https://t.co/B80Mq0IAoE https://t.co/7GjB90OCas,0
"RT @MisterMetokur: ""Ban Trump Jack""

*Jack does

Trump: ""I'm nationalizing twitter and I'm banning Jack by using the NDAA to send him to a black site.""

#DoItJack",0
@TheOnion Donald Trump has just discovered that Twitter works like a shock collar.,0
"RT @mikandynothem: <U+2714> RETWEET<U+2714> if you are happy with President Trump and his Administration's performance so far!

Kicking butt and tak https://t.co/nCUmiIDAqu",1
RT @AP: A federal appeals court has refused to immediately reinstate Trump's travel ban on people from seven countries. https://t.co/wE89YDavhE,0
"@NewYorker But after 8 years of Obama's awful presidency, we aren't in normal times. That's just one if the reasons Trump won.",0
BI-PARTISANLETTERTO PRESIDENT #TRUMP ON #IRANIAN REGIME'S THREATS #FreeIran #No2Rouhani https://t.co/YxU3yhT7rg,0
"RT @NPR: BREAKING: Appeals court denies Trump admin. request for stay of injunction on immigration order, meaning the Trump order remains suspended.",0
RT @Sarcasticsapien: Mocking Donald Trump is weird 'cause I feel like I'm standing up to a bully but at the same time picking on someone mentally handicapped.,0
"RT @ddale8: Obscure websites published a fake story that Kuwait was copying Trump's ban. The president Facebooked it, got 67,00 https://t.co/JXXgrVQAOL",0
Washington  Appeals Court Refuses To Immediately Restore Trump Travel Ban https://t.co/XpIkrCEmbV via @Vos Iz Neias,0
Donald Trump's proposed war on the euro could destroy the EU. That might be... https://t.co/awJZZjmgNn by #sikorskiradek via @c0nvey,0
RT @CNNPolitics: An avalanche of phone calls is thundering across Capitol Hill as the Senate considers Donald Trump's nominations https://t.co/N7gtyLaNOe,0
"RT @radiobiafralive: BIAFRA: BIAFRA LAND WAS UNDER SIEGE DURING DONALD TRUMP SOLIDARITY RALLY, 11 KILLED BY BUHARI'S ARMY AND POLICE https://t.co/D7XYqVXkcO",0
RT @washingtonpost: Meet the Bush-appointed federal judge who halted Trump's executive order https://t.co/cGqiK2Ii4p,0
"RT @kathrynkopasz: @cenkuygur ""How's Trump working out for you?"" is what ALL Hillarists say. That's how the TRUE progressives know you're a sellout  @panegron",1
Federal court denies Trump administration request to restore travel ban  https://t.co/ITrnInPWqk,0
"RT @MoneypennyNaked: A new poll shows that 62% of Americans disapprove of Trump, 38% approve &amp; 107% would like a space ship so they can start a new life on Mars.",1
"RT @rafshmatko: #January 20, 2017 -  New America With President Trump #MAGA #TRUMP #DonaldTrump https://t.co/tbdnA3VTol",0
'THE O'REILLY FACTOR' Trump voices hope Russia will help fight against ISIS https://t.co/ttwdxESot5,0
RT @justinhendrix: Want to get rid of Bannon? Emphasize over and over again that Trump is his puppet. Then let Trump's narcissism do the rest.,0
Another angle. Bristol rocks. RACISM WON'T TRUMP OUR UNITY https://t.co/q6PSr3w5qB #trump #bristol #unity #RefugeesWelcome,0
Constitutional crisis? What happens if Trump decides to ignore a judge's ruling. https://t.co/AIVWewK1JG https://t.co/TWDdQc4Ko8,0
RT @donnabrazile: Sunday reading: This Is How Steve Bannon (Trump's ideologist) Sees The Entire World https://t.co/bwXj3B2ZRP via @jlfeder,1
"RT @markmobility: Monthly cost of:

Guarding Trump Tower: $30 million

Section 8 for all 15,856 homeless NYC families: $28 million",0
Eminem attacks Donald Trump in his latest release https://t.co/3e11U9jVGR https://t.co/K078kDr9ZH,0
"Researchers lend their labs in wake of Trump ban, and malaria mosquitoes fight back: CBC's health newsletter https://t.co/zalSF0UTId",0
RT @yashar: In honor of Kristen Stewart hosting SNL - here are the 8 tweets President Trump posted about her in the past. https://t.co/0m24xxhGSg,1
Great!?? BREAKING: Trumps New Education Secretary Is Completely AGAINST Common Core https://t.co/39BQCDJ67P,1
"RT @markmobility: Monthly cost of:

Guarding Trump Tower: $30 million

Section 8 for all 15,856 homeless NYC families: $28 million",0
RT @theonlyadult: It's Trump's America Va. America. Pick a side. https://t.co/RKl63B8EId,0
"RT @Breaking_Hammer: I'm no longer shocked by what Trump and the GOP does.  Shock is an emotion.  Resistance is an act.



#TheResistance https://t.co/NV7Y1BvO6J",0
RT @CarmineZozzora: Donald Trump gets evicerated and sued for protecting us while Obama basks in a glorious legacy illusion when he sho https://t.co/ZPkIl2nN57,1
I bet you money this is Kanye and Trump https://t.co/2dKPu1hu31 #fashion #sleekmakeup #perfectsmile,1
RT @TheDemocrats: We're not going to let Trump get away with this: https://t.co/6orNymvpIv https://t.co/3DSAhWr2b0,0
@ezlusztig I am not chill for anyone.I tired of being to told to shut up .That all it is shut up .What happen when Trump Regime comes for me,0
"RT @NPR: BREAKING: Appeals court denies Trump admin. request for stay of injunction on immigration order, meaning the Trump order remains suspended.",0
RT @TalentAlwaysWin: @TheBeat_Boss good riddance but le boss Trump will https://t.co/J4GZuCt497,1
Via @RawStory: Travellers rush to board U.S. flights while Trump ban blocked https://t.co/5rjoFtrRA7 | #p2 #tcot https://t.co/dKxqtU7IFC,0
RT @aljwhite: Look forward to Trump having a shitfit over Kristen Stewart in a few hours https://t.co/PYy8tsM14y,1
RT @Rational_Times: 12-Year-Old Boy Wearing Trump Hat Is SUSPENDED After Being Beaten Up https://t.co/BlwUh2y0gO https://t.co/L8taA8Pdv3,0
RT @NewssTrump: HERE IT COMES! Trump Just Sent His STRIKE FORCE to Chicago https://t.co/lQkdXna7Me https://t.co/GlpWyf8Pqd,0
"RT @VoteTrumpPics: Trump Twitter Rally?



RT? and show your support for DJT this Sunday, Feb 5th during Super Bowl Half Time Show at https://t.co/okPb11YbQw",1
Malcolm Turnbull says Trump phone call worked in Australia's favour - https://t.co/QO9jp4V1f0 - #USPolitics #trump #clinton,1
RT @Salon: The Donald Trump White House is set to destroy decades of U.S. foreign policy https://t.co/ysAugqrDsB https://t.co/qU4g78ubvp,0
"RT @MooiachiRios: GO Trump Train!

Woot! ?? Woot! https://t.co/blcXbDnRN0",0
RT @AGOWA: Trump Administration's request for immediate administrative stay DENIED. https://t.co/R3tTRPyv3U,0
RT @France4Hillary: BREAKING: A federal appeals court early Sunday rejected a request by the Justice Department to restore Trumps #MuslimBan! Another defeat!,0
RT @Heritage: Trumps Executive Orders on Financial Regulation Are a Great First Step https://t.co/VrNDsNNDGo https://t.co/ItOlwyuc1C,1
"RT @NPR: BREAKING: Appeals court denies Trump admin. request for stay of injunction on immigration order, meaning the Trump order remains suspended.",0
"RT @MightyBusterBro: George Clooney:

""TRUMP NO - IMMIGRANTS YES""

Clooney's BS Destroyed



#RefugeesNotWelcome #MAGA

#MuslimBan #2A #NRA

https://t.co/c3J7AdItDf",0
Appeals court denies Trump request to immediately reinstate travel ban - Fox News - just ban everyone for 120 days https://t.co/DejBt2BDVi,0
"RT @NPR: BREAKING: Appeals court denies Trump admin. request for stay of injunction on immigration order, meaning the Trump order remains suspended.",0
RT @JoshRosen1: Trump tried to reinstate the travel ban and was denied and all I can picture is him at Toys R Us as a child throwing the craziest tantrum.,0
"@CNNPolitics Trump not keeping his promises. He is not surrounding himself w/the best people, &amp; Mexico will not pay for the cockamamie wall.",1
RT @Honey17011: Early Signs Suggest Trumps Actions Are Taking a Toll on Trump Brand - https://t.co/8viIdRehqb #DemForce  https://t.co/gvMFSls90h,0
"RT @chicagotribune: Donald Trump Jr. stumbled making his mark outside the Trump Organization, leaving behind lawsuits, unpaid taxes. https://t.co/cT2XACimcZ",0
"RT @MZSRKPYZ: If Eminem says Trump is a bitch then Trump is a bitch

#nofavors #eminem #bigsean #idecided",0
RT @riotwomennn: Kristen Stewart humiliated Trump last night on Saturday Night Live. So @realDonaldTrump  Robert Pattinson?  #SNL  https://t.co/6XOLmogRfg,0
"@mrnburnham @phil_lewis_ @mattdpearce Trump is from here, and a while ago, the Jackie Robinson statue got hate Graffiti on it.",0
RT @CNN: A federal appeals court denied the US government's initial request to resume President Donald Trump's travel ban. https://t.co/4MDk9yuold,0
"RT @intheknow1798: Former Visa Officer  Trump Must Correct Obamas Dont Bother Checking Vetting System

https://t.co/ctycbyGjsL  https://t.co/UQqZj9Cpsf",0
@GStephanopoulos @VP - just wow!looking like we are going off the rails on a crazy train. #Trump speaking his mind should be #banned. https://t.co/3ZLNx3vRdi,0
RT @MrGee54: Trump did what????? Thats crazy. Be blessed https://t.co/DS8XNUzeD4,1
"RT @TheMarkRomano: Thanks, George W. Bush:



Your judges have upheld Obamacare and halted President Trump's travel ban.



I wonder how t https://t.co/MrEgVJLiwx",1
'THE O'REILLY FACTOR' Trump voices hope Russia will help fight against ISIS https://t.co/5Uz218gbRb,0
RT @WhitfordBradley: Beyoncé has more people of color in her tummy than Trump has in his cabinet.,0
RT @TheCartoonLoon: Just when you think trump was unstoppable. Oh wait. No i never thought that. https://t.co/W5ALRXi9pF,0
RT @FoxNews: Trump voices hope Russia can help in fight against ISIS  https://t.co/0W55YNRMLz https://t.co/L3EZj65ZxR,0
RT @riotwomennn: 7 federal judges have agreed that Trumps Muslim ban is illegal just like @SallyQYates told Trump. https://t.co/KPf6LfvTzD,0
RT @PaulClark2005: TRUMP AND MAY ARE BEING SABOTAGED BY ENEMIES WITHIN THEIR RESPECTIVE GOVERNMENTS THAY NEED TO ACT QUICKLY &amp; FIRE THE TREACHEROUS DESSINTERS,0
"RT @MMFlint: Thank you, So-Called President Trump! I've been struggling for 2 weeks over what to call you, and your tweet here g https://t.co/ZLpZLlnHV8",0
RT @Impeach_D_Trump: @CNN Wonder if Trump will be Tweeting to boycott Bud?,0
"With Trumps help, British bananas will bend again  https://t.co/mTphtct75m",0
RT @VICE: Psychologists explain why people keep having Trump nightmares: https://t.co/CWLX6Ggxx6 https://t.co/5VOFdW7Jxy,0
"RT @wikileaks: Trump on US government last night: O'Reilly: ""Putin's a killer"" Trump: ""There are a lot of killers. You think our country is so innocent?""",0
"RT @mikandynothem: <U+2714> RETWEET<U+2714> if you are happy with President Trump and his Administration's performance so far!

Kicking butt and tak https://t.co/nCUmiIDAqu",1
@SebGorka @JudgeJeanine @WhiteHouse @realDonaldTrump @FoxNews URA gr8 spokesman 4 Trump! Stick 2UR guns Gorka! I am gr8 fan of URs! GodBless,0
"RT @VoteTrumpPics: Trump Twitter Rally?



RT? and show your support for DJT this Sunday, Feb 5th during Super Bowl Half Time Show at https://t.co/okPb11YbQw",1
'THE O'REILLY FACTOR' Trump voices hope Russia will help fight against ISIS https://t.co/ANOBkoYWCg,0
"RT @546373Y: When #Trump defends #Putin killing journalists and dissidents, he threatens America. #TrumpRussia #TrumPutin https://t.co/3NvLNdOVxj",0
"RT @AJemaineClement: Hitler - failed painter

Trump - cancelled tv host

Bannon - failed documentary maker

Conway - failed stand-up



Support the arts and media",0
"RT @kathleenirish38: Assistant AG On Social Media, Violates State Ethics Laws By Posting Fuck Donald Trump Stuff On Twitter https://t.co/5cGdLywPza via @",0
RT @TheDailyShow: Donald Trump fought with Australias PM because he was tired. https://t.co/pDzCblilPJ https://t.co/hy6TStfT3x,0
A Trump policy that finally makes sense and four other things to look for in economics this week https://t.co/r9YDzF71bz,1
RT @AGOWA: Trump Administration's request for immediate administrative stay DENIED. https://t.co/R3tTRPyv3U,0
RT @artoopio: KRISTEN MOCKED DONALD TRUMP AND CAME OUT AS GAY IN SNL MONOLOGUE WHEN WILL YOUR FAVE https://t.co/1lj07smIld,0
"I'm at a huge swap meet with my dad, this is largely Trump's America; it's pretty interesting, you see so many working poor.",1
@The_Trump_Train scotus judges are one of the most important thing Trump will do,0
Dishonest Disgusting Man! Eichenwald: Can Trump Tell the Difference Between Truth and His Lies? - Newsweek  https://t.co/19lRspn2ph,0
"RT @DLin71: OBAMA: America is imperfect

GOP: TREASON



TRUMP: America is like a murderous thug

GOP: Shield your eyes in the presence of this patriot",0
Chelsea Clinton is ramping up an increasingly public Twitter crusade against Trump https://t.co/BwXaRm1yBB,0
Zagone Grim Reaper Mask and Skeleton Gloves on Saturday Night Live! #evil #snl #trump #zagone https://t.co/xaNiz7PMKB,0
Travellers rush to board U.S. flights while Trump ban blocked https://t.co/panQePNWvF https://t.co/rGUpQWIuwV,0
"RT @ABC: Melissa McCarthy skewers Sean Spicer, Alec Baldwin reprises Trump role, Bannon portrayed as Grim Reaper on ""SNL"" https://t.co/3wlkqE4b8W",0
"RT @TeaPainUSA: Thanks to Trump, we're learnin' about how the Constitution provides checks for the unbalanced.",1
RT @theharryshearer: @neeratanden I'm not equating the two individuals.   I'm saying Trump's comment to O'Reilly doesn't deserve the outrage it's getting.,0
"RT @BraddJaffy: Trump Sat: It's a ban

Spicer Sun: It's a ban

Conway Sun: It's a ban

Trump Mon: It's a ban

Spicer Mon: It's a ban

Sp https://t.co/9mqovHnkZY",0
"RT @RoguePOTUSStaff: #resist and #persist



How protesters plan to get under Trumps skin wherever he goes https://t.co/05y7Yh5QP7",0
RT @UjamiiSingh: Appeals Court that denied DOJ's appeal on Trump's EO was 2/3 liberal who are now acting as activists instead of jud https://t.co/tYJX96IVlJ,0
RT @AGOWA: Trump Administration's request for immediate administrative stay DENIED. https://t.co/R3tTRPyv3U,0
"RT @SteveKoehler22: A vandal spray-painted  ""TRUMP  RULES""

right on the White House



How awkward when security cameras

revealed it was Trump himself who did it",1
RT @KateManning10: A national strike on Feb17 has been called to stop Trump  https://t.co/GVlfDGl1yR #NationalStrike #February17 #Resist,0
RT @IngrahamAngle: Everything Trump does will be challenged in fed courts. Better get #Gorsuch confirmed fast. https://t.co/zqsGxZEkrQ,1
RT @SADGllRL: THE BRITISH PARLIAMENT ROASTING DONALD TRUMP IS MY FAVORITE THING. https://t.co/4jF9Z6niXF,1
RT @AnnaLizaKozma: Well said on Prez Trump's silence about Quebec Mosque murders  @SameerZuberi  We Canadians will scratch our heads t https://t.co/yl4LWXr2Yu,1
"RT @snrnp: @JoyAnnReid the good thing is that for eternity, whenever Republicans accuse Dems of anything, ""yeah but Trump"" will be a valid excuse",0
RT @people: 'You can't even walk down stairs!' SNL rips into Trump and his relationship with Steve Bannon: https://t.co/nbFAUSuCcR,0
RT @AP: BREAKING: Appeals court denies Trump administration request to immediately reinstate ban on travelers and refugees.,0
RT @AP: BREAKING: Appeals court denies Trump administration request to immediately reinstate ban on travelers and refugees.,0
"RT @nytimes: S.N.L. Goes After Trump Again, With Melissa McCarthy as Sean Spicer https://t.co/VOLvsHIWgn",0
"@jaketapper this ""so-called"" President needs to take up residence at the Kremlin! They really love Trump there.",1
RT @Rik_FIair: Chicago gang members respect Donald Trump?!  LMFAOO FOH https://t.co/2n8AvUDI6P,0
RT @ModernMsp: Elon Musk says he put travel ban on Trump's council meeting agenda https://t.co/LBiiS5QHrN by @etherington https://t.co/2qjTMQMEhE,0
RT @ajc: Trump defends Putin in Super Bowl interview: 'You think our country's so innocent?' https://t.co/02OXaGY8FV https://t.co/4Xe0DLK5cK,1
BREAKING: President Trump Just Signed An Executive Order That Prevents Illegals From Using Welfare. Do You... https://t.co/A0RnYN1nPF,0
Trump has taken the fun out of Twitter.,1
"RT @jonlovett: When judiciary rules against Trump, Trump will undermine judge, lie about ruling, and stoke darkest fears. This won https://t.co/haSnwCpSEI",0
"#Trump repeats respect for 'killer' #Putin: 'Do you think our country's so innocent?'

Even on murdering journos...

https://t.co/4smrMBVbMM",0
RT @AGOWA: Trump Administration's request for immediate administrative stay DENIED. https://t.co/R3tTRPyv3U,0
@mattzap @washingtonpost Federal judge Vs. Trump travel ban https://t.co/RQpnpbOiTn,0
RT @rupasubramanya: Means nothing @calamur !Trump was an insurgent candidate. Even his own party opposed him! Non-sequitur &amp; premature.Higher courts will decide,0
RT @deanbarker: Good morning. Today is the 17th day Mr. Trump violates the Constitution's Emoluments clause &amp; the 17th day Paul Rya https://t.co/O50Ix6fd4D,0
RT @dcexaminer: Anti-Trump judge gave free legal help to refugees https://t.co/6Zy5MaGXW2 https://t.co/EOHI4cC533,1
"RT @Bernies4_Trump: #NapaValley

#Hollywood

#PizzaGate

I hate Pedo's.

I hate it even worse when authorities cover up this shit!

? https://t.co/MYpDWp32ZP",0
@IamFourdahill @RadioFreeTom Didn't think he would. Figured it out in a general way by reading more of his tweets re: Trump on O'Reilly.,1
"RT @mikandynothem: <U+2714> RETWEET<U+2714> if you are happy with President Trump and his Administration's performance so far!

Kicking butt and tak https://t.co/nCUmiIDAqu",1
RT @xor: Critics charge that Trump is looting the country to enrich his friends. Trump counters that he's looting the countr https://t.co/wO5B8OEIg7,0
RT @boosplodge: @classicsdriven is that Donald Trump in the yellow TR7? Seems entirely appropriate on many levels. #spoilingmyhobby,1
The Latest: Travelers under Trump ban head to US via Beirut: Lebanon's National News Agency says airlines operating https://t.co/biKhHIcm1o,0
"RT @ScottPresler: We voted for #ExtremeVetting and President Trump is keeping his promise. If people are deemed a threat, they need vetting.



Over 100,000",0
RT @CarolineWalkerB: BREAKING : BuzzFeed Being Sued Over Trump Russia FAKE NEWS Story https://t.co/4I4Yv2bDjh https://t.co/rgeY1nJdbq,0
Ivanka and husband veto Trumps anti-LGBT executive orders https://t.co/3RjN8ZkRFJ,0
RT @thehill: BREAKING: Appeals court rejects Trump administrations request to restore travel ban https://t.co/Psu7TqudOl https://t.co/LmDCwS896q,0
"RT @MohamedGhilan: Dear Muslims,



If you think nothing good can come out of the insanity that is Trump, here's a spiritual lesson from https://t.co/4KWsriYmmn",1
"BREAKING : BuzzFeed Being Sued Over ""Trump Russia"" FAKE NEWS Story https://t.co/DKdvC6Pkks",0
RT @yashar: In honor of Kristen Stewart hosting SNL - here are the 8 tweets President Trump posted about her in the past. https://t.co/0m24xxhGSg,1
RT @AGOWA: Trump Administration's request for immediate administrative stay DENIED. https://t.co/R3tTRPyv3U,0
RT @DavidLimbaugh: The left is saying Tom Brady is evil and should be condemned simply and only because he supports Trump. Then so should 60 million others,0
RT @NYMag: Who says the Trump administration isn't committed to diversity? https://t.co/4wcx0QSbwR,1
RT @AP: BREAKING: Appeals court denies Trump administration request to immediately reinstate ban on travelers and refugees.,0
"RT @pwnallthethings: Video of the WA vs. Trump, et al (Immigration EO) oral argument in WDWA (h/t @marty_lederman, @just_security) https://t.co/LfWcRQjENV",0
Super Bowl: Trump protesters and Lady Gaga prepare for Houston spectacle https://t.co/bVE11LJf2F,1
RT @CNNPolitics: An avalanche of phone calls is thundering across Capitol Hill as the Senate considers Donald Trump's nominations https://t.co/N7gtyLaNOe,0
"RT @luisbotello41: my dad's friend owns a restaurant and he got this today in one of the receipts.

This is Trump's America, disgustin https://t.co/Mi2wRgVuMh",1
"RT @markmobility: Monthly cost of:

Guarding Trump Tower: $30 million

Section 8 for all 15,856 homeless NYC families: $28 million",0
@CanProveIt Pathetic trump the Russian clown.,0
"RT @nytimes: ""So-called"" judge who blocked Trumps immigration order is described by colleagues as a ""mainstream"" Republican https://t.co/7n9z0DUBXE",0
"RT @LOLGOP: Mike Pence says this Supreme Count seat belongs to the ""American people"" -- 54% of whom voted against Donald Trump.",1
RT @yashar: In honor of Kristen Stewart hosting SNL - here are the 8 tweets President Trump posted about her in the past. https://t.co/0m24xxhGSg,1
#Nigeria #news - RE: US companies express concern over #Trump travel ban https://t.co/qyRlatdSif,0
RT @CDoranHarader: RT If You think that President Trump should put George Soros on the FBI Most Wanted... by #NicoGabe2,0
"Inspired by Trump, Argentina's leader, also the son of an immigrant, imposes sharp restrictions https://t.co/FN7eBJMHHQ https://t.co/DiIt4ZVmaJ",0
"GO HOME LOSERS, Protesters gather in South Florida during President Trump's stay



https://t.co/oqUiAtFUfE



Sent from my Samsung SM-G928T",0
RT @An0malyMusic: Are we going to act like this isn't the most honest answer given by a President ever? Donald Trump is going to be t https://t.co/f4olFZWIs4,1
"RT @AJemaineClement: Hitler - failed painter

Trump - cancelled tv host

Bannon - failed documentary maker

Conway - failed stand-up



Support the arts and media",0
"RT @YESthatcherDead: TRUMP/ISRAELI SETTLEMENTS RTplz



If Trump blocks UN re settlements on Palestinian land



Should #Scots build settlements on his golf courses?",0
"RT @NPR: BREAKING: Appeals court denies Trump admin. request for stay of injunction on immigration order, meaning the Trump order remains suspended.",0
RT @sboetcle: .@jaketapper Putin is the only person Trump hasn't criticized. Look into Trump's financial connections w/Kremlin. @funder @Khanoisseur,0
@realDonaldTrump Wake up Mr. Trump! It's 8:36! Tweet something for us! That's all we want you to do! ?,0
"RT @RealMuckmaker: Bret Stephens, WSJ: ""Trump puts US on moral par with Putin's Russia."" 'Slandered his country' https://t.co/vG6lLCxRDd",0
"RT @realjack_bailey: The 9th Cir Appeals Court is liberal, but Trump should win the #travelban appeal. The ban is lawful



#SundayMorning https://t.co/W5QREUas3d",1
RT @funder: After the #SuperBowl people are gonna realize Trump isn't qualified to run a lawnmower-let alone the country #amjoy #resist #theresistance,0
Constitutional crisis? What happens if Trump decides to ignore a judge's ruling. https://t.co/fORjdMpfIe https://t.co/bPjvNQKEk8,0
RT @PIX11News: Federal appeals court denies Trump administration request to restore travel ban https://t.co/XRQtC9JMPF https://t.co/BV7NDOGl7H,0
"RT @AltStateDpt: If Melania Trump stays at Trump Tower through a 4yr term, it will cost taxpayers approx. $1.4B. Is this what populist Trump voters wanted?",0
"@clairpena @AP Yep, Trump and his irrational, illogical, impotent, impetuous behavior the feeds the recruiting drives of the enemy.",0
"RT @KT_So_It_Goes: After thinking on it for a bit, I suppose the salient difference between Obama's view of America &amp; Trump's is one of ""error"" vs. ""stupidity""",0
RT @CallawayBOT: About 600 Donald Trump protesters rally near Paul Ryan's Janesville home https://t.co/rbaViUXBgS #ResistTrump,0
RT @TheRyanNelson_: This was sent to me from the anti-#Trump march at #MaraLago. https://t.co/imHTQLTnPh,0
Court rejects Trump appeal to restore travel ban https://t.co/0NDN3XXsDh,0
"RT @donmoyn: ""Democracy is not a business.""

Farewell speech of the State Dept official fired by Trump is worth your time https://t.co/2s6FCuMMyX",1
Travellers rush to board U.S. flights while Trump ban blocked https://t.co/W1x3JYBkAs https://t.co/MTP4SwSOH7,0
RT @hale_razor: It'd get less coverage if Donald Trump told Vladimir he'll be more flexible after the election.,0
"RT @scottbix: The lapel pin on SNL's ""President Trump"" is the Russian flag. https://t.co/UTQpeJd24D",0
RT @Fahrenthold: Documents confirm Trump still benefiting from his business - The Washington Post https://t.co/fmmRHsiWyJ,0
"RT @WilliamsJon: 64% of UK thinks #Trump threat to global security: dangerous, unstable &amp; bigot. Time to rethink #StateVisit?

https://t.co/BVypKtMy9R",0
RT @jamespickard40: @EbenlynJones @AshleyWarrior @We_R_TheMedia I don't see Republicans killing gays do you? #Trump defends LBGTIQ rights and said it publicly.,0
Trump worse than Tricky Dick--done sixteen days and counting. https://t.co/NYs75zxUp5,0
RT @KeithOlbermann: Even the Deputy Editorial Page editor of The Wall Street Journal and I agree: @realDonaldTrump has slandered this c https://t.co/9JUxa45ntD,0
RT @newcivilrights: Hypocrite-In-Chief Trump Plays 1st Round Of Golf Nearly 3 Months Before Obama https://t.co/RnXwfi43fi https://t.co/17YUa5A21J,0
"@MTfromCC Are you suggesting that Hussein Obama's idea, carried out by Trump is wrong?",0
RT @BillPalmer: Someone's not afraid of Trump's pet Nazi... https://t.co/Qp1i6w9l1u,0
RT @AGOWA: Trump Administration's request for immediate administrative stay DENIED. https://t.co/R3tTRPyv3U,0
RT @funder: After the #SuperBowl people are gonna realize Trump isn't qualified to run a lawnmower-let alone the country #amjoy #resist #theresistance,0
"RT @Impeach_D_Trump: Mr. Trump, I thought we Were ""Going to be Sick Of Winning"".  You lost the popular vote and now lost to the court TW https://t.co/OzsYT8BQVw",0
RT @JuddLegum: How many elected Republicans have spoken out against Trump's unhinged attack on a federal judge appointed by George W. Bush?,0
12 things you didn't know about Melania Trump https://t.co/nxmvlMavi5,0
Travelers rush to board U.S. flights while Trump ban blocked https://t.co/mNEq8OQw3g via @Reuters,0
RT @K69atie: Brian Paddick would rather have appeasement to muslims than anger by opposition to Trump. Stupid man overlooks that that's what got us here.,0
"RT @IngrahamAngle: Notice how @CNNPolitics uses word ""attack"" when @realDonaldTrump stands up for US taxpayer. https://t.co/zq3TevWIMq",0
"RT @TheTweetwit: If Donald Trump's supporters want to know who is causing their misery -&gt;



Richest 10% Control 89% of World's Wealth

https://t.co/etz2LbFp5L",0
RT @justinhendrix: This morning on Twitter Donald Trump made a direct assault on the Constitution by questioning the legitimacy of a f https://t.co/xtbsH2r72I,0
"RT @wikileaks: Trump on US government last night: O'Reilly: ""Putin's a killer"" Trump: ""There are a lot of killers. You think our country is so innocent?""",0
'THE O'REILLY FACTOR' Trump voices hope Russia will help fight against ISIS https://t.co/BBw0xkfW3E,0
Sweden trolls Trump in climate-law photo https://t.co/A88QzcMC6m,0
RT @TheFashionLaw: President Trump Pulls Out of Trans-Pacific Partnership Trade Pact. Here's What that Means for Fashion. https://t.co/DoByHOP4aj,0
"GOP Advisor Goes Rogue, BEGS The Media To Take Trump DOWN (TWEETS)GOP Advisor Goes Rogue, BEGS The Twitter Takedown https://t.co/fDqWKs4Fb9",0
"RT @Impeach_D_Trump: The So-called President Donald Trump is surprised to learn that judges do more than just bankruptcies &amp; divorces.



My So-Called President",1
"RT @MichaelSkolnik: Trump is rattled.

Bannon is shut down.

Spicer can't make up his mind.

Conway is making up fake massacres.



The resistance is working!",0
RT @LisaBloom: Trump loses in court again and again and again and again.  https://t.co/CGbmGhmBol,0
"Trump is Enabling Racism, Not Fighting Terrorism. The Difference May Prove Deadly For Americans. https://t.co/95TBTfBlS2",0
"RT @CNNPolitics: President Donald Trump: ""There are a lot of killers. You think our country's so innocent?"" https://t.co/l464KYzHLU https://t.co/MaM8O3WJyb",0
Iraqi family flies to New York after blow to Trump ban https://t.co/LO0E5S9oiT,0
RT @JuddLegum: How many elected Republicans have spoken out against Trump's unhinged attack on a federal judge appointed by George W. Bush?,0
"RT @jlsinc: You could genuinely change ""Trump"" to ""Brexiteer"" in every single instance here. https://t.co/nHevNPcph9",1
Ok every1 talking about how snl shouldn't be acting like they've hated donald trump this whole time bc they had him host should realize that,0
RT @ditzkoff: If only we'd had some warning during the campaign that Trump wouldn't respect an independent judiciary. https://t.co/dxo0vHK4LC,0
RT @GmanFan44: GERMANS DESTROYED THEIR COUNTRY WITH MILLIONS OF RAPING MUSLIM INVADERS. TRUMP @POTUS 2 WEEKS. SEE A PROBLEM HERE? https://t.co/sKBvw3lHF0,0
"RT @markmobility: Monthly cost of:

Guarding Trump Tower: $30 million

Section 8 for all 15,856 homeless NYC families: $28 million",0
"RT @hrkbenowen: Rasmussen: 82 Percent of Republicans, 54 Percent of Independents Back Trump's Refugee Moratorium - Breitbart https://t.co/YgC2FAqwBk",0
"RT @MyPlace4U: @thehill Trump didn't attack the judge, he tweeted 'So called' Judge. Judge defended Black lives matter over the Police. Schumer is a Clown",0
"RT @twitt3rpoll: Poll:

President Trump speaks for me.  #TrumpMedia",0
RT @mcspocky: Donald Trump didnt realize Steve Bannon needs Senate confirmation for National Security Council https://t.co/CGUYC0cPz2,1
Constitutional crisis? What happens if Trump decides to ignore a judge's ruling. https://t.co/0wFKn2QbOi https://t.co/wXZF8DyAz2,0
"RT @AlfGarnettTil: It's not so much a march against Trump now.

More like a weekly mental illness convention. https://t.co/EpHf642p3V",1
"RT @cliffiroanya: @DavidShulkin1 #Biafrans celebrating President Trump massacred by Nigerian soldiers, see picture and ABC News: https://t.co/jt6U82wRIe",1
"RT @USEmbassyKyiv: PRESIDENT TRUMP: ""We will work with #Ukraine, #Russia, &amp; all other parties involved to help them restore peace alon https://t.co/7pZ5RypMh3",1
"""Iraq says ruling against Trump travel ban is move in right direction"" - https://t.co/e0DtpjK5X0",1
RT @FoxNews: German magazine sparks furor with cover of Trump beheading Statue of Liberty https://t.co/s5l5kh0On2 https://t.co/8DxE7sHnAT,0
"RT @JohnJHarwood: valuable column from @RadioFreeTom: Chill, America. Not every Trump outrage is outrageous. https://t.co/Icv3ZsxkgN",0
"RT @HuffingtonPost: Veterans vs. Trump: Pipeline will never be completed, warriors vow https://t.co/xhKOUxRmwt https://t.co/y2YZt6dRDK",1
RT @RealTimBlack: Check my Coffee Time Video: NYU Protest Gives Another Conservative Trump Supporter Free Publicity https://t.co/SEWFrrgl3e,1
RT @keithboykin: These are the (mostly white) women who voted for and still support Trump. There's no hope for reaching them. https://t.co/jE1FCwBk7r,1
RT @FT: Trump attempt to reinstate travel ban fails https://t.co/vVJhPqlKTT,0
RT @rawstory: Travellers rush to board U.S. flights while Trump ban blocked https://t.co/Mp0wtVyXIt https://t.co/aEOkGBJi4w,0
"RT @Rachael_Swindon: ""The NHS is not for sale""..Tory MPs cheer the PM. What she didn't say was she would swap bits of our NHS with Trump https://t.co/nNDx0oaDin",1
Go Figure! Sanctuary San Francisco's 9th Court of Appeals Rejects Trump's Immigration Request https://t.co/WgvTfGiL9z,1
DHS suspends 'any and all actions' on Trump travel ban https://t.co/G2oqsEfkom #pjnet #HAction #hillaryemails #2A #tcot BWCentral https://t.co/WGOijeKjNP,0
"RT @nytimes: S.N.L. Goes After Trump Again, With Melissa McCarthy as Sean Spicer https://t.co/VOLvsHIWgn",0
RT @treyinla: Conservatives are saying all is fine because Trump's kept his campaign promises. Did y'all forget he promised to show his taxes too? He did!,1
@AllenWest @RichLowry @IngrahamAngle @marklevinshow Conservative Bush appointee becomes latest to kick Trump in the balls over Muslim Ban. ? https://t.co/Qagyo2tgfN,0
"RT @flagrantdolphin: Trump is not ""Kim Jong-Un's long lost cousin"". He is not ""displaying the hallmarks of a mid-East dictator""



Enough of that xenophobic crap",0
"Given ""the President"" means Trump, that seems like a very good reason to deny the appeal and suspend the ban. Thank you DoJ ;-) https://t.co/ngEVp42bfI",1
"RT @DLin71: OBAMA: America is imperfect

GOP: TREASON



TRUMP: America is like a murderous thug

GOP: Shield your eyes in the presence of this patriot",0
"RT @JamilSmith: In his Super Bowl interview, Trump gives Putin a pass for being a murderer. Enjoy the game, everyone. https://t.co/T8eSCxzKpt",1
Trump's Wall &amp; Deportations of Illegals-Most Sensible Executive Action in Half Century https://t.co/UqnZjoqae9 via @FreedomOutpost No doubt!,1
"ChristiChat: RT ChristiChat: Goodbye Nordie!

Nordstrom drops Ivanka Trump clothing and accessories line.

#MAGA

https://t.co/7elujGuAZF",0
RT @FlowersPrxncess: Kristen speaking to Trump on SNL ? a fucking legend https://t.co/b4BCEXG7Ul,0
RT @StephensWSJ: Trump puts US on moral par with Putin's Russia. Never in history has a President slandered his country like this.  https://t.co/LrP8ycG1Y9,1
RT @artoopio: KRISTEN MOCKED DONALD TRUMP AND CAME OUT AS GAY IN SNL MONOLOGUE WHEN WILL YOUR FAVE https://t.co/1lj07smIld,0
"RT @DavidAFrench: You won't see many conservatives defend Trump's Russia comment. They'll be silent, but they'll know they'd race to Fox to condemn a Dem.",0
"RT @NickKristof: My Sunday column: Post-Trump,  Canada may now be the country best reflecting the values of the Statue of Liberty https://t.co/GpOuenHUza",1
"RT @funder: This Senator (@RonWyden) Is Hell-Bent on Getting Out the Truth About #TrumpRussia



We got your back!



#dworkinreport https://t.co/d5kPKneu3a",1
RT @FoxNews: Experts: Social media giants fight Trumps anti-terror plan while providing platform for terrorists https://t.co/skMzy0FcC9,1
"RT @BraddJaffy: OReilly: Putins a killer



Trump: There are a lot of killers. Weve got a lot of killers. What do you thinkou https://t.co/bJrwCjDC5I",0
"RT @tribelaw: True but irrelevant: Even if it were irrevocable, the ""trust"" is meaningless: Trump knows what companies he still o https://t.co/N5gldcjPpQ",0
RT @pbump: Throwback to when Trump shrugged about Putin killing journalists. https://t.co/gx6rq5W6Ze,0
DHS suspends 'any and all actions' on Trump travel ban https://t.co/w1bVmoNk2Y #MAGA #bluelivesmatter #wakeupamerica BWCentral https://t.co/6rR0WKnPRV,0
"With Executive Orders, Trump Embraces Time-Honored Power Move - https://t.co/zPI1RPAB0a https://t.co/8xE8uSkJut",1
RT @USATODAY: Thousands march near Trumps Mar-a-Lago estate in Fla. https://t.co/wGGcGuxpp2,0
RT @StephenKing: Trump's tweets are both malevolent and excruciatingly dumb. He comes off sounding lie a pro wrestling bad guy from 1965.,0
RT @Independent: We are nervously confident Trump cannot break the US Constitution https://t.co/pQpG2n6OeS,0
@toddcarey Are you a TRUMP hater ?,0
Did Obama Leak Info To al-Qaeda About Trump's Raid That Killed Navy SEAL? Evidence Suggests So https://t.co/IkEHCoTPtr via @mayhem_news,0
"@POTUS  Former Pres Clinton,Former Pres Obama &amp; you,Pres Trump,have agreed on this problem &amp; AGREED ON THE SOLUTION.

https://t.co/bNdlEgPAPU",1
RT @aliamjadrizvi: Appeals court blocks Trump's request to block the block on his ban: https://t.co/RVi1an5kKP https://t.co/j6Mme5q4Zq,0
"Budweiser Takes Super Bowl ""CHEAP SHOT"" at Prez Trump. @realDonaldTrump #BoycottBudweiser  https://t.co/QbMEDSIvsY",0
"RT @washingtonpost: Canadian scientists were followed, threatened and censored. They warn that Trump could do the same. https://t.co/MpGW9d7YQv",0
Maxine Waters: 'My Greatest Desire' Is to Lead Trump 'Right Into Impeachment' - Breitbart https://t.co/f0IQpoOQdb,1
RT @DabAggin: Shoutout to all the Trump fans who are never sure when it's *you're* vs. *your* but who are now suddenly constitutional law scholars.,1
RT @joefrancis: Heres Why You Should Be Skeptical of Trumps Commitment to LGBTQ Rights https://t.co/aLqpZY5ck2 #fashion #fashio https://t.co/IbMIR9W6Gz,0
"RT @Slate: Asked About Putin being a killer, Trump says you think our countrys so innocent?"" https://t.co/ucypd8zpxJ https://t.co/WFIxJsXete",0
"RT @kristi_bruno: Freaking awesome. Thanks, SNL! S.N.L. Goes After Trump Again, With Melissa McCarthy as Sean Spicer https://t.co/mrWDch2yX3",1
"ChristiChat: RT ChristiChat: Best vote I ever cast!

<U+2764> Trump



WATCH what POTUS did in week two of his presidency to https://t.co/6R99EPmHeD",1
"RT @markmobility: Monthly cost of:

Guarding Trump Tower: $30 million

Section 8 for all 15,856 homeless NYC families: $28 million",0
@joshuakhenry Republicans are happy with Trump...he has kept his campaign promises,1
DHS suspends 'any and all actions' on Trump travel ban https://t.co/MoKUdCMbVK @breitbart #latinos #socialmedia  BWCentral https://t.co/NG8A6YxaY2,0
"RT @LouiseMensch: This week Vladimir Putin murdered a journalist by poisoning him.

Donald Trump shrugs 'What, you think our country' https://t.co/z4hkn4ZzUf",0
"RT @VoteTrumpPics: Trump Twitter Rally?



RT? and show your support for DJT this Sunday, Feb 5th during Super Bowl Half Time Show at https://t.co/okPb11YbQw",1
RT @SethAMandel: It would help tremendously with keeping Trump in check if the media would start reporting things that are true https://t.co/4bEgfPIQsp,1
Experts: Social media giants fight Trumps anti-terror plan while providing platform for terrorists https://t.co/MVjI6OMrrA via @FoxNews,1
RT @RepJayapal: Watch: Everything you need to know about Trump's unconstitutional #MuslimBan in ninety seconds. Judge Robart deals https://t.co/svPbt73Jfi,0
"RT @nia4_trump: #ThingsYouThoughtWereReal Promises, promises.

?They? said they would leave the US if Trump won.

https://t.co/IIfQVcdAOw",1
Bladdermouth Trump has only begun to disgrace us.#SundayMorning #PoliticsNation #sATIRE @Allen_Clifton @davidaxelrod @ShaunKing @StephenKing,0
"RT @DavidCornDC: Hey everyone, there's still plenty of time for Trump to ruin Super Bowl Sunday with tweets.",0
"RT @nikshmatko: Grand #President #Trump removes debris, a lot of dust, visible path to prosperity rich #America! https://t.co/j0kjsQoym7",1
First Clip Of O'Reilly's Interview: Trump Praises Putin While Sh*tting On America https://t.co/PDCjsUVZsG,1
"RT @ManfredWeber: Things are serious now. Without a strong joint position, Europe will only be a puppet in the hands of #Trump and https://t.co/vpRGZFzuFi",1
@DemsTalk let's start with trump,0
RT @Reuters: Kuwait denies it imposed travel ban praised by Trump https://t.co/mvuwFBjfx0 https://t.co/p2MgW0eRdH,0
Biggest test is whether anyone in the Trump administration can find it on a map. https://t.co/MuQXdl4iSy,0
"RT @Impeach_D_Trump: Mr. Trump, I thought we Were ""Going to be Sick Of Winning"".  You lost the popular vote and now lost to the court TW https://t.co/OzsYT8BQVw",0
"RT @unsmokabIe: fuck trump, fuck pence, this country's built on immigrants!



me: https://t.co/mDq4ZDfWfQ",0
RT @WSJ: Court denies Justice Departments request to immediately reinstate Trump travel ban https://t.co/yb5dgtausg,0
RT @ezlusztig: The majority saying Trump's visit should be cancelled (53%) is now larger than #Brexit (51.9%) Referendum! Democracy!https://t.co/amwy4ebiIR,1
I bet you money this is Kanye and Trump https://t.co/M24klAgo5l #TRUMP #presidenttrump #obama,1
"RT @AmandiOnAir: To quote the late, great #KarenCarpenter, ""We've only just begun..."" #ResistTrump https://t.co/Of0REEx0mh",1
RT @BFurdyna: Horrific.  Why does Trump show such fealty to Russia and Putin?  @SenJohnMcCain #DworkinReport #TrumpLeaks https://t.co/qn8zgPGKtP,0
Patriots Fans React To Ties The Team And Its Billionaire Owner Have To Donald Trump https://t.co/Lldv70J1cH,1
RT @DabAggin: Shoutout to all the Trump fans who are never sure when it's *you're* vs. *your* but who are now suddenly constitutional law scholars.,1
RT @Reuters: Kuwait denies it imposed travel ban praised by Trump https://t.co/mvuwFBjfx0 https://t.co/p2MgW0eRdH,0
"@realDonaldTrump The FAILING Trump presidency...

1) No uniter

2) No Wall

3) No Repeal and replace

4) No Radical Islamic Terrorist Ban",0
"RT @piersmorgan: 'A staggering, hysterical overreaction' - Lord Carey, former Archbishop of Canterbury, on anti-Trump protests.

https://t.co/m7nAeqVbGD",0
"RT @Kasparov63: Disgusting. There is nothing Trump won't do to praise Putin, comparing the US to a dictator of 17 years who murders https://t.co/pCBJolVqPz",0
RT @HenryBLowery: Supporters of President Trump rally in Portland https://t.co/uD1M43wi7Z,0
RT @AP: BREAKING: Appeals court denies Trump administration request to immediately reinstate ban on travelers and refugees.,0
"RT @JoyAnnReid: The Republicans won't rein In Trump, but the judiciary just might. https://t.co/C1VQDnYZAH",0
"RT @AIIAmericanGirI: Dude, really? Stephen King thinks Anthony Weiner is 'bright but troubled'; uses him to trash Trump -

https://t.co/Ko1DRIQ4h4",0
"RT @NewYorker: With Donald Trump and Steve Bannon in the White House, the entire corporate ecosystem is under threat. https://t.co/vFDn1OuDnh",0
RT @ADIC33: The O'Reilly interview is the last straw Trump is the biggest piece of shit this world has ever known. This Circus clown has to go and soon!,0
CNN IS OVER! Trump Will Make Anderson Cooper Cry After What He Did Today https://t.co/AysCDPhzZD,0
"RT @NickKristof: My Sunday column: Post-Trump,  Canada may now be the country best reflecting the values of the Statue of Liberty https://t.co/GpOuenHUza",1
"After a US Federal District Judge halted Trump admin's unconstitutional EO #MuslimBan, @POTUS appealed &amp; lost again. https://t.co/ctLNdbqQz6",0
"RT @TomiLahren: If you hate Tom Brady and The Patriots because of the Trump connection, you might be one of those ""loving"" &amp; ""tolerant"" liberals.",1
"RT @NPR: BREAKING: Appeals court denies Trump admin. request for stay of injunction on immigration order, meaning the Trump order remains suspended.",0
RT @ezlusztig: Trump hates Mexico and China. Hatred not based on facts &amp; therefore immune to evidence. Simply a fixed truth of Ame https://t.co/NqzdzU6IFP,1
RT @BlissTabitha: Asst Attorney General Tweets F*CK DONALD TRUMP https://t.co/ULSt6I5Qwh,1
Constitutional crisis? What happens if Trump decides to ignore a judge's ruling. https://t.co/mzaSmhrUFS https://t.co/OxHJvFIJss,0
RT @EssexKIRO7: STAY DENIED: 9th Circuit REJECTS Trump administration request for immediate stay of restraining order on Travel Ban. https://t.co/Qh7Lb6Wzcx,0
"RT @jaketapper: Trump defends Putin: ""You think our country's so innocent?"" https://t.co/nW65mtBp0C",1
RT @Travon: Iraqi parents were so happy for their son to get American medical care that they named their son Trump. Then Trump https://t.co/HSUaoBsVzX,1
"RT @DancingWinnie: fuck trump, fuck pence, this country's built on immigrants!



me:  https://t.co/prTeS7nozj",0
#Trump's request to reinstate '#Muslimban' denied by #US appeals court. @FlyEthiopian @nobanjfk https://t.co/xGpI78gat7,0
I think Trump has the only speechwriter in the world who works in Crayola.,1
RT @amjoyshow: #Trump AG firing recalls Nixons Saturday Night Massacre | More @amjoyshow this #SundayMorning 10 AM ET on @MSNBC https://t.co/8OmebJL1de,0
We thought #Trump #StopPresidentBannon and the rest of #NAZIWH were on vacation! Busy little Nazis spreading fear and hate. #ImpeachTrump https://t.co/YUJARYpjBG,0
O'Reilly told Trump that Putin is a killer. Trump's reply: 'You think our country is so innocent?' https://t.co/4QbLq3jG44 #presidentbannon,0
RT @ezlusztig: False Equivalency alert. This assimilation of Trump to previous administrations is utter garbage. Don't believe a w https://t.co/AW8EtoJhpz,0
RT @nytopinion: Mr. Trump understands that attacking the media is the reddest of meat for his base https://t.co/kUybpzjbki https://t.co/n9O4p2NQ8Z,0
"RT @scalzi: Angry tweets incoming:



BBC News - Trump bid to reinstate travel ban fails https://t.co/IngbvPb5XM",0
RT @alexanderchee: The Trump administration silence about this--going on for a month now-- is tacit approval of it by now. https://t.co/WFoP5ZLiqt,1
RT @TorontoStar: Trumps request to restore travel ban rejected by U.S. appeals court https://t.co/lFXLtxiOcM https://t.co/ckDK29jidE,0
"RT @9NewsAUS: Turnbull government faces scrutiny over Centrelink, pensions, trade and Donald Trump when parliament resumes. https://t.co/0hkadDwMCk #9News",0
@mmzaki1 There was anti Donald Trump demonstration in Nigeria recently and that went smoothly. Why couldn't this one do the same?,1
"RT @ThePlumLineGS: Trump's ban is on hold.



Bigger story: This is first real test of whether our institutions can restrain Trump: https://t.co/tFUNJZHufG",0
"RT @ConstanceQueen8: Thx @FriendlyJMC

Spread The Word

<U+203C><U+FE0F>Vote Them All Out

In 2018<U+203C><U+FE0F>

Have Trump's Back

He Has Ours

#PresidentTrump https://t.co/tePA9JbzWp",0
"RT @IngrahamAngle: Notice how @CNNPolitics uses word ""attack"" when @realDonaldTrump stands up for US taxpayer. https://t.co/zq3TevWIMq",0
"RT @thehill: Michael Moore trolls Trump over tweet attacking judge: ""Thank you, So-Called President Trump!"" https://t.co/tFHGVnzngt",0
RT @hectormorenco: Replacing Ruth Bader Ginsberg with a constitutionlist &amp; conservative justice will be one of Trump's biggest accompl https://t.co/Lqwqo22DCc,1
"RT @DrTomMartinPhD: WHY DON'T I GIVE DONALD TRUMP A CHANCE? Well, To Be Truthful &amp; Factual, He Has In Fact Had Many Chances, And HE FAI https://t.co/yxblFq8t0g",1
"RT @VoteTrumpPics: Trump Twitter Rally?



RT? and show your support for DJT this Sunday, Feb 5th during Super Bowl Half Time Show at https://t.co/okPb11YbQw",1
"RT @FiveRights: If you hate Trump, can you say why (without labels or lying abt him)?

I'm not sure I've ever heard anyone give a real reason.",0
RT @ajplus: President Trump learned a lesson in judicial independence when a federal judge blocked his controversial immigratio https://t.co/uikuf6XgMC,0
RT @JYSexton: Let's not parse words. Trump loosed an unbearable ugliness that has no place in modern America. https://t.co/J2xVpd1kqD,0
RT @TorontoStar: Trumps request to restore travel ban rejected by U.S. appeals court https://t.co/lFXLtxiOcM https://t.co/ckDK29jidE,0
"RT @AltStateDpt: If Melania Trump stays at Trump Tower through a 4yr term, it will cost taxpayers approx. $1.4B. Is this what populist Trump voters wanted?",0
Donald Trump and Theresa May through the looking glass https://t.co/aUNoDZLKc0,0
RT @BillionairesNo: Trump loses again: Appeals court shoots down DOJ request to restore travel ban https://t.co/6tjq6sgQaH via @HuffPostPol,0
"RT @Katrinaa06: Kristen Stewart to Trump: ""If you didn't like me then you're not going to like me now because I'm, like, sooo gay dude."" #SNL",1
"RT @ABC: Melissa McCarthy skewers Sean Spicer, Alec Baldwin reprises Trump role, Bannon portrayed as Grim Reaper on ""SNL"" https://t.co/3wlkqE4b8W",0
Donald Trump maintains direct ties to business emp... https://t.co/LmXxyopB8w,0
"RT @greta: So-Called Judge Criticized by Trump Is Known as a Mainstream Republican, via @nytimes https://t.co/HcUtitNwDr",0
"RT @changemation: The trump presidency should  be considered the trump/bannon presidency #trumpbannon #SteveBannon



Bannon wants a w https://t.co/uhbOxsyd3d",0
"RT @IngrahamAngle: Notice how @CNNPolitics uses word ""attack"" when @realDonaldTrump stands up for US taxpayer. https://t.co/zq3TevWIMq",0
RT @The_Trump_Train: WATCH: Leftist rioters attack Trump supporters. Democratic Party and UC Berkeley staff allowing this to happen. LAW https://t.co/URNG80NPDU,0
RT @Reuters: BREAKING: Judge's block of Trump's travel ban harms the public by 'thwarting enforcement of executive order': Justice Dept. appeal filing,0
RT @AP: A federal appeals court has refused to immediately reinstate Trump's travel ban on people from seven countries. https://t.co/wE89YDavhE,0
"Actor Matthew McConaughey: We Have No Choice But To Embrace Donald Trump, Hes Our President  https://t.co/ZIMPQx8yn5  #MagicMoron #politics",1
"RT @AltStateDpt: If Melania Trump stays at Trump Tower through a 4yr term, it will cost taxpayers approx. $1.4B. Is this what populist Trump voters wanted?",0
"What is the role of #Assad, #Iran and #Russia in the #Trump proposed safe zone?

  https://t.co/eES4KLhC6c.",1
Chelsea Clinton is ramping up an increasingly public Twitter crusade against Trump https://t.co/JmFFpRbYFs,0
"RT @NewsArmageddon: Calls mount for Trump administration to label Muslim Brotherhood 'terrorist organization' -



... ""If the U.S.... https://t.co/rrFLaZKWwG",1
"RT @funder: Evidence Suggests Raid in Yemen was to Secure Trump Dubai golf course



#DworkinReport #resist #theresistance #amjoy https://t.co/zbdNO7mUr3",0
RT @AGOWA: Trump Administration's request for immediate administrative stay DENIED. https://t.co/R3tTRPyv3U,0
RT @CDoranHarader: RT If You think that President Trump should put George Soros on the FBI Most Wanted... by #NicoGabe2,0
"RT @paulkrugman: If Trump can call Robart a ""so-called"" judge, can we call him -- with infinitely better justification -- a ""so-called"" president?",1
RT @riotwomennn: Here is a video of our US military personnel flying a Trump flag instead of the American flag. Remember the Nazi fl https://t.co/RkwJxYcXL0,0
A federal appeals court has refused to immediately reinstate Trump's travel ban on people... https://t.co/5PvFvODMNt by #AP via @c0nvey,0
RT @progressivehere: @warrior1272 @TammyC2164 @mike_phillippi @EricRoberts LMAO. Trump was a failure. He had his father's money. Now he https://t.co/P4zGroNJCp,0
RT @AP: BREAKING: Appeals court denies Trump administration request to immediately reinstate ban on travelers and refugees.,0
RT @Reuters: Kuwait denies it imposed travel ban praised by Trump https://t.co/mvuwFBjfx0 https://t.co/p2MgW0eRdH,0
Reuters: Kuwait denies it imposed travel ban praised by Trump https://t.co/aJmQUuyME8 https://t.co/rMHUEnvWVA,0
Obama could murder innocents in Yemen and arm Al-Qaeda without anyone batting an eye. Trump would be destroyed if he did similar things.,0
RT @KiL0D3LTa: White House reveals Trump was not in the Situation Room during his disastrous first military raid. https://t.co/qNpoPeKuK7,0
"Every man, woman, child &amp; their dogs

Were at yesterday's #stoptrump rally!

Trump: Barking mad?!

?#PoochesAgainstPrejudice?#MuslimBanprotest https://t.co/BFdDlSYPSd",0
RT @ErickFernandez: I look forward to the Donald Trump tweet about this. #SNL https://t.co/xIMuxKMrxV,1
"RT @GeorgeTakei: Trump never studied the Constitution, but the Judiciary just gave him his first lesson. It's called a check, but he's still way off balance.",1
RT @djrothkopf: Worth observing that Trump has never been as loyal to either his business associates or his wives as he is to Putin https://t.co/d86xPf0fMZ,1
@_sara_jade_ @Lyn_Col o.k. ...bye Mal...maybe you should split... Trump's  a fool but you are a tool.,0
"RT @queennn94: Kristen Stewart taking down Donald Trump and the homophobes at one go.



She has saved 2017. Play this at my funeral. https://t.co/ywlzO18FaT",0
"RT @NPR: BREAKING: Appeals court denies Trump admin. request for stay of injunction on immigration order, meaning the Trump order remains suspended.",0
"RT @GeorgeTakei: Trump never studied the Constitution, but the Judiciary just gave him his first lesson. It's called a check, but he's still way off balance.",1
RT @ABCWorldNews: Trump asks 'what do you think? Our country's so innocent?': https://t.co/1uCrAeS4iL https://t.co/EDXJQRTq4F,1
RT @piersmorgan: Reposting this photo from yesterday's London anti-Trump march. Staggering. https://t.co/aAvJ6yJXID,0
#Trump This is HUGE. Get all hands on deck for this. https://t.co/eEP5tfQIeZ https://t.co/v5anWDIRmH,0
RT @IngrahamAngle: Everything Trump does will be challenged in fed courts. Better get #Gorsuch confirmed fast. https://t.co/zqsGxZEkrQ,1
#Sunday_Politics: Trump's man #Gorka on the travel ban  - with a Freudian slip! https://t.co/sydAldRJjC,0
"RT @SOMEXlCAN: ""There's a 1 in 3.64 BILLION chance of you being killed by a refugee""



Trump supporters: https://t.co/KEXU6RYlQZ",0
"RT @GeorgeTakei: Fox's O'Reilly said to Trump, ""Putin's a killer."" Trump shrugged saying, ""You think our country is so innocent?"" Don't drink the tea, folks.",0
RT @AP: BREAKING: Appeals court denies Trump administration request to immediately reinstate ban on travelers and refugees.,0
RT @donnabrazile: Sunday reading: This Is How Steve Bannon (Trump's ideologist) Sees The Entire World https://t.co/bwXj3B2ZRP via @jlfeder,1
"RT @Pinboard: Trump had the legal authority to ban refugees and deport children, he just fucked up the details. Giving him good advice is called enabling",1
RT @riotwomennn: Kristen Stewart humiliated Trump last night on Saturday Night Live. So @realDonaldTrump  Robert Pattinson?  #SNL  https://t.co/6XOLmogRfg,0
RT @Impeach_D_Trump: Trump at Mar-a-Lago For The Weekend! It's a Good Time to Call 561-832-2600 &amp; ask to speak to the POTUS - More Numbe https://t.co/Z059lGLe4D,1
"RT @MMFlint: Thank you, So-Called President Trump! I've been struggling for 2 weeks over what to call you, and your tweet here g https://t.co/ZLpZLlnHV8",0
"RT @nytimes: Trump says he has walked away from the day-to-day of his empire, but records show how close he remains to it https://t.co/oYuvMupTxK",0
RT @crampell: Is Trump right that banks cant lend?  Business loans made by banks as share of GDP at highest level in 50 yrs https://t.co/RjEK2GLTY8,1
"RT @AriMelber: In ruling against Trump ban, Judge Robart said 7 countries' link to immigrant terror must be ""grounded in fact rather than fiction.""",0
@stewart_ditch @Impeach_D_Trump you're on your way to losing bigly. The people are standing up &amp; fighting back. Good luck with backing trump,0
An inside look at a Donald Trump supporter meeting. https://t.co/O9mgmGdxN3 @mitchellhirsch,0
"RT @TheTrumpLady: DON'T UNDERESTIMATE TRUMP AS #potus45. Everyone did this entire past 18 mos. 17 candidates, Clintons, MSM, Celebrit https://t.co/h6ZKEkwwmL",0
"RT @AJemaineClement: Hitler - failed painter

Trump - cancelled tv host

Bannon - failed documentary maker

Conway - failed stand-up



Support the arts and media",0
RT @FoxNews: Experts: Social media giants fight Trumps anti-terror plan while providing platform for terrorists https://t.co/skMzy0FcC9,1
"RT @PrisonPlanet: Turns out that you can't use Twitter to threaten Trump supporter's children, violence &amp; doxxing. This account final https://t.co/rgipGho3m9",0
RT @David_EHG: Kudos to the @washingtonpost for forcefully challenging Trump's power. This is what a Fourth Estate should look lik https://t.co/l2msXgIu56,0
RT @AP: BREAKING: Appeals court denies Trump administration request to immediately reinstate ban on travelers and refugees.,0
"RT @jaketapper: Trump defends Putin: ""You think our country's so innocent?"" https://t.co/nW65mtBp0C",1
RT @artoopio: KRISTEN MOCKED DONALD TRUMP AND CAME OUT AS GAY IN SNL MONOLOGUE WHEN WILL YOUR FAVE https://t.co/1lj07smIld,0
"RT @timkaine: President Trump rolls back Dodd-Frank and regulations protecting retirees. He's not draining the swamp, he's draining people's pockets!",1
RT @thedailybeast: Donald Trump tweeted about Kristen Stewart's breakup from Robert Pattinson 11 times. And she went in on him for it: https://t.co/h8btofdHQr,0
@FoxNews @KatrinaPierson Democrats are outraged at everything Trump represents! #Treason#Impeach,0
RT @mydaddyaIabama: THE BRITISH PARLIAMENT JUST ENDED TRUMP https://t.co/UVZ3B5FaDQ,0
"RT @RobPulseNews: The moment Trump lawyer tells judge Robart of travel ban: ""We actually don't think you're supposed to look at wheth https://t.co/6ZVmXeUsM0",0
RT @WalterVRobinson: Those 3 a.m. Trump tweets are scary. What if he insults Beijing at 3 a.m. and the war starts at 4? It'll be over before we awaken. If we do.,0
"RT @JohnJHarwood: Trump: ""I do respect Putin""

O'Reilly: ""But he's a killer""

Trump: ""We've got a lot of killers. What do you think? Our country's so innocent?""",0
RT @AP: BREAKING: Appeals court denies Trump administration request to immediately reinstate ban on travelers and refugees.,0
"RT @HappeningB4This: ""Diversity is our strength""...@JustinTrudeau #trump https://t.co/OLrhbl93yN",1
"RT @IngrahamAngle: Notice how @CNNPolitics uses word ""attack"" when @realDonaldTrump stands up for US taxpayer. https://t.co/zq3TevWIMq",0
RT @LibyaLiberty: This is what I mean about the American people sending a message louder than Trump: https://t.co/8WXVFhZSfk,0
RT @TheDemCoalition: The anti-Trump boycott of retailers won't back down here's how it could affect sales https://t.co/ZjI2xvSDU5 via @leannagarfield #Resist,0
RT @Toure: Its weird how Trump wants a Scalia-esque originalist for the court but otherwise ignores the Constitution until judges smack him down.,0
RT @yashar: In honor of Kristen Stewart hosting SNL - here are the 8 tweets President Trump posted about her in the past. https://t.co/0m24xxhGSg,1
Constitutional crisis? What happens if Trump decides to ignore a judge's ruling. https://t.co/USqC9Vgd58,0
RT @Reuters: Appeals court refuses to immediately restore Trump travel ban https://t.co/AL3FfIJxU2 https://t.co/zsqCtMLay7,0
RT @justinhendrix: Want to get rid of Bannon? Emphasize over and over again that Trump is his puppet. Then let Trump's narcissism do the rest.,0
"RT @domihol: Would #MuslimBan protests go against #Trump if he continues aiding #SaudiArabia to KILL in #Yemen?

Were were protes https://t.co/UKcrkA5RFq",0
"RT @DTrumpExposed: Mr. Trump, if that Judge is a ""So-called Judge"", then you are our ""So-called President""!

#SoCalledPresident

RETWEET!",0
#Trump deep dream #deepdream #art #neuralnetwork https://t.co/z2bu9A6y9V,1
RT @jelani9: The logical follow up question is to ask Trump if he's had anyone killed.,0
"RT @wikileaks: About That Intel Treasure Trove From Trumps Yemen Raid https://t.co/6QYfj4YYmy



More: https://t.co/pQKOQgjIz9 https://t.co/4t2eZfRuc9",1
RT @KevinJacksonTBS: So #Trump #potus45 cleaning house? #Muslims FIRED from SENSITIVE gov't areas https://t.co/QSddfb6ulI #TeamKJ,1
"RT @TheMarkRomano: See how the courts work...



When Obama issues a travel ban, it is perfectly fine.



When Trump does the exact same thing, it is illegal.",0
RT @mcspocky: Donald Trump repeats his respect for 'killer' Vladimir Putin https://t.co/ZQzPg8bmna https://t.co/UQbwPeDCek,0
RT @SwiftOnSecurity: Republicans suddenly embrace liberal moral relativism and American hegemonic guilt after Trump says our country is https://t.co/RbPxjDpkGo,0
RT @vivelafra: Murder by Islam: 3 Stories.  #BanSharia #Trump https://t.co/nz9jbUS5uh,0
RT @Marina87251891: Correction has less than 300 retweets. @BigStick2013 @realDonaldTrump @VP @GregAbbott_TX @tedcruz https://t.co/llnXSqybFN,0
"RT @ebonstorm: At $400,000 a day, it'll cost the nation $548,000,000 to keep Melania Trump in New York City for four years. https://t.co/U7ImUMeTSQ",1
"RT @DLin71: OBAMA: America is imperfect

GOP: TREASON



TRUMP: America is like a murderous thug

GOP: Shield your eyes in the presence of this patriot",0
"RT @joelpollak: SNL audience cheers ""Robert Mugabe"" for standing up to ""Trump"" https://t.co/yPQMPk0Qrd via @BreitbartNews",1
RT @grudging1: How many times does Trump have to go to the mat for Putin before we all admit it's more than admiration??,1
RT @MalcolmNance: #WIKILEAKS now = Alt-Right Fascist loving Spies for Putin-Trump. You Fight to destroy Democracy! Renounce it. Aband https://t.co/DOtkK6F2Ek,0
"RT @thehill: Michael Moore trolls Trump over tweet attacking judge: ""Thank you, So-Called President Trump!"" https://t.co/tFHGVnzngt",0
RT @souamesfarah: Gotta be today's best cartoon #Trump #travelban #Democracy #Constitution https://t.co/uQuRfJ1ORb,1
RT @Reuters: Kuwait denies it imposed travel ban praised by Trump https://t.co/mvuwFBjfx0 https://t.co/p2MgW0eRdH,0
@sheriffali Federal judge Vs. Trump travel ban https://t.co/RQpnpbOiTn,0
RT @NewtTrump: RT if you want Trump to start enforcing a law that's been on the books for 100 years: deporting illegals on welfare! https://t.co/VGVFWxkaJE,0
"RT @NathanDWilsonFL: @realDonaldTrump V. Lombard's quote is Trump! He's one of those great men! God, ??, hard work, relationships, stren https://t.co/l4yhfRHFgL",1
"RT @EllenReaction: Ellen DeGeneres' response to Donald Trump screening ""Finding Dory"" at The White House is everything: https://t.co/IOiVIywluH",1
"RT @PrisonPlanet: Turns out that you can't use Twitter to threaten Trump supporter's children, violence &amp; doxxing. This account final https://t.co/rgipGho3m9",0
@ianbremmer Wait until you hear Trump's interview with Bill O'Reilly later today and you'll understand why he is abandoning Ukraine.,0
"RT @100PercFEDUP: New post: HEY CHUCK, WE WON! CRYBABY SCHUMER Leads Chant Dump Trump! During NYC Protest https://t.co/cEhqdG5QSa",1
RT @starfirst: Trumps Nightmare: Women Opposing Him https://t.co/qPlyFUvdqP via @thecut,0
"RT @SenSanders: Trump has to learn the very important truth stated by Washington AG Bob Ferguson: ""No one is above the law, not eve https://t.co/XvSnHY2N9g",1
"RT @StephenAtHome: Happy Black History Month! Or as the Trump Administration is now calling it, ""All History Month.",1
"RT @thehill: Michael Moore trolls Trump over tweet attacking judge: ""Thank you, So-Called President Trump!"" https://t.co/tFHGVnzngt",0
RT @Daily_Express: Trumps overhaul of US immigration law could see 8 MILLION deported https://t.co/Rx9VgoqnoM https://t.co/EkYJMMKfla,0
"RT @KobyltRadioTV: Today's Show @deborahkobylt, John Eastman on Trump, David Hernandez on SAG &amp; Kitty Wallace on UBH. https://t.co/tklMlE4Zj0",0
@intheknow1798  The black robes have not covered up there bias I'm sure if it were Obama instead of Trump there decision would be diffrent.,0
@ChykShop Fact that Trump EO wouldn't have stopped any terrorist attacks in US is one reason why it's in legal trouble. No rational basis.,0
RT @BFurdyna: Trump's foreign entanglements are of grave concern and warrant investigation. @SenJohnMcCain #DworkinReport https://t.co/KO9dYLSI09,0
RT @AP: BREAKING: Appeals court denies Trump administration request to immediately reinstate ban on travelers and refugees.,0
RT @thehill: BREAKING: Appeals court rejects Trump administrations request to restore travel ban https://t.co/Psu7TqudOl https://t.co/LmDCwS896q,0
Many companies on Trump's Business Advisory Council are ones he owns stock in as of 2014.  Some DT stocks worth millions$$ #Emoluments,1
RT @HeerJeet: Make no mistake: Trump will blame next terrorist attack on the judge &amp; use it as excuse to undermine judicial syste https://t.co/q6UImh4gxi,0
"RT @anneapplebaum: Macron has 78 days to hold out against Trump/Putin trolls, Assange and Wikileaks, and combined forces of the Fascis https://t.co/XeJoDZHNj2",0
RT @aljwhite: Look forward to Trump having a shitfit over Kristen Stewart in a few hours https://t.co/PYy8tsM14y,1
Sinn Féin riding two horses on Trump appeasement @ClaireHanna    https://t.co/zVcQb2dTH4,0
"RT @hopedellon: ""We're learning which Muslim countries are threats and which Muslim countries have Trump hotels."" ~@ColinJost #SNL",0
"RT @AltStateDpt: If Melania Trump stays at Trump Tower through a 4yr term, it will cost taxpayers approx. $1.4B. Is this what populist Trump voters wanted?",0
RT @souamesfarah: Gotta be today's best cartoon #Trump #travelban #Democracy #Constitution https://t.co/uQuRfJ1ORb,1
"RT @pastorbones: Trump fires 3 Muslim IT workers who accessed congressional computers without authorization.



https://t.co/Df9WdWQ5wG",1
Elon Musk says he put travel ban on the agenda as he defends continued Trump council participation https://t.co/0SW3wepQRX,0
RT @nytimes: Stage is set for showdown over Trump's authority to tighten borders in the name of protecting U.S. from terrorism https://t.co/b945i9yjhb,1
"RT @MarlowNYC: #KristenStewart went after Trump for his bizarre obsession with her 'Twilight' breakup on SNL, and it was brilliant https://t.co/EYAQSeE56y",0
"RT @VicenteFoxQue: A nation isn't led by 1 man, @realDonaldTrump. That's why laws and constitutions exist, not open to interpretation.  https://t.co/SJ0yqbtW2R",1
"RT @gollum1419_g: Unprecedented and unpresidential: CNN security expert blasts Trumps defense of Putin

https://t.co/7VfyZoKXZ8 #Trump #Putin #TheResistance",0
"RT @markmobility: Monthly cost of:

Guarding Trump Tower: $30 million

Section 8 for all 15,856 homeless NYC families: $28 million",0
RT @piersmorgan: Reposting this photo from yesterday's London anti-Trump march. Staggering. https://t.co/aAvJ6yJXID,0
RT @JayS2629: Middle School Student Attacked on Bus for Wearing Trump #MAGA Hat - Then Schools Suspends Him (VIDEO) https://t.co/WRbHg3pIf4,0
RT @vivelafra: Murder by Islam: 3 Stories.  #BanSharia #Trump https://t.co/nz9jbUS5uh,0
RT @asamjulian: Experts: Social media giants fight Trumps anti-terror plan while providing platform for terrorists |  https://t.co/l4tvYf4xwu,1
RT @Newsweek: Der Spiegel sparks controversy with a cover depicting Trump beheading Lady Liberty https://t.co/UBhk9gXdZs https://t.co/q1yHJyCl39,0
Trump proclaims February as American Heart Month https://t.co/uAlLhX9tvi #heartdisease,0
"RT @MaggieJordanACN: Trump Administration's request for immediate administrative stay DENIED.

#MuslimBan https://t.co/UJvOh7CSkx",0
RT @Beltrew: Appeal court denies #Trump administration request to reinstate ban on travellers and refugees via @AP https://t.co/QpV1Ul8MVQ,0
"RT @jlsinc: You could genuinely change ""Trump"" to ""Brexiteer"" in every single instance here. https://t.co/nHevNPcph9",1
https://t.co/L3sOPJC7BF Trump's perfect partner in crime.Don's dumbest do-girl can't clean up s**t from world's largest toilet.TOKENWOMAN,1
RT @adamjohnsonNYC: Trump's most profound foreign policy shift has been to ramp up hostility w/ Iran. Where is the criticism from #resistance leader @davidfrum?,0
RT @voguemagazine: Donald Trump is currently engaged in at least five of the same exact behaviors he had attacked Hillary Clinton over. https://t.co/cb3q5XUFE4,0
RT @theonlyadult: It's Trump's America Va. America. Pick a side. https://t.co/RKl63B8EId,0
Watch Alec Baldwin Deliver Another Brutal Trump Takedown https://t.co/itXjulS9Od https://t.co/pHsrRBi2QX,0
RT @BernieSanders: Friday's order by a federal judge in Seattle blocking President Trump's immigration ban was a victory for rule of law and the Constitution.,0
Trump is trying to destroy the world #MuslimBan,0
RT @wmbo: @helchose @Evan_McMullin And far more qualified for his job than Trump.,1
"RT @markmobility: Monthly cost of:

Guarding Trump Tower: $30 million

Section 8 for all 15,856 homeless NYC families: $28 million",0
RT @Malachi35: Uber CEO drops out of Trump's business advisory council https://t.co/xq6Io4Ri6V,1
"RT @harrisalexc: Anti-Trump protestors start walking toward Mar-a-Lago. Got to be at least 1,000 people in this crowd https://t.co/k9ZQe2BlpJ",0
Anti-Trump judge gave free legal help to refugees https://t.co/KcldidFxPB via @DCExaminer,1
RT @pbump: Throwback to when Trump shrugged about Putin killing journalists. https://t.co/gx6rq5W6Ze,0
"RT @realjack_bailey: The 9th Cir Appeals Court is liberal, but Trump should win the #travelban appeal. The ban is lawful



#SundayMorning https://t.co/W5QREUas3d",1
"RT @brianstelter: Who are the ""many people"" who have said Trump is right about millions of illegal votes? https://t.co/1otak03OQZ",0
"RT @TeaPainUSA: Killers?  Trump has now attacked the integrity of America to defend Vladimir Putin. Brothers and sisters, this aggression will not stand!",0
RT @DTrumpExposed: The Federal court has denied Trump admin appeal to have @realDonaldTrump's travel ban reinstated. 2nd legal defeat in three days for POTUS!,0
RT @artoopio: KRISTEN MOCKED DONALD TRUMP AND CAME OUT AS GAY IN SNL MONOLOGUE WHEN WILL YOUR FAVE https://t.co/1lj07smIld,0
RT @mydaddyaIabama: THE BRITISH PARLIAMENT JUST ENDED TRUMP https://t.co/UVZ3B5FaDQ,0
"RT @benshapiro: Trump's ""so-called judge"" shtick ain't good, but the Seattle judge's order is MASSIVE legal overreach.",1
RT @MrGee54: Trump did what????? Thats crazy. Be blessed https://t.co/DS8XNUzeD4,1
"RT @trueheart4life: Wow!!! RT @markmobility Monthly cost of:

Guarding Trump Tower: $30 million

Section 8 for all 15,856 homeless NYC families: $28 million",0
"RT @Gadgets360: From BSNL taking on Reliance Jio, to Union Budget and Donald Trump, here are all the big tech stories from this week https://t.co/jO85opy43k",1
"RT @DLin71: OBAMA: America is imperfect

GOP: TREASON



TRUMP: America is like a murderous thug

GOP: Shield your eyes in the presence of this patriot",0
RT @ArchtNews: #architecture #interiordesign #deco Donald Trump's Getaway House https://t.co/wTNQrwFKJm https://t.co/f0lrva4OGQ,0
RT @FacesPics: The shadow from this towel rack looks like Donald Trump https://t.co/jTRePNDuLC,1
"RT @ViewFromWise: ""Antisemitic incidents on rise since Trump election and selection of anti-Semite Steve Bannon to staff"" #Dunwoody https://t.co/xbL3ndTa45",0
"RT @NPR: BREAKING: Appeals court denies Trump admin. request for stay of injunction on immigration order, meaning the Trump order remains suspended.",0
"RT @SteveComisar: If you oppose Donald Trump please RT.  @jack  @ladygaga  @KatyPerry

@Madonna  @AshleyJudd  @americaferr  @GloriaSteinem  #GetHimOut",1
RT @StephensWSJ: Trump puts US on moral par with Putin's Russia. Never in history has a President slandered his country like this.  https://t.co/LrP8ycG1Y9,1
RT @nprpolitics: Utah Representative Wants Bears Ears Gone And He Wants Trump To Do It https://t.co/n4YB2OYiYZ,0
"RT @Yair_Rosenberg: Trump keeps bringing out America's greatness, just not in the way he intends https://t.co/6aDtnfqk6x",1
RT @ditzkoff: If only we'd had some warning during the campaign that Trump wouldn't respect an independent judiciary. https://t.co/dxo0vHK4LC,0
"RT @ProgressOutlook: The stock market rallies because the rich expect tax breaks, not because Trump will make the economy better.",1
RT @PhilippineStar: US judge stops Trump travel ban | https://t.co/9KJbVn4AR8 https://t.co/tTpBJeLR8a,0
RT @StarTribune: Court early today denies Trump request to immediately restore travel ban https://t.co/vuzO1lpDKR https://t.co/ULaiBj4Gc6,0
2/2 @KellyannePolls @FoxBusiness ...when you have your niche show on Fox you will be the Palin of 2020 and #trump will be in seclusion.,0
RT @moiracathleen: Trump bid to restore travel ban REJECTED by US Court of Appeals ?????????#TrumpProtest  https://t.co/eTuIK2g4Ak,0
"RT @NastyWoman20: ""There's a 1 in 3.64 BILLION chance of you being killed by a refugee""



Trump supporters: https://t.co/qeaIG4ZWh2",0
RT @mikandynothem: <U+2714> RETWEET<U+2714> if you agree with President Donald J. Trump's pick! Supreme Court Justice Neil Gorsuch will be extraordi https://t.co/bWkDoUX1xK,1
Impeach Donald J Trump  #Donald Trump #stoptrump #judiciary #notmypresident #StopPresidentBannon #amjoy https://t.co/l4HtQy5S7B,0
"Retweeted John Scalzi (@scalzi):



Angry tweets incoming:



BBC News - Trump bid to reinstate travel ban fails... https://t.co/ZydziE4ITP",0
A protestor in Berlin holding a sign during a demonstration opposing President Trump trave https://t.co/Zg3VixMt2p https://t.co/JShSG1E2We,0
RT @KeithOlbermann: The Deputy Editorial Page editor of The Wall Street Journal and I agree on the only word that fits @realDonaldTrump https://t.co/F7Z3LA6Om7,1
"@sapphasea @OkieVision

Trump supported every minority group, ""we are all Americans."" Why wouldn't you accept that?",1
"RT @GeorgeTakei: Fox's O'Reilly said to Trump, ""Putin's a killer."" Trump shrugged saying, ""You think our country is so innocent?"" Don't drink the tea, folks.",0
"RT @shannoncoulter: .@elonmusk: the longer you associate w/ Trumps, the more you &amp; your companies will be associated w/ the persecution https://t.co/tlIEjCpTIN",0
"RT @DTrumpExposed: Mr. Trump, There's 3 Branches of Gov't. They act as checks &amp; balances when the President goes mad. Threatening the https://t.co/eP41ZVFSHR",0
"RT @immigrant4trump: Hey Liberals look in the mirror, you are guaranteeing GOP rule for the next 8 years #Maga #Trump https://t.co/yVoxpcwQ3K",0
"RT @JoyAnnReid: The Republicans won't rein In Trump, but the judiciary just might. https://t.co/C1VQDnYZAH",0
"RT @TeaPainUSA: Killers?  Trump has now attacked the integrity of America to defend Vladimir Putin. Brothers and sisters, this aggression will not stand!",0
"RT @LessGovMoreFun: . ""Donald Trump is a good friend of mine. I have known him for a long time. I support all my friends....""  -Tom Bra https://t.co/q606WSqKu9",1
RT @AllenWest: Anti-Trump protesters planning MASSIVE nationwide action to...https://t.co/6i9uSE9iEB https://t.co/l0dfj4B74e,0
"RT @AP: U.S. utilities seek sun as Trump sides with coal, fossil fuels. https://t.co/Vjumx9SxRR",1
RT @NegarMortazavi: 5) Trump is destroying all of that. He's reinstated hate among thousands of ordinary Iranians who live in America &amp; are trying to go home.,0
RT @sarahkendzior: The future of the US under Trump's planned mass deportation https://t.co/f4Wi6e4qhY https://t.co/1mC9wfJvYr,0
RT @guardian: Trumps lies are not the problem. Its the millions who swallow them who really matter | Nick Cohen https://t.co/GJXOg0dw4E,0
RT @DossierTibet: China warns Donald Trump not to push it for talks with Dalai Lama https://t.co/U1d9trs504,0
@GeorgeTakei @flahertykeely SNL is killing it w/the political satire..err accurate portrayal of the American politics shit show under Trump!,0
RT @LouDobbs: Most Left-Wing Appeals Court in Nation Denies Trump Request to Reinstate Travel Ban https://t.co/hHnr6ZsWoF #MAGA #TrumpTrain #AmericaFirst,0
RT @dumptrump33: Agreed Just Trump and #SoCalledPresident https://t.co/Je6h2GnZux,1
"RT @Khanoisseur: Let this sink in-Trump's defense for journalists being killed in Russia:



""So what, we do plenty of killing too"" https://t.co/EzeW6NyG55",0
RT @Impeach_D_Trump: Please Follow us on FACEBOOK for all the latest on our Illegitimate President Trump -  https://t.co/sjFtlwYstt,1
"RT @mikandynothem: <U+2714> RETWEET<U+2714> if you are happy with President Trump and his Administration's performance so far!

Kicking butt and tak https://t.co/nCUmiIDAqu",1
@juliaerin80 @Queerty I'm with you completely. Trump is trying to give US to all rich buddies and those he wants to butter up for his gain,1
RT @cmurray862: @bynsny Mine too. But Trump accurately points out Obama counted less than half. That is the issue your world or not,1
RT @bmangh: Trump is no fascist. He is a champion for the forgotten millions | John Daniel Davidson https://t.co/Sn3c8iAXGA,0
RT @ErickFernandez: I look forward to the Donald Trump tweet about this. #SNL https://t.co/xIMuxKMrxV,1
"RT @TeaPainUSA: Thanks to Trump, we're learnin' about how the Constitution provides checks for the unbalanced.",1
"RT @maggieNYT: Chill, America. Not every Trump outrage is outrageous. - The Washington Post https://t.co/dbTzidHVzc",0
RT @StephensWSJ: Trump puts US on moral par with Putin's Russia. Never in history has a President slandered his country like this.  https://t.co/LrP8ycG1Y9,1
"Trump supporters are often very, very naive people.



Trump was educated at a school whose alumni include mobster John Gotti Jr.",0
RT @Independent: Arnold Schwarzenegger had the best response to Donald Trump https://t.co/QA5SaYYAUi,1
RT @EricLiptonNYT: Covers of The Economist &amp; Der Spiegel. Opinion in Europe re Trump seems reasonably clear. https://t.co/5RIUC8JfrL,1
RT @pawpatrol2015: German magazine sparks furor with cover of Trump beheading Statue of Liberty https://t.co/92A5cfR7AH via the @FoxNews Android app?,0
RT @cenkuygur: Elizabeth Warren gives progressives in Congress a rousing call to arms against Trump https://t.co/8WGLQAYEqa # via @HuffPostPol,0
"RT @TheMarkRomano: See how the courts work...



When Obama issues a travel ban, it is perfectly fine.



When Trump does the exact same thing, it is illegal.",0
"Rme at ppl being upset she mentioned Rob. Of course she was going to bring up the Trump tweets, she can't avoid PD's name in the process",0
The best little detail of the SNL Trump sketches is the Russian flag pin he's wearing https://t.co/4CJRAl0k2L,1
"@CNN #InsidePolitics Please don't frost over Trump's lack of manners by calling it a ""New York Attitude"". Cluelessness is not a charm.",1
ISIS WANTED US TO VOTE TRUMP INTO OFFICE! So Trumpsters did. @tonyposnanski @realDonaldTrump https://t.co/zfCi3c8p2J,0
"#IllLetYouTouchMyGenitalsIf you put on a #Trump mask and tell me all about how small your... um, loan of a million dollars was.",0
RT @RefugeeWatcher: Did you know she is paid by you to place #refugees in your towns and she is organizing demonstrations against Trump https://t.co/aKipYNDVno,0
@SolarInMASS @crburk916 @BenMank77 this is just one article outlining disappearance of Solar under oil's lobby w/ Trump. He sold u out!,0
"RT @queennn94: Kristen Stewart taking down Donald Trump and the homophobes at one go.



She has saved 2017. Play this at my funeral. https://t.co/ywlzO18FaT",0
RT @Impeach_D_Trump: The majority of Britain now says Trump's visit should be cancelled. (53%) is now larger than Brexit (51.9%) Referendum!,1
RT @wallrad: #trumptrain HERE IT COMES! Trump Just Sent His STRIKE FORCE to Chicago - https://t.co/Yg9lu3Lg6i,0
"RT @WSHHVlDS: Ellen DeGeneres' response to Donald Trump screening ""Finding Dory"" at The White House is everything: https://t.co/B5zZNlQPhQ",1
RT @CNN: A federal appeals court denied the US government's initial request to resume President Donald Trump's travel ban. https://t.co/4MDk9yuold,0
RT @Khanoisseur: 1. How did Trump get hundreds of millions from Deutsche Bank after US banks cut him off? @ZahedMod @Navista7  https://t.co/9ca3eQ5s0Z,0
Errors From The Press Are Piling Up In The Opening Weeks Of The Trump Administration https://t.co/J9rliTwQe4 via @dailycaller,0
@JudgeJeanine some people will never vote in elections. But that those not change the result of an overwhelming support for Trump.,0
@SenJohnBarrasso President Trump in the White House for two weeks and all ready on Vacation. We earn 1/2 day a month. Where is the outrage?,1
"RT @DLin71: OBAMA: America is imperfect

GOP: TREASON



TRUMP: America is like a murderous thug

GOP: Shield your eyes in the presence of this patriot",0
"RT @markmobility: Monthly cost of:

Guarding Trump Tower: $30 million

Section 8 for all 15,856 homeless NYC families: $28 million",0
"Super Bowl LI Prop Bets: Exotic Wagers Include Trump, Bundchen https://t.co/bhRueVUer6",1
Trump's Nominees Confirm He Lied About Social Security And Medicare Cuts | Crooks and Liars https://t.co/fBSn2KTvfW via @crooksandliars,0
RT @StopTrump2020: Neiman Marcus Drops Ivanka Trump Jewelry - 2nd store to drop #Trump merchandise THIS WEEK #GrabYourWallet https://t.co/0tXUbjEbzT,0
RT @Enyo287 THE #Trump anthem! ?Make America great again!? https://t.co/NPhXbfZ92g,1
RT @DTrumpExposed: What will Donald Trump do this #SundayMorning in order take the attention off of #SuperBowlSunday and put it on him https://t.co/59sY7Y38uF,1
RT @SOMEXlCAN: Eminem dissed Ann Coulter and Trump in the same verse. He really is the Rap God ???????????? #IDecided,0
"RT @DanScavino: '@realDonaldTrump is right...'

Dr. @SebGorka https://t.co/5yHlMqdsZt",1
RT @artoopio: KRISTEN MOCKED DONALD TRUMP AND CAME OUT AS GAY IN SNL MONOLOGUE WHEN WILL YOUR FAVE https://t.co/1lj07smIld,0
Judges reject Donald Trump's appeal to reinstate his travel ban https://t.co/XStd0dWb3z https://t.co/gwc3bGHTXw,0
The problem with Trump isn't Trump but that his presidency lends a voice of validity to racism and bigotry which should never be acceptable,0
"RT @RyanLizza: In 1 tweet Trump contradicts his spokesman, shows lack of basic knowledge about our constitutional structure, and m https://t.co/EcKHPefAYY",1
RT @UjamiiSingh: Appeals Court that denied DOJ's appeal on Trump's EO was 2/3 liberal who are now acting as activists instead of jud https://t.co/tYJX96IVlJ,0
RT @SenSchumer: Pres Trump's actions raise the bar higher for his SCOTUS nom. Gorsuch's ability to be an ind. check will be front &amp; center in this process.,1
RT @jack_welch: CNN this morning wringing hands over Trump deficit proposals...Where were they when Obama was adding 10 trillion??,0
"'Unprecedented: Trump opponents seek to divide US' - Gregory Copley, editor of... https://t.co/eJMliyoowE by #RT_com via @c0nvey",0
RT @MapleMoonWD: Didn't think #SNL could top @AlecBaldwin as Trump but @melissamccarthy as #SeanSpicer was classic @nbcsnl https://t.co/gwk8SOsWWM,1
"RT @jaketapper: Trump defends Putin: ""You think our country's so innocent?"" https://t.co/nW65mtBp0C",1
RT @nycjim: BIG: Appeals Court Rejects Trump's Request to Immediately Restore Muslim Travel Ban. https://t.co/kkLnfMjBGe,0
"RT @coinabs: I STAND WITH PM #NETANYAHU + @POTUS #TRUMP



AGAINST #ISLAMIC, #HAMAS, #ISIS, #HEZBOLAH, #MUSLIM BROS,  #IRAN TERRO https://t.co/eK3vI2xsKJ",0
"RT @wetumpkatea: Boston Judge Unblocks Trump Travel Ban, Asks ""Where Does It Say Muslim Countries?"" | Zero Hedge https://t.co/0yRY0leFTF",0
RT @AP: BREAKING: Appeals court denies Trump administration request to immediately reinstate ban on travelers and refugees.,0
"@joeeule Nope. Because the difference is in the details, which you well know. Trump's ban was a first step, not a solution. @Evan_McMullin",1
The Latest: Travelers under Trump ban head to US via Beirut: Lebanon's National News Agency says airlines operating https://t.co/uwxYlsyAjF,0
"RT @PrisonPlanet: Turns out that you can't use Twitter to threaten Trump supporter's children, violence &amp; doxxing. This account final https://t.co/rgipGho3m9",0
RT @TrumpGo_2016: MILO on Judge Jeanine: Donald Trump Should Withdraw Funding from Berkeley https://t.co/exnvtarb6B <U+27A5> RT ? ? https://t.co/mUNjx96qDn,0
"RT @keithboykin: If your faith allows you to believe that Donald Trump is a God-fearing Christian and Barack Obama wasn't, your faith is white supremacy.",1
@Badgerositiness @gavmacn Brexit and Trump. Now for Le Pen and Wilders. What a time to be alive.,1
RT @yashar: In honor of Kristen Stewart hosting SNL - here are the 8 tweets President Trump posted about her in the past. https://t.co/0m24xxhGSg,1
RT @UKlPVoter: Sky News attack Brexit and Trump where ever possible...they are as every bit as bad as the BBC ! https://t.co/Ixa05cSkI8,0
"RT @jonfavs: Focus on this, every day. We win the House, we can hold Trump accountable. https://t.co/8TamdaAiTP",1
"@JCTohme Trump: WRONG! Its a hoax by the chinese, hes all chinese, hes not american.. Cause China.",0
RT @Reuters: BREAKING: Judge's block of Trump's travel ban harms the public by 'thwarting enforcement of executive order': Justice Dept. appeal filing,0
RT @CNNPolitics: An avalanche of phone calls is thundering across Capitol Hill as the Senate considers Donald Trump's nominations https://t.co/N7gtyLaNOe,0
"RT @DLin71: OBAMA: America is imperfect

GOP: TREASON



TRUMP: America is like a murderous thug

GOP: Shield your eyes in the presence of this patriot",0
"RT @MichaelSkolnik: Trump is rattled.

Bannon is shut down.

Spicer can't make up his mind.

Conway is making up fake massacres.



The resistance is working!",0
"Fortunately, Pete Coors is a Trump supporter. https://t.co/7iIYfqO2g5",0
Reuters: Kuwait denies it imposed travel ban praised by Trump https://t.co/8kee6ucTsC https://t.co/mT8PthjTT4,0
RT @OnePageWriter: @KeithOlbermann Make America Clean Again - Clean of tRUMP's crap.,0
"RT @Impeach_D_Trump: Mr. Trump, I thought we Were ""Going to be Sick Of Winning"".  You lost the popular vote and now lost to the court TW https://t.co/OzsYT8BQVw",0
Russia Puts TRUMP to the TEST by Murdering Dozens Of Ukrainians&gt;&gt;&gt;Trump Says NOTHING! https://t.co/MzDH3vJfwi @cspanwj,0
"RT @THEAlleyeceeing: Trump takes the drug finasteride to treat male pattern baldness, The drug has been associated with sexual impotence https://t.co/Yq4wULyT5M",0
RT @WeNeededHillary: Meet the Bush-nominated federal judge who halted Trumps executive order https://t.co/4KMHNTryWA https://t.co/cssN0hVKRU,0
"donald trump literally has, like, white goggle marks around his eyes from where he was wearing them during his fake tanning sesh",1
"Still relevant:  Trump as the villain of ""Infinite Jest."" https://t.co/FQoYByk9dG",0
Donald Trump Jr.Big outdoor man. Have Daddy Trumpy send you to the front lines where they shoot back. No time for photos there if you cry,0
President Trump Signs Executive Order On Dodd-Frank Act! https://t.co/vs1ZB0EpQF via @YouTube,0
"RT @JoyAnnReid: One day, every Republican will have to face the utter shame of their silence in the face of Trump's outrages against decency and competence.",0
RT @davidmackau: The judge Trump attacked for ruling against his travel ban is a Republican https://t.co/vq7KDtBgBp https://t.co/QFUFWaPBAp,0
@hughster trump is a lying natcisist... So do not see the connection with him and genuine criticism of media.,0
"RT @TheTrumpLady: DON'T UNDERESTIMATE TRUMP AS #potus45. Everyone did this entire past 18 mos. 17 candidates, Clintons, MSM, Celebrit https://t.co/h6ZKEkwwmL",0
RT @sunlorrie: Trump saying U.S. isn't so pure compared to Russia will cause people who say the same thing all the time to go berserk over Trump saying it.,1
"""That's just Trump being Trump."" No excuse! Trump being Trump is dangerous and mentally unstable. He must be removed.

#TrumpIsMentallyIll",0
RT @MyNoName111: You knew already SNL would be all about roasting Trump but last night Kristen Stewart hosted it ?? https://t.co/zqWBeUorxE,0
"RT @RVAwonk: Just so we're clear, Trump has now tried to delegitimize:

-The press

-Scientists

-Intel community

-Election results

-The judiciary branch",1
"RT @RubiosAmExCard: @robreiner 19% of Russian oil company mysteriously just sold to hidden parties, same amount promised 2 trump in russian dossier.Coincidence?",0
RT @crampell: Is Trump right that banks cant lend?  Business loans made by banks as share of GDP at highest level in 50 yrs https://t.co/RjEK2GLTY8,1
"RT @DLin71: OBAMA: America is imperfect

GOP: TREASON



TRUMP: America is like a murderous thug

GOP: Shield your eyes in the presence of this patriot",0
"RT @PENamerican: Trump attacks ""so-called judge""--a Bush-appointee confirmed 99-0 in Senate. Twitter responds w/""so-called President"" https://t.co/Ol7CvlixZM",0
"RT @AlfGarnettTil: It's not so much a march against Trump now.

More like a weekly mental illness convention. https://t.co/EpHf642p3V",1
RT @jack_welch: CNN this morning wringing hands over Trump deficit proposals...Where were they when Obama was adding 10 trillion??,0
"RT @thephillyvoice: WATCH: 'SNL' skewers Donald Trump's diplomatic phone calls, Sean Spicer's press conferences https://t.co/WbdkmQhSEj https://t.co/c2rDWyXl3T",1
RT @AnsarAAbbasi: For #Trump #Obama #Bush ..... of this world. #US https://t.co/IrIzXPEm1f,0
"RT @LawyerRogelio: Donald Trump Jr. faved a tweet about how Donald Sr. would get a political boost from Quebec killer ""being Muslim"": https://t.co/sFRWB0DMMc",0
RT @markfollman: 2/ And Donald Trump Jr. helped spread the Muslim smearwhen in fact the killer was a white nationalist and Trump fan https://t.co/mgqUOnHD38,0
"@BusyB_ingMe @arcminty Exactly.  Trump picked these states b/c of this fact. No rational basis to set aside the ban, let along grant a TRO",1
RT @Writer4Trump: MILO on Judge Jeanine: Donald Trump Should Withdraw Funding from Berkeley https://t.co/KeHFgDtZA8 https://t.co/lpDAJfwi5A,0
"RT @AltStateDpt: If Melania Trump stays at Trump Tower through a 4yr term, it will cost taxpayers approx. $1.4B. Is this what populist Trump voters wanted?",0
RT @souamesfarah: Gotta be today's best cartoon #Trump #travelban #Democracy #Constitution https://t.co/uQuRfJ1ORb,1
RT @washingtonpost: Meet the Bush-appointed federal judge who halted Trump's executive order https://t.co/cGqiK2Ii4p,0
"No ban, no wall, chant protesters on Trump's Florida resort - Vanguard News https://t.co/ZUXrtkoqN8",0
RT @TrumpLoves_Amer: Supporters Stunned After Ivanka Trump Makes Devastating Announcement She Needs Your Help https://t.co/T2ZgD8bn0J https://t.co/aByEW6tQTJ,0
RT @ezlusztig: False Equivalency alert. This assimilation of Trump to previous administrations is utter garbage. Don't believe a w https://t.co/AW8EtoJhpz,0
"RT @misspixystix: This latest Trump quote drama just goes to show that people don't really care if you're evil, only that you deceive them with regards to it.",0
RT @funder: @robreiner trump &amp; associates absolutely committed treasonous acts but he also has violated the constitution from e https://t.co/svGviw5CQB,0
RT @voguemagazine: Donald Trump is currently engaged in at least five of the same exact behaviors he had attacked Hillary Clinton over. https://t.co/x61BycXqmZ,0
It's the latest company to dangle the possibility to curry favor with the Trump administration. -- https://t.co/I5hWwHFS44,1
"RT @SenSanders: Trump has to learn the very important truth stated by Washington AG Bob Ferguson: ""No one is above the law, not eve https://t.co/XvSnHY2N9g",1
Trump lashes out at federal judge who temporarily blocked travel ban https://t.co/SSH7pA6obd by #cmrondon via @c0nvey,0
RT @thehill: Schumer torches Trump for attacking judge who halted his immigration ban https://t.co/RAMHE5Q4Bf https://t.co/jLufJKvHU0,0
RT @yashar: In honor of Kristen Stewart hosting SNL - here are the 8 tweets President Trump posted about her in the past. https://t.co/0m24xxhGSg,1
RT @thehill: Schumer torches Trump for attacking judge who halted his immigration ban https://t.co/4KceIJq5oG https://t.co/Mmy7Zwwn98,0
RT @DullRussell: Anyone who's attending the Super Bowl game when Lady Gaga takes the stage stand up and yell Trump Trump Trump every https://t.co/bk9w5l1BfK,1
The #Fed and #fiscal #policy - by Bernanke #FinancialMarkets #Finance #US #Trump https://t.co/8RBywVOmqt via @BrookingsInst,0
RT @yashar: In honor of Kristen Stewart hosting SNL - here are the 8 tweets President Trump posted about her in the past. https://t.co/0m24xxhGSg,1
"RT @ABC: Melissa McCarthy skewers Sean Spicer, Baldwin reprises Trump role, Bannon portrayed as Grim Reaper on ""SNL"" https://t.co/PABReoOKRx",0
RT @NBCNews: Appeals court knocks back bid to swiftly reinstate Trump travel ban https://t.co/9MnCPSdttQ https://t.co/L3uWhFTgDx,1
Here is How People See US President Donald Trump  https://t.co/IKUYMR2xur https://t.co/7VCWH51Mae,0
@SkeddyRuxypin @hailzor And another likely reason to shift support to Trump: his malleability. He would do anything they asked.,1
RT @jonfavs: Seems like Trump might get pretty annoyed with all this #PresidentBannon stuff https://t.co/7ah65EaEzq,1
RT @LouDobbs: Most Left-Wing Appeals Court in Nation Denies Trump Request to Reinstate Travel Ban https://t.co/hHnr6ZsWoF #MAGA #TrumpTrain #AmericaFirst,0
RT @DabAggin: Shoutout to all the Trump fans who are never sure when it's *you're* vs. *your* but who are now suddenly constitutional law scholars.,1
RT @AP: BREAKING: Appeals court denies Trump administration request to immediately reinstate ban on travelers and refugees.,0
"Trump to order review of Dodd-Frank:  as Apple, Verizon, MTV and Porsche. It even overhauled https://t.co/WDTB5Qtwii #Autos #Car #Trucks",0
"RT @AynRandPaulRyan: An Unprecedented New Lawsuit Could Force Trump to Release His Tax Returns

#theResistance #SundayMorning

https://t.co/s4MlAkyuau",0
"@paulkrugman Romney is an opportunist, so he'll be one of the last to call for Trump's removal.  He's still eyeing SOS for 2nd term.",0
RT @RT_com: BREAKING: Appeals court denies Justice Dept request to reinstate Trump's travel ban https://t.co/d1lqGRCKwQ,0
RT @thehill: Trump's face found on 5K packs of Heroin during drug bust https://t.co/HyK3anm7pc https://t.co/YEYCnsG7Jr,0
"RT @Mr_Roshan: @Holbornlolz wow. @guardian goes full #fascist. Never buying it again:
https://t.co/nJg70Lxx8J
#muslimban
@realDonaldTrump",0
RT @donnabrazile: Sunday reading: This Is How Steve Bannon (Trump's ideologist) Sees The Entire World https://t.co/bwXj3B2ZRP via @jlfeder,1
This senator is hell-bent on getting out the truth about Trump and Russia https://t.co/5gE8uQWnqj via @MotherJones,1
RT @realDailyWire: Snowflakes At Washington College Sniffle 'Racism' Seeing Pictures Of Trump https://t.co/J9eS6nnGot https://t.co/34iJTSvz7Q,0
RT @riotwomennn: Breaking news: 9th Cir Ct of Appeals rejects Trump request to immediately restore Muslim ban. Tweets expected soon https://t.co/iKSewaufbN,0
RT @WeNeededHillary: Meet the Bush-nominated federal judge who halted Trumps executive order https://t.co/4KMHNTryWA https://t.co/cssN0hVKRU,0
"RT @PrisonPlanet: Turns out that you can't use Twitter to threaten Trump supporter's children, violence &amp; doxxing. This account final https://t.co/rgipGho3m9",0
RT @AP: BREAKING: Appeals court denies Trump administration request to immediately reinstate ban on travelers and refugees.,0
"This is how democracy works. trump literally thinks he has unlimited power



""Appeals court: No travel ban for now"" https://t.co/pe3GzgBXfM",1
"RT @Slate: Asked About Putin being a killer, Trump says you think our countrys so innocent?"" https://t.co/ucypd8zpxJ https://t.co/WFIxJsXete",0
"RT @Slate: McCain heroically undermined, insulted Trump in statement about Australia: https://t.co/UcxS4BXjQO https://t.co/BNQihzrLWr",0
RT @RealSeanFintak: @larryelder @law_newz now liberal appeals court just blocked Trump agin they should be held responsible if we get hit agin due to their acts,0
The latest The https://t.co/FbW453aQgR Daily! https://t.co/U2dUxECdiB Thanks to @defendfreespeak @AlinaMeridon @Nen__17 #protest #trump,0
RT @nytimes: A video of Ivanka Trumps daughter singing a New Years song in Chinese has gone viral in China https://t.co/lMYxGtkuEH,1
"RT @ddale8: Obscure websites published a fake story that Kuwait was copying Trump's ban. The president Facebooked it, got 67,00 https://t.co/JXXgrVQAOL",0
"RT @DLin71: OBAMA: America is imperfect

GOP: TREASON



TRUMP: America is like a murderous thug

GOP: Shield your eyes in the presence of this patriot",0
"RT @GailRNJD: In an interview with Bill O'Reilly, Trump defended Putin &amp; said America has killers too. He respects Putin, implied he didn't respect r govt",1
LIVE: Protest against Trumps Muslim Ban in DC https://t.co/5Ch1QjB3Ue,0
"RT @funder: Why is Putin the only person in the world that Trump has never criticized?



#dworkinreport #trumpleaks #resist #theresistance #trumprussia",0
RT @angeloftruth11: Anyone who's attending the Super Bowl game when Lady Gaga takes the stage stand up and yell Trump Trump Trump every https://t.co/Qah1Uffewz,1
RT @yamphoto: This could be big deal: A national strike has been called to stop Donald Trump for Feb 17. #nationalstrike https://t.co/sd4bpHCW13,0
"RT @HuffingtonPost: Veterans vs. Trump: Pipeline will never be completed, warriors vow https://t.co/xhKOUxRmwt https://t.co/y2YZt6dRDK",1
"RT @altusda: Can be bipartisan issue. Unfortunately, however, not a Trump issue. Conservatives who care about animals need to pu https://t.co/PxFY1pEhg0",1
RT @hrkbenowen: RETWEET if you agree with Trump that Australian refugees are not America's problem. https://t.co/EjIKZtSCT5,0
"RT @Lucian_Kim: ""Pro-American guys in Bulgaria are turning against US because they cannot tell difference between Putin and Trump."" https://t.co/4oJQPbeZ9C",0
"RT @NPR: BREAKING: Appeals court denies Trump admin. request for stay of injunction on immigration order, meaning the Trump order remains suspended.",0
RT @cj_disabled: Unprecedented and unpresidential: CNN security expert blasts Trumps defense of Putin https://t.co/phRYCcBwxF,0
RT @riotwomennn: 7 federal judges have agreed that Trumps Muslim ban is illegal just like @SallyQYates told Trump. https://t.co/KPf6LfvTzD,0
RT @EricLiptonNYT: Covers of The Economist &amp; Der Spiegel. Opinion in Europe re Trump seems reasonably clear. https://t.co/5RIUC8JfrL,1
@pewdiepie photoshop milenia trump,0
@CoolFMNigeria I won't really blame trump I rather blame the the selfish Nigerians who stole #smh,0
"'Saturday Night Live': Alec Baldwin returns as Donald Trump, but Melissa McCarthy steals the show as Sean Spicer https://t.co/ABdVC0QLEs",0
"RT @markmobility: Monthly cost of:

Guarding Trump Tower: $30 million

Section 8 for all 15,856 homeless NYC families: $28 million",0
Red Ice Radio: Kevin MacDonald &amp; Andrew Joyce Discuss Leftist Violence in Trumps America  Daily Stormer https://t.co/M4aelFNscH,0
"RT @queennn94: Kristen Stewart taking down Donald Trump and the homophobes at one go.



She has saved 2017. Play this at my funeral. https://t.co/ywlzO18FaT",0
"RT @queennn94: Kristen Stewart taking down Donald Trump and the homophobes at one go.



She has saved 2017. Play this at my funeral. https://t.co/ywlzO18FaT",0
@ChristiChat @springsteen I am with you America should be shamed and embarassed right now w/TRUMP minions trolls &amp; demon spawn,0
"RT @queennn94: Kristen Stewart taking down Donald Trump and the homophobes at one go.



She has saved 2017. Play this at my funeral. https://t.co/ywlzO18FaT",0
"@lionelmedia If you take out all of the Illegals, Dead, fraudulent Voters, Donald J. Trump won with a landslide Popular + Electoral votes",0
RT @EricAPosner: Neil Gorsuch must condemn Trump for so-called judge remark; his friends in the legal community must withhold their support until he does.,0
RT @voguemagazine: Donald Trump is currently engaged in at least five of the same exact behaviors he had attacked Hillary Clinton over. https://t.co/cb3q5XUFE4,0
"RT @NoRightsForYou: @realDonaldTrump CYNICAL TO BLAME JUDGE, AND NO <U+2721><U+FE0F> #JEWS WHO CREATED THE PROBLEM<U+203C><U+FE0F> #Hialeah #Sputnik #TRUMP https://t.co/UmjVcVG9KU",0
RT @nprparallels: Trump's Immigration Ban Leaves Syrian Family Stuck In Jordan https://t.co/EtO0le5Pu6,0
RT @cnnbrk: A federal appeals court denied the US government's initial request to resume President Donald Trump's travel ban. https://t.co/gB70irt1AX,0
RT @ActionTime: Please Retweet Video Proof of Trump Tyranny:Trump's Most bone-chilling Tweet that Insults Federal Judge #Resistance https://t.co/Ur96E2lilI,0
"RT @rashadalaiyan: When someone says ""give Trump a chance"" https://t.co/qUnPHz2WAO",1
RT @MarkRuffalo: Congress: Require Trump to prove he has no Dakota Access Pipeline conflicts of interest: #NoDAPL https://t.co/x9UaqSA4xP @moveon,1
"RT @brianstelter: &gt; @EdAtPost on Inside Politics: Trump ""continues to use the word 'illegals.' It is about as offensive as it gets""  https://t.co/BfmxwEgG9Q",0
Trump Fires Acting AG Who Refused to Defend Immigration Ban.. Related Articles: https://t.co/DHyOrzands,0
RT @yashar: In honor of Kristen Stewart hosting SNL - here are the 8 tweets President Trump posted about her in the past. https://t.co/0m24xxhGSg,1
"<U+2600> Who wins from Trump immigration policy? Robotic berry pickers, for a start #TTiNFo https://t.co/qbZoqHxxpf",1
@MoreCilantro him who ? Trump. Don't tell me to follow the Am way if I want to live here. I respect &amp; love my Country &amp; POTUS .,1
RT @scrog218: #Trump approval rating :54% approve 46% disapprove https://t.co/kvHaI4dcHq,1
"RT @Tennessean: Sorry, Donald Trump, you're no Andrew Jackson https://t.co/4CxhypWmLG",0
RT @kylegriffin1: So....... how long till Trump attacks #SNL again?,0
German Magazine Spiegel Portrays Trump as Islamist Beheader in Cartoon Front Page https://t.co/BMvaSL2L8M,0
"RT @nytimes: ""So-called"" judge who blocked Trumps immigration order is described by colleagues as a ""mainstream"" Republican https://t.co/7n9z0DUBXE",0
"RT @ABC: Sens. @BenSasse and @amyklobuchar weigh in on Pres. Trumps SCOTUS nominee and more, this morning on @ThisWeekABC https://t.co/ivhZy8lqGM",0
"RT @DLin71: OBAMA: America is imperfect

GOP: TREASON



TRUMP: America is like a murderous thug

GOP: Shield your eyes in the presence of this patriot",0
RT @business: Miami's billionaire condo king rejects his friend Trump's offer to build the wall https://t.co/SjctPUU5Px https://t.co/bfsnyELTGf,1
"@BraddJaffy Trump has a tell. When he's lying, his speech devolves into fragmented nonsense.",0
Super Bowl: Trump protesters and Lady Gaga prepare for Houston spectacle https://t.co/4jbHYZ5Dws,1
"RT @MMFlint: Thank you, So-Called President Trump! I've been struggling for 2 weeks over what to call you, and your tweet here g https://t.co/ZLpZLlnHV8",0
"RT @AnonymousMsBig: @funder @SenWarren At this point, Trump is causing a sense of fear in this country. Wouldn't you say that he's a terrorist?",0
RT @sarahkendzior: The future of the US under Trump's planned mass deportation https://t.co/f4Wi6e4qhY https://t.co/1mC9wfJvYr,0
RT @MrGee54: Trump did what????? Thats crazy. Be blessed https://t.co/DS8XNUzeD4,1
RT @SheriffClarke: Pres Trump takes weekend away from D.C. @ABC goes apoplectic but silent when Obama vacationed during Louisiana floo https://t.co/6zZA48Dx80,0
RT @GyptianMummy: You saying Trump is a terrorist too?? #MuslimBan https://t.co/TBoMWUe9Ay,0
RT @gaycivilrights: For Third Time in Two Days Senate #GOP Changes Rules to Force Committee Confirmation of Trump Nominee https://t.co/zVdlQFNmKi,0
RT @Reuters: Kuwait denies it imposed travel ban praised by Trump https://t.co/mvuwFBjfx0 https://t.co/p2MgW0eRdH,0
RT @postonpolitics: Trumps Super Bowl Putin shrug: Weve got a lot of killers https://t.co/wIoydqYy7u,0
"RT @brianstelter: Who are the ""many people"" who have said Trump is right about millions of illegal votes? https://t.co/1otak03OQZ",0
"RT @hdagres: #Trumps confirmed transportation secretary Elaine Chao was paid $50,000 to deliver 5-min speech on behalf of #MEK https://t.co/PbfwNHqvbg",1
RT @LouDobbs: Most Left-Wing Appeals Court in Nation Denies Trump Request to Reinstate Travel Ban https://t.co/hHnr6ZsWoF #MAGA #TrumpTrain #AmericaFirst,0
You think our country is so innocent?  Trump asks after OReilly calls Putin a killer https://t.co/tFcJTXGUuE https://t.co/l2cyn8Kb0E,0
RT @BritainFirst: BRITAIN FIRST STANDS WITH PRESIDENT TRUMP! https://t.co/v0jatejxJ7,0
"RT @Kasparov63: Disgusting. There is nothing Trump won't do to praise Putin, comparing the US to a dictator of 17 years who murders https://t.co/pCBJolVqPz",0
RT @mcspocky: Two-thirds of Britons believe Trump is 'threat to international stability' https://t.co/CHUX6YXJWT https://t.co/uK3OMxe51g,0
RT @crampell: Is Trump right that banks cant lend?  Business loans made by banks as share of GDP at highest level in 50 yrs https://t.co/RjEK2GLTY8,1
"RT @timpastoor: @iang_fc Trump is probably the best troll ever. He seems to know how the system works. Hence, he knew how to 'hack' it.



@Suitpossum",0
RT @StephensWSJ: Trump puts US on moral par with Putin's Russia. Never in history has a President slandered his country like this.  https://t.co/LrP8ycG1Y9,1
Eichenwald: Can Trump Tell the Difference Between Truth and His Lies? https://t.co/hy4GUR3TSe,0
RT @RumiQuotes: Where there is ruin there is hope for treasure. #Trump https://t.co/CoYvKKvY51,1
RT @artoopio: KRISTEN MOCKED DONALD TRUMP AND CAME OUT AS GAY IN SNL MONOLOGUE WHEN WILL YOUR FAVE https://t.co/1lj07smIld,0
RT @Impeach_D_Trump: American's Have a New Way to Salute Donald Trump https://t.co/mCnI5KY48x,1
"RT @nytimes: S.N.L. Goes After Trump Again, With Melissa McCarthy as Sean Spicer https://t.co/VOLvsHIWgn",0
"RT @brianefallon: Since Trump does not respect the judiciary as an equal branch, fair to assume his SCOTUS pick is one he doesn't think will check his power.",1
RT @surfinwav: Trump promises a lot of things to everyone. Can he deliver? Let's see what Rex Tillerson can do. Crimea had their e https://t.co/2BV7K3BnXJ,1
RT @activist360: Donald Trump Jr. liked tweet hoping Quebec shooter was a Muslim because it would help his Islamophobe bigot daddy https://t.co/Zmoj355MWt,0
"RT @NPR: BREAKING: Appeals court denies Trump admin. request for stay of injunction on immigration order, meaning the Trump order remains suspended.",0
"RT @UKIPNFKN: With Trumps help, British bananas will bend again | Stewart Lee via @Guardian

#Brexit #Democracy #Politics

https://t.co/I8tL1nY1Oi",1
"RT @NPR: BREAKING: Appeals court denies Trump admin. request for stay of injunction on immigration order, meaning the Trump order remains suspended.",0
RT @piersmorgan: Reposting this photo from yesterday's London anti-Trump march. Staggering. https://t.co/aAvJ6yJXID,0
"RT @markmobility: Monthly cost of:

Guarding Trump Tower: $30 million

Section 8 for all 15,856 homeless NYC families: $28 million",0
"RT @RVAwonk: #BREAKING: Appeals court denies Trump admin's request to reinstate #MuslimBan. ie, Trump lost another court battle. https://t.co/VLcxFKEJ2V",0
Liberal lynch mob trolling Trump could bring down US democracy https://t.co/BpHN8gqhm4,0
"RT @WilliamsJon: 64% of UK thinks #Trump threat to global security: dangerous, unstable &amp; bigot. Time to rethink #StateVisit?

https://t.co/BVypKtMy9R",0
RT @shortmsgs: Donald #Trump Is Going To Hate This Saturday Night Live Skit So Much https://t.co/y6RwPwFGGY via @motherjones,0
"RT @CTVNews: ICYMI: Do Trump's banned countries include countries where he has known business interests?

https://t.co/kcdYvkZ6BV",1
trump reminds me of a male dog racing to piss on everything behind Obama to cancel out Obama. Unhinged!,0
RT @ABC: US Court of Appeals denies Dept. of Justice's emergency motion to lift Trump travel ban restraining order https://t.co/a1Vcauqm5S,0
@jk_rowling let me guess anti Trump and anti border millionaire :-). I am with you,0
"RT @ForPlebs: &gt;shitlib: America is evil, no more foreign wars!!!!

&gt;Trump: I respect Putin, and btw, our country isn't innocent either

&gt;shitlib: REEEEEEEEE",0
"RT @PrisonPlanet: Turns out that you can't use Twitter to threaten Trump supporter's children, violence &amp; doxxing. This account final https://t.co/rgipGho3m9",0
RT @washingtonpost: Meet the Bush-appointed federal judge who halted Trump's executive order https://t.co/cGqiK2Ii4p,0
"RT @wikileaks: Trump on US government last night: O'Reilly: ""Putin's a killer"" Trump: ""There are a lot of killers. You think our country is so innocent?""",0
RT @Law_Mana: Trump lawyers filed appeal to reverse #JudgeRobarts decision. If you're traveling call your lawyer for updates. #muslimban #nowallnoban #IAH,1
RT @Obieoberholster: We will impose sanctions on Malema if he keeps abusing white people  Donald Trump https://t.co/E0PKeb3TJZ via @Mzansilivenews,0
RT @Peter_Wehner: If Obama/HRC slandered America like Trump does the right would go berserk. Yet because it's Trump many will go sotto voce. So revealing.,1
@thehill Another reason Trump won! Keep it up for Trumps second term!,1
"RT @edatpost: Eric Trumps business trip to Uruguay cost taxpayers $97,830 in hotel bills https://t.co/42MBFnT9vU",0
"RT @KazeSkyz: ISIS is tossing gays off buildings, yet these #stonewall libtards are shrieking b/c President Trump wants to protec https://t.co/uIQiLPzewR",0
RT @Im_watching_now: OReilly told Trump that Putin is a killer. Trumps reply: You think our country is so innocent? https://t.co/3BEupNaVFG,0
"RT @rafshmatko: #January 20, 2017 -  New America With President Trump #MAGA #TRUMP #DonaldTrump https://t.co/tbdnA3VTol",0
SNL Just Shredded Trumps Press Secretary Sean Spicer - https://t.co/mKljh0I7d2,0
RT @piersmorgan: Reposting this photo from yesterday's London anti-Trump march. Staggering. https://t.co/aAvJ6yJXID,0
Trump issues statement for National Catholic Schools Week @AleteiaEn https://t.co/KdJPow6z6f,0
"RT @DrTomMartinPhD: Donald Trump said, ""YOU Have To Be Wealthy In Order To Be Great."" https://t.co/8lbUgxCLxM  #PoliticsNation",1
"To all of you Donald Trump supporters so sad with your loss ,

Here .. have some https://t.co/3OLVie5AWR",0
"RT @simon_schama: Trump has no understanding of ir belief in, American democracy. He's just a two-bit tinpot con man - GOP forever st https://t.co/yyfd5Xtixz",1
"RT @NastyWoman20: ""There's a 1 in 3.64 BILLION chance of you being killed by a refugee""



Trump supporters: https://t.co/qeaIG4ZWh2",0
"RT @IndiaFinger: Bet by the next year of Trump's presidency, peaceful-jihadis/adarsh-liberals/leftist will start seeing lot of Mahatma Gandhi in Modi !",0
@kat_tastic Trump puts me in mind of a dog looking 4 a lamp post in a blackout..... World watch where u put ur feet! ?,0
RT @starfirst: Via @NPR: Ethics Lawyers Call Trump's Business Conflicts 'Nakedly Unconstitutional' https://t.co/72wMFq4Iic,0
RT @AllenWest: Anti-Trump protesters planning MASSIVE nationwide action to...https://t.co/6i9uSE9iEB https://t.co/l0dfj4B74e,0
"RT @NegarMortazavi: 6) Trump is destroying America's image, going back to the dark era of Bush. When he came out of the blue and called Iran the ""Axis of Evil"".",0
"RT @Impeach_D_Trump: Mr. Trump, if that Judge is a ""So-called Judge"", then you are our ""So-called President""!

#SoCalledPresident

RETWEET!",0
RT @voiceofforex: I voted for trump but seriously I'm starting to get nervous. @realDonaldTrump # jobs #focus #presidential #growup https://t.co/1sWV2yqCIq,1
NRA-ILA | Trump #SupremeCourt Nominee #NeilM.Gorsuch Would Respect the Second Amendment https://t.co/SJiLwddSbg,1
RT @BCAppelbaum: Well it's been two weeks and now President Trump is openly questioning the legitimacy of the judiciary. https://t.co/QwNqone5RA,1
"RT @luisbotello41: my dad's friend owns a restaurant and he got this today in one of the receipts.

This is Trump's America, disgustin https://t.co/Mi2wRgVuMh",1
RT @aljwhite: Look forward to Trump having a shitfit over Kristen Stewart in a few hours https://t.co/PYy8tsM14y,1
"RT @NickKristof: My Sunday column: Post-Trump,  Canada may now be the country best reflecting the values of the Statue of Liberty https://t.co/GpOuenHUza",1
RT @nytimes: So-Called Judge Criticized by Trump Is Known as a Mainstream Republican https://t.co/i6QCDazHtn,0
"RT @WalshFreedom: All these legal machinations aside, eventually, Trump's immigration ban will stand.



It's within our right to limit immigration.



Grow up.",1
RT @ezlusztig: The majority saying Trump's visit should be cancelled (53%) is now larger than #Brexit (51.9%) Referendum! Democracy!https://t.co/amwy4ebiIR,1
RT @AGOWA: Trump Administration's request for immediate administrative stay DENIED. https://t.co/R3tTRPyv3U,0
RT @EricAPosner: Neil Gorsuch must condemn Trump for so-called judge remark; his friends in the legal community must withhold their support until he does.,0
"RT @JohnCleese: Did you notice President Trump is speaking more and more slowly and deliberately ?

It's to give him a better chance of understanding himself",1
Meet the Bush-appointed federal judge who halted Trump's executive order https://t.co/4zY5ZOv7HY Great article about Robart,0
RT @ereller25: The best little detail of the SNL Trump sketches is the Russian flag pin he's wearing https://t.co/4CJRAl0k2L,1
@LightningShade0 The same e-celebs have exclusively attacked all opponents of Trump and only opponents of Trump.,0
"RT @BraddJaffy: Trump Sat: It's a ban

Spicer Sun: It's a ban

Conway Sun: It's a ban

Trump Mon: It's a ban

Spicer Mon: It's a ban

Sp https://t.co/9mqovHnkZY",0
RT @AGOWA: Trump Administration's request for immediate administrative stay DENIED. https://t.co/R3tTRPyv3U,0
"RT @edgarwright: I don't know if you've all seen 'The Omen', but Trump's own Twitter header seems to predict his imminent impaling b https://t.co/lZEy8eT0bX",0
"Two-thirds of #Britons believe #Trump threats international stability

https://t.co/9cBUmEltvY https://t.co/G9MD7hZb9y",0
RT @RhonddaBryant: May was over hasty with state visit offer. MPs won't show if he comes so she will now offend Trump by downscaling trip so he won't come.,0
RT @sarahkendzior: The future of the US under Trump's planned mass deportation https://t.co/f4Wi6e4qhY https://t.co/1mC9wfJvYr,0
RT @AP: BREAKING: Appeals court denies Trump administration request to immediately reinstate ban on travelers and refugees.,0
RT @mcspocky: Two-thirds of Britons believe Trump is 'threat to international stability' https://t.co/CHUX6YXJWT https://t.co/uK3OMxe51g,0
RT @Reuters: BREAKING: Judge's block of Trump's travel ban harms the public by 'thwarting enforcement of executive order': Justice Dept. appeal filing,0
"RT @luisbotello41: my dad's friend owns a restaurant and he got this today in one of the receipts.

This is Trump's America, disgustin https://t.co/Mi2wRgVuMh",1
RT @artoopio: KRISTEN MOCKED DONALD TRUMP AND CAME OUT AS GAY IN SNL MONOLOGUE WHEN WILL YOUR FAVE https://t.co/1lj07smIld,0
RT @haaretzcom: The 'so-called judge' who stymied Trump's ban: Tough conservative who fostered 6 at-risk kids https://t.co/CALh8pf85e,0
RT @politico: The Democrats face up to their Trump problem https://t.co/7uBvc0WlN5 https://t.co/5dR52DAhXe,0
"RT @back2stonewall Actor Matthew McConaughey: We Have No Choice But To Embrace Donald Trump, Hes Our President https://t.co/omKGeSV3xw https://t.co/oC2V8JdiBw",1
"Dolly Parton on Donald Trump, New Tour and 'Simple' Music #DollyParton https://t.co/KOg1iP5ljb #dollyparton",1
RT @CBS12: Anti-Trump protests in Palm Beach ended peacefully @PalmBeachPolice @PBCountySheriff @WestPalmPD had zero arrests https://t.co/bgB9DvPgjZ,0
"RT @GeorgeTakei: Fox's O'Reilly said to Trump, ""Putin's a killer."" Trump shrugged saying, ""You think our country is so innocent?"" Don't drink the tea, folks.",0
"RT @AltStateDpt: Obama family travel cost taxpayers approx. $10M/yr. In 2wks, Trump is at $3M plus Eric Trump's Uruguay trip costing https://t.co/RaBvA5XiZR",0
RT @alb353: Petition: Donald Trump should make a State Visit to the United Kingdom. https://t.co/sFYR9IwDU9 WE R GETTING THERE - MODERATES PLEASE SIGN,1
"""MSNBC &amp; Fox capitalizing on Trumps TV watching habits dramatically increasing issue advocacy advertising rates"" https://t.co/SQBXSngh05",1
"Two-thirds of #Britons believe #Trump threats international stability

https://t.co/o6xlhGZtn3 https://t.co/oE3S05y8Ns",0
"RT @luisbotello41: my dad's friend owns a restaurant and he got this today in one of the receipts.

This is Trump's America, disgustin https://t.co/Mi2wRgVuMh",1
"RT @DavidAFrench: You won't see many conservatives defend Trump's Russia comment. They'll be silent, but they'll know they'd race to Fox to condemn a Dem.",0
Trump has no heart.  Thanks once again to Canada for stepping up to fill the void. https://t.co/yALdI3i2ot,0
"RT @cowards_are_us: @realDonaldTrump IS TAKING USA DOWN THE ROAD 2 HELL-NO RESPECT 4 WOMEN, POOR OR MINORITIES! #WomensMarch https://t.co/NXSFDRKjUk",0
RT @AJENews: BREAKING: US appeals court rejects justice department's request to reinstate President Trump's immigration ban https://t.co/eJpUCPz34N,0
"RT @thehill: WATCH: Trump and Bannon as Grim Reaper go to war with foreign leaders on SNL

https://t.co/M6W9SsF3Ew https://t.co/HmKouPe45k",0
Courts And Trump Administration Clash Over Immigration Order https://t.co/i90tSUtplP,0
RT @AllenWest: WHOA: Look what we found about the judge who BLOCKED Trump's travel ban https://t.co/QqJO8FyIAF https://t.co/j79LAuuKaQ,0
"RT @pierre: In principle, good to sit down with opponents, but only if it's in good faith. Trump camp uses you for legitimacy. https://t.co/ZJjnpSall0",1
"RT @Fusion: ""Welcoming refugees is a duty of solidarity.""



World leaders are speaking out against Trump's immigration order: https://t.co/vgYQSb1fhq",1
"RT @greenhousenyt: Great SNL opening last night, showing that Steve Bannon, not Trump, is calling the shots &amp; is the real president. https://t.co/5yKN3z6KsW",1
RT @MaggieJordanACN: Trump suffers another loss. A Federal Appeals Court Rejects Request to Immediately Restore His #MuslimBan https://t.co/aYplVzSElP,0
RT @sjredmond: Mike Huckabee and Donald Trump.Some people wear Christianity for the same reason they wear cubic zirconia.It's all about appearance.,1
"RT @AriMelber: In ruling against Trump ban, Judge Robart said 7 countries' link to immigrant terror must be ""grounded in fact rather than fiction.""",0
"RT @JeffreyGuterman: #Trump has a dire need for success/approval &amp; morbid fear of failure/rejection. Hence, he lacks humility &amp; can't laugh at himself on #SNL.",0
RT @StephensWSJ: Trump puts US on moral par with Putin's Russia. Never in history has a President slandered his country like this.  https://t.co/LrP8ycG1Y9,1
Trump Denied! https://t.co/7D87Wv4ovX,0
Elon Musk Says He Is Doing Good On Trump's Advisory Council https://t.co/EuLwKyVrE0 via @YahooNews,1
@GStephanopoulos @VP @ThisWeekABC he will avoid that as his boss would be angry! It's Russia Trump and Bannon only friend!,0
RT @RefugeeWatcher: Trump should invite Orban to the White House soon and make the Islamists and the Left go crazy (crazier then they a https://t.co/yrkRnqgGIT,0
"Trump defends Putin: ""You think our country's so innocent?""

https://t.co/nPqgsr4IJF

 Trump stick up for Russia &amp; knocks his own country dumb",0
@MAGAUSA1 Do you think posting this changes anything in regards to what a joke Trump is? Sad you can't defend DT &amp; must attack comedy actor.,0
RT @piersmorgan: Reposting this photo from yesterday's London anti-Trump march. Staggering. https://t.co/aAvJ6yJXID,0
"@politico ""Democrats say it's Trump fault...""  Of course.   Dems lose-  Pres. House Senate Supreme Ct. -Uh maybe time to look in mirrior???",1
RT @ezlusztig: The majority saying Trump's visit should be cancelled (53%) is now larger than #Brexit (51.9%) Referendum! Democracy!https://t.co/amwy4ebiIR,1
"RT @nytimes: ""So-called"" judge who blocked Trumps immigration order is described by colleagues as a ""mainstream"" Republican https://t.co/7n9z0DUBXE",0
"Alec Baldwin's Trump is back on 'SNL': 'Prepare to go to war'

https://t.co/tHS10xz46Y",0
As long as the courts stand up to Trump all is not lost. Shame that that is all that seems to be standing between America and autocracy.,0
RT @BillMoyersHQ: .@addiestan looks at how Christians are winning w/ #Trump in the White House https://t.co/T6EDtrDmQo,1
RT @piersmorgan: Reposting this photo from yesterday's London anti-Trump march. Staggering. https://t.co/aAvJ6yJXID,0
RT @StephensWSJ: Trump puts US on moral par with Putin's Russia. Never in history has a President slandered his country like this.  https://t.co/LrP8ycG1Y9,1
RT @Reuters: BREAKING: Judge's block of Trump's travel ban harms the public by 'thwarting enforcement of executive order': Justice Dept. appeal filing,0
"RT @MarcusC22973194: Trump supporters are often very, very naive people.



Trump was educated at a school whose alumni include mobster John Gotti Jr.",0
"RT @RVAwonk: #BREAKING: Appeals court denies Trump admin's request to reinstate #MuslimBan. ie, Trump lost another court battle. https://t.co/VLcxFKEJ2V",0
Trump vs. global supply chains | One Tiny Widget's Dizzying Journey Shows Just How Critical Nafta Has Become https://t.co/GSqObKDeF1,0
"RT @finy06: ""Whether we are black or brown or white, we all bleed the same red blood of patriots"" says Donald Trump??????????

G https://t.co/qzRkHT9CSH",0
DHS suspends 'any and all actions' on Trump travel ban https://t.co/TIhgeCx2e6 BWCentral  #latinos @realDonaldTrump #2A #tcot https://t.co/hwHPEay5iJ,0
"RT @kylegriffin1: A federal appeals court has rejected a DOJ request to immediately restore Trump's travel ban.

https://t.co/DHhvqlLqcp",0
Trump is an #Outsider? He is a Billionaire who has given #Money 2 both #Political Parties. Hardly a Outsider/ #Greensboro #Jacksonville #USA https://t.co/gCflmAeNzr,0
RT @FoxNews: Pentagon strikes new F-35 deal with Lockheed after Trump involvement https://t.co/nfX8fBv0TX https://t.co/7xD5SFh3nc,1
"RT @RyanLizza: In 1 tweet Trump contradicts his spokesman, shows lack of basic knowledge about our constitutional structure, and m https://t.co/EcKHPefAYY",1
"RT @mashable: Alec Baldwin's Trump is back on 'SNL': 'Prepare to go to war'

https://t.co/tHS10xz46Y",0
RT @thehill: Appeals court rejects Trump request to restore immigration ban https://t.co/MZcqrosQTU https://t.co/062UgE8ISJ,0
.@BilldeBlasio: @FoxNews paved way for Trump https://t.co/AldfSMAPmc https://t.co/DR1Qo8qh9l,0
LIVE: Protest against Trumps Muslim Ban in DC https://t.co/a7xkQRxHe2,0
"RT @greennomad61: Why Nobody Cares that #Trump Is Lying

#NotMyPresident

https://t.co/6NLFY18Gpy

#NYTimes ?",1
RT @AlanZibel: Is Donald Trump right that banks cant lend? No. Business loans are at their highest share of GDP in 50 years)  https://t.co/1cLrpxwwBC,1
RT @ddale8: This is a full transcript of President Trump's speech to his Black History Month event. https://t.co/uJ9iXvUOGr,0
"RT @MollyMEP: It's compulsive believers rather than compulsive liars who are the problem: a long read but worth it #ResistTrump

https://t.co/xMLQcMfUMG",0
"RT @SteveKoehler22: A vandal spray-painted  ""TRUMP  RULES""

right on the White House



How awkward when security cameras

revealed it was Trump himself who did it",1
RT @piersmorgan: Reposting this photo from yesterday's London anti-Trump march. Staggering. https://t.co/aAvJ6yJXID,0
Trump shows his lack of class &amp; disrespect 4 women. It's no wonder he has gone through so many wives.... https://t.co/CE7ESoYBMI,0
"RT @HeerJeet: While it's true Paul Ryan's complicity in Trumpism is shameful, don't forget the idealism behind it: a desire to in https://t.co/or5vunLbeH",1
"RT @DavidCornDC: Your @PressSec said it's not a ""ban"" &amp; castigated reporters for using that word. So will he now say Trump is wrong https://t.co/SDPBvDJu5e",0
"RT @kboreilly: FiveThirtyEight: ""Trumps Immigration Order Could Make It Harder To Find A Psychiatrist Or Pediatrician."" https://t.co/6M4gnXObag",0
"@SecondLady You, your husband, Trump, and all the others are just simply horrible.",0
"RT @HuffingtonPost: Veterans vs. Trump: Pipeline will never be completed, warriors vow https://t.co/xhKOUxRmwt https://t.co/y2YZt6dRDK",1
Trump just halted a major rule about retirement advice https://t.co/YxahXr3L8f via @CNNMoney,1
"RT @kylegriffin1: Sen. Bob Casey fact checks Trump's immigration tweets, knocks his ""exec orders written on the back of a napkin"". https://t.co/UKXxIHtakJ",0
"RT @hrkbenowen: Obama banned Iraqi's from coming to the US in 2011 for 6 months and judges stayed quiet. But with Trump, it's a who https://t.co/SpIkspWJhF",0
RT @Reuters: Kuwait denies it imposed travel ban praised by Trump https://t.co/mvuwFBjfx0 https://t.co/p2MgW0eRdH,0
"Exactly.



""Rooting for Tom Brady used to be easy. Until Donald Trump came along."" https://t.co/OnmQtOtYP3 https://t.co/nLGL7bPBwy",1
"RT @ScottErnst0331: Let's get #TurnOffLadyGaga trending!

#Trump #MAGA #GOP #WINNING

#Superbowl https://t.co/kFzcqXNcAo",1
"RT @TheMarkRomano: See how the courts work...



When Obama issues a travel ban, it is perfectly fine.



When Trump does the exact same thing, it is illegal.",0
"RT @jaketapper: Trump defends Putin: ""You think our country's so innocent?"" https://t.co/nW65mtBp0C",1
RT @JustSchmeltzer: So @ABFalecbaldwin as Trump wearing a Russian Flag pin is an excellent touch. https://t.co/4HCYZInlrP,1
@DepTex2 @Patsy1207 @CHeathWFTV @RoxyMaggs trump is spreading shit like a goat's ass and people eat it like candy,0
"RT @queennn94: Kristen Stewart taking down Donald Trump and the homophobes at one go.



She has saved 2017. Play this at my funeral. https://t.co/ywlzO18FaT",0
RT @CauseWereGuys: this guys trump impersonation is spot on ?  https://t.co/nIecTaMF4h,0
RT @LouDobbs: Most Left-Wing Appeals Court in Nation Denies Trump Request to Reinstate Travel Ban https://t.co/hHnr6ZsWoF #MAGA #TrumpTrain #AmericaFirst,0
"RT @AynRandPaulRyan: An Unprecedented New Lawsuit Could Force Trump to Release His Tax Returns

#theResistance #SundayMorning

https://t.co/s4MlAkyuau",0
RT @BashirSaade: Donald Trump might be more popular than you think https://t.co/0ALBxHJvxh,1
RT @tonyposnanski: I edited Trump's tweet to say what he really meant today. https://t.co/A5VCZzPJLJ,0
RT @PamelaGeller: Notorious BLM activist judge halts Trump travel ban nationwide https://t.co/gncjkydzvs https://t.co/bs97LWXBf5,0
"RT @NkirukaNistoran: BIAFRANS CHOSE TO CELEBRATE WITH DONALD TRUMP, NIGERIA GOVERNMENT CHOSE TO SPILL THEIR BLOOD ONCE AGAIN https://t.co/i9lWp6hZSV",0
"RT @JoyAnnReid: The Republicans won't rein In Trump, but the judiciary just might. https://t.co/C1VQDnYZAH",0
LISTEN: Protest against President Trump's so-called 'Muslim ban' to be held in Belfast https://t.co/mT1mzz50U0 via @U105radio,0
RT @artoopio: KRISTEN MOCKED DONALD TRUMP AND CAME OUT AS GAY IN SNL MONOLOGUE WHEN WILL YOUR FAVE https://t.co/1lj07smIld,0
Think Trump should have handled the #MuslimBan better? He would have. Most will reject the truth. https://t.co/ww6uyyxHQb #MAGA,0
"RT @McCormackJohn: Reagan: America is a shining city on a hill. The Soviet Union is an Evil Empire.



Trump: Meh. No better than Putin.",1
RT @PalmerReport: RETWEET THIS if you think more people should stand up to Trump's pet nazi Steve Bannon: https://t.co/TAOp9kssSo,0
RT @djrothkopf: Worth observing that Trump has never been as loyal to either his business associates or his wives as he is to Putin https://t.co/d86xPf0fMZ,1
"Hold this ""L"", Old Orange One!!!



<U+26A1><U+FE0F> President Trump's bid to reinstate travel ban rejected by court



https://t.co/DOQ9mvKD2R",0
RT @DTrumpExposed: What will Donald Trump do this #SundayMorning in order take the attention off of #SuperBowlSunday and put it on him https://t.co/59sY7Y38uF,1
RT @SwiftOnSecurity: Republicans suddenly embrace liberal moral relativism and American hegemonic guilt after Trump says our country is https://t.co/RbPxjDpkGo,0
"RT @kylegriffin1: A federal appeals court has rejected a DOJ request to immediately restore Trump's travel ban.

https://t.co/DHhvqlLqcp",0
Trump seems proud to have said that. ? https://t.co/q1hxGWPaup,1
"RT @PaulaChertok: Trumps chaotic signing of grandiose orders has the air of a deluded despots last days, not his first@fotoole https://t.co/LUbvf58xca",0
"RT @queennn94: Kristen Stewart taking down Donald Trump and the homophobes at one go.



She has saved 2017. Play this at my funeral. https://t.co/ywlzO18FaT",0
"RT @JohnJHarwood: valuable column from @RadioFreeTom: Chill, America. Not every Trump outrage is outrageous. https://t.co/Icv3ZsxkgN",0
"RT @funder: #Breaking Docs:#Trump started a new company in Florida with Eric on 1/3/17



#impeachtrump #trumpleaks #scotus https://t.co/ZTJi0rcMk9",1
"RT @MSamenfink: ""I pride myself as being a skeptic but I'll buy into any old bullshit the media peddles so long as it paints Trump https://t.co/lEKiXNuYYq",0
RT @Evan_McMullin: President Trump's suggestion that constitutional checks on executive power are new or arbitrary contributes to thei https://t.co/dyTEHsu27Y,1
@Bamabroker in fact XLE should bottom first.. because of inflation picking up with trump weak dollar policy.,0
"Alec Baldwin's Trump is back on 'SNL': 'Prepare to go to war'

https://t.co/g3PP7uHylx",0
"@CityJournal Trump never promised to exclude U.S. residents on non immigrant visas.  H1B, student, family, etc -- all are our neighbors.",0
RT @LouDobbs: Most Left-Wing Appeals Court in Nation Denies Trump Request to Reinstate Travel Ban https://t.co/hHnr6ZsWoF #MAGA #TrumpTrain #AmericaFirst,0
RT @Khanoisseur: 5. Oil prices jumped after Trump announced sanctions on Iran-this helps Putin who deperately needs higher oil price https://t.co/Z6V1HB9gn1,1
"RT @DLin71: OBAMA: America is imperfect

GOP: TREASON



TRUMP: America is like a murderous thug

GOP: Shield your eyes in the presence of this patriot",0
RT @JayS2629: Middle School Student Attacked on Bus for Wearing Trump #MAGA Hat - Then Schools Suspends Him (VIDEO) https://t.co/WRbHg3pIf4,0
"RT @peterdaou: Look, Trump is a deeply unpopular president. He's going to be criticized, mocked, protested, opposed. Every step of the way. Get used to it.",0
READ THE BILL OF RITES - READ THE MAGNA CARTA - TRUMP IS CORRECT - AN INVADING FORCE - YOU CAN BAN ALL - READ IT - MARCHES ARE ABOUT ISLAM ?,0
"RT @RBReich: Weirder and weirder. Trump apparently believes Putins Russia is morally equivalent to America.



In an interview... https://t.co/fpIcZvkiZF",0
"@marlahohner @realDonaldTrump point is trump blocked immigrants who come here legally, on school and work visas, from entering the country",1
"RT @HRHCatherine: I anoint you Dame @jk_rowling, for services to literature, charity, and throwing the most epic shade at Trump suppo https://t.co/MNxTydjvEB",1
"RT @kylegriffin1: A federal appeals court has rejected a DOJ request to immediately restore Trump's travel ban.

https://t.co/DHhvqlLqcp",0
Donald Trump is gonna start learning hard and fast that president does not king make and there are laws he must follow. Down a few pegs. https://t.co/CY14WqLsin,1
RT @shafaat_geo: Trump has an important announcement .. full version https://t.co/Mk2c5BMphQ,0
@stefanie__92 Trump is Hitler remember?,0
"RT @inpplus_eng: Bloomberg|Billionaire J.Perez rejects his friend #Trumps wall overtrue describing the plan to build it along US-Mexico border as ""idiotic""",0
"RT @MarkDice: Ed, I've been documenting the Trump assassination threats for over a year.  Your company is negligent at best, and https://t.co/okOu07eR7D",0
RT @piersmorgan: Reposting this photo from yesterday's London anti-Trump march. Staggering. https://t.co/aAvJ6yJXID,0
RT @NYT: Trump Attacks Judge Who Blocked Visa Ban. https://t.co/zywhfByD5l,0
"'What do you think, our country's so innocent?', asks #Trump

https://t.co/U4k2mAZJ6T https://t.co/5E7ukGKkYR",1
"'What do you think, our country's so innocent?', asks #Trump

https://t.co/8rt9qoO6fx https://t.co/HqaWJJLJxN",1
"RT @JamilSmith: White supremacists love that @POTUS doesn't see them as terrorists. ""Donald Trump set us free,"" said a neo-Nazi. https://t.co/q3TiVw61X4",1
Experts: Social media giants fight Trumps anti-terror plan while providing platform for terrorists https://t.co/LWe6DQR4EV #KeepAmericaSafe,1
"RT @jlsinc: You could genuinely change ""Trump"" to ""Brexiteer"" in every single instance here. https://t.co/nHevNPcph9",1
RT @KeithOlbermann: The Deputy Editorial Page editor of The Wall Street Journal and I agree on the only word that fits @realDonaldTrump https://t.co/F7Z3LA6Om7,1
"RT @Impeach_D_Trump: Mr. Trump, There's 3 Branches of Gov't. They act as checks &amp; balances when the President goes mad. Threatening the https://t.co/WbGcPRoOBp",0
RT @DenaMullen: Trump protest. Resist! #devos #resist #RESISTANCE #MarchOnMaralago #MarchALago #DumpDevos #dumptrump2020 https://t.co/nkXQJm1bCI,0
"RT @altusda: Can be bipartisan issue. Unfortunately, however, not a Trump issue. Conservatives who care about animals need to pu https://t.co/PxFY1pEhg0",1
DHS suspends 'any and all actions' on Trump travel ban https://t.co/UrbCr5MKgh BWCentral #MAGA #bluelivesmatter #wakeupamerica https://t.co/sS81orwSKh,0
"RT @JustinRaimondo: President Trump - still speaking truth to power, even though he *is* the power - as heads explode in DC https://t.co/hYlIVTcWo3",1
Trump Vows Regulatory Rollback https://t.co/xpJVW6ObVE,1
Why does Donald Trump look like he's taking a poop all the time?#IBS,1
RT @KimwithpanacheG: Judge Who Blocked Trump Action Does Pro Bono Work For Refugees &amp; Touts Black Lives Matter!??  https://t.co/DNLFDl0pS8 via @LifeZette,0
"RT @queennn94: Kristen Stewart taking down Donald Trump and the homophobes at one go.



She has saved 2017. Play this at my funeral. https://t.co/ywlzO18FaT",0
RT @Anomaly100: Trump STILL Trying To Say He Won The Popular Vote https://t.co/Rgl3fyugU6 #SundayMorning https://t.co/uHazZvqpt4,1
"RT @DarthPutinKGB: No one has ever been charged for the massacre or killing the journo investigating it.



I'm a killer Trump respects.",0
RT @EricLiptonNYT: Covers of The Economist &amp; Der Spiegel. Opinion in Europe re Trump seems reasonably clear. https://t.co/5RIUC8JfrL,1
"RT @DLin71: OBAMA: America is imperfect

GOP: TREASON



TRUMP: America is like a murderous thug

GOP: Shield your eyes in the presence of this patriot",0
RT @robferdman: Bombshell from @nytimes and @ProPublica: Donald Trump didnt actually separate himself from his business. AT ALL https://t.co/DVwNZuQnRy,0
"RT @NPR: BREAKING: Appeals court denies Trump admin. request for stay of injunction on immigration order, meaning the Trump order remains suspended.",0
"@SkyNews Lets hope the Trump supporters don't react in the same way as the lib left do, by putting her on her sorry freak ass!",0
"RT @ebonstorm: At $400,000 a day, it'll cost the nation $548,000,000 to keep Melania Trump in New York City for four years. https://t.co/U7ImUMeTSQ",1
RT @washingtonpost: Opinions: Trumps half-baked travel ban is a picture of American shame https://t.co/y0hqrzBfLS,0
RT @JohnTDolan: Wouldn't it be GREAT if when Gaga starts into her ?? Anti Trump rhetoric the crowd drowns her out with Boooos.  ReT https://t.co/vdvKFgG8kx,0
"@PressSec @POTUS The FAILING Trump presidency...

1) No uniter

2) No Wall

3) No Repeal and replace ACA

4) No Radical Islamic Terrorist Ban",0
RT @KQEDnews: These executive actions are the start of a Trump administration effort to reverse or revise financial regulations  https://t.co/QEunnGzJtm,0
"RT @StrehlowSteve: @thehill Trump believes in constitution sworn to uphold, unlike Schumer.  Schumer putting politics ahead of law, constitution.",1
RT @NOT_MOTD: Donald Trump finally gets something right.  https://t.co/hQtVMoVctr,1
"""I don't mind people bashing Trump. But I still have to go out of my way to insist to you how much it doesn't bother me."" ? https://t.co/RSClDBZSPY",0
"RT @ABC: Melissa McCarthy skewers Sean Spicer, Alec Baldwin reprises Trump role, Bannon portrayed as Grim Reaper on ""SNL"" https://t.co/3wlkqE4b8W",0
"RT @ohiomail: The White House took a victory lap on the jobs report, but it doesnt really belong to Trump https://t.co/sNCyP7JQl2",1
"RT @Impeach_D_Trump: Mr. Trump, I thought we Were ""Going to be Sick Of Winning"".  You lost the popular vote and now lost to the court TW https://t.co/OzsYT8BQVw",0
RT @Reuters: BREAKING: Judge's block of Trump's travel ban harms the public by 'thwarting enforcement of executive order': Justice Dept. appeal filing,0
@TheMarkRomano Trump should sign another temp pause on all countries except ppl known to be ok,0
"RT @piersmorgan: 'A staggering, hysterical overreaction' - Lord Carey, former Archbishop of Canterbury, on anti-Trump protests.

https://t.co/m7nAeqVbGD",0
RT @donnabrazile: Sunday reading: This Is How Steve Bannon (Trump's ideologist) Sees The Entire World https://t.co/bwXj3B2ZRP via @jlfeder,1
@oreillyfactor @realDonaldTrump Trump don't accept interviews from O'Reilly .. he's too darn envious of you,1
"RT @ABC: Melissa McCarthy skewers Sean Spicer, Alec Baldwin reprises Trump role, Bannon portrayed as Grim Reaper on ""SNL"" https://t.co/3wlkqE4b8W",0
RT @MaryBernstein14: LOL...tweeting to President Trump so he can see where our US Tax Dollars go for ridiculous feel good initiatives... https://t.co/320HaftbEf,0
@ChelseaClinton like mother like daughter.  Make up lies! Did you see who did it? Trump supporters support Jews. @KellyannePolls,0
RT @bpolitics: Lawsuits have been filed across the U.S. challenging President Trump from every angle https://t.co/7O2TzkNSZO https://t.co/LHOElWRebP,0
@politico Now the outrage fatigue Dem leadership has inflicted on its followers was engineered by Trump? Dem victimhood psychosis lives!,0
RT @qualann: Poll: Should Enda Kenny invite Donald Trump to visit Ireland? (via @thejournal_ie) https://t.co/ZzSdp5N0Et I saw on front page 2day No,1
News organizations and festivities begin pulling out of annual Correspondents Dinner with Trump https://t.co/h5u1wHHlNW,1
"RT @SarahPalinUSA: Whoa: After Judge Puts Halt on 'Travel Ban,' Look What Trump Does to Him IMMEDIATELY... https://t.co/1gWDNYegRt",0
"RT @MMFlint: Thank you, So-Called President Trump! I've been struggling for 2 weeks over what to call you, and your tweet here g https://t.co/ZLpZLlnHV8",0
OF COURSE! FAKEMEDIA:Errors From Press Piling Up In Opening Weeks Of Trump Administration https://t.co/CGCv7WmDCh @RealJamesWoods,0
"RT @queennn94: Kristen Stewart taking down Donald Trump and the homophobes at one go.



She has saved 2017. Play this at my funeral. https://t.co/ywlzO18FaT",0
RT @oturan_ikamuzu3: Hey trump? I think you should be deported too since #americanindiannatives came first... ??????????????????,0
"RT @jchr5667: Any comments from: police, government, feminists, church, MPs, protesters? Anyone?

No, just Trump, Le Pen, Wilders https://t.co/Lik2UoURsw",0
The End of Trumps Market Honeymoon by Nouriel Roubini via @ProSyn https://t.co/aJMRFojH0u,1
"If you're up for a smart, immersive read on that weird subculture Westboro Baptist Church (and maxed out on Trump: https://t.co/BxwwpHnCVv",0
"RT @AJemaineClement: Hitler - failed painter

Trump - cancelled tv host

Bannon - failed documentary maker

Conway - failed stand-up



Support the arts and media",0
RT @grudging1: How many times does Trump have to go to the mat for Putin before we all admit it's more than admiration??,1
"RT @AynRandPaulRyan: An Unprecedented New Lawsuit Could Force Trump to Release His Tax Returns

#theResistance #SundayMorning

https://t.co/s4MlAkyuau",0
RT @Queen_UK: Kim Jong Un on the phone. Very upset that he's no longer the world's craziest leader. #Trump,0
US appeals court rejects Trump administration request to immediately reinstate... https://t.co/RVia39DGUc by #BBCBreaking via @c0nvey,0
Homeland Security Suspends Implementation of President Trumps Travel Ban https://t.co/tpGdyaJPvh,0
RT @ProgressOutlook: Of course Trump doesn't want to #DrainTheSwamp -- he's a swamp monster who thrives off corruption.,0
"https://t.co/CyYAvVyLFe Kristen Stewart blasts Donald Trump AGAIN as she hosts SNL: ""He tweeted about me 11 times! https://t.co/pmB7Ll4zJg",0
The method to President Trump's madness https://t.co/rdwJz2Ju3X,0
Explicit: Can Useful Idiots Topple Trump? Hegelian Dialectic Explained W... https://t.co/DChYdHkgqO via @YouTube great video,0
RT @thejoshuablog: Via @RawStory: Travellers rush to board U.S. flights while Trump ban blocked https://t.co/5rjoFtrRA7 | #p2 #tcot https://t.co/dKxqtU7IFC,0
RT @BrooklynSpoke: The story isn't that Trump denounced a judge. The story is that no Republicans denounced Trump for doing it.,0
"RT @kylegriffin1: O'REILLY: Do you respect Putin?

TRUMP: I do respect him...I say it's better to get along with Russia than not.

https://t.co/qp4DzNPzxW",1
RT @MiaFarrow: 'There are people at senior levels within the admins who have major concerns about Trump &amp; his fitness for office.' https://t.co/ehF28AHNWX,1
"RT @Lrihendry: Let's set the narrative straight!



They're not Anti-Trump protestors, they're Anti-American rioters. https://t.co/ckzHwRuxDd",1
"RT @euobs: [Column] Blueprint drawn up by #Trumps trade adviser contains warning for the #UK.

#EUWeekInReview

https://t.co/HWsodPp9H0",0
"When acting attorney general tried to resist this doubtful act, Trump released her as a 'traitor' https://t.co/blLZh8cNxt",0
"RT @Hillbillytimer: SNL ""Goes After Trump Again"" because everything President Pussy Grabber &amp; his chumps do, should be ridiculed. They https://t.co/pY5x0pGn0w",0
"RT @ajplus: Loud and clear, Democrats aren't giving in to Pres. Trump's immigration ban. https://t.co/fmINB2aOo2",0
Gorsuch Must Condemn Trumps Attack on a Judge https://t.co/WTvu4SoDnl,0
RT @ActualEPAFacts: Trust Records Show Trump Is Still Closely Tied to His Empire https://t.co/pHQR8aGR3h,1
Sarah Silverman calls for military to overthrow President Trump https://t.co/phRizxfO4z via the @FoxNews Android app,0
RT @SDLPlive: Sinn Féin riding two horses on Trump appeasement @ClaireHanna    https://t.co/zVcQb2dTH4,0
"RT @VoteTrumpPics: Trump Twitter Rally?



RT? and show your support for DJT this Sunday, Feb 5th during Super Bowl Half Time Show at https://t.co/okPb11YbQw",1
"RT @rolandsmartin: Dear white working class voters, instead of @FLOTUS @MELANIATRUMP moving to DC, it will cost taxpayers $548 MILLION https://t.co/eGCs8q2ucc",1
"RT @Billionaire128: BREAKING : BuzzFeed Being Sued Over ""Trump Russia"" FAKE NEWS Story https://t.co/DKdvC6Pkks",0
RT @asamjulian: Experts: Social media giants fight Trumps anti-terror plan while providing platform for terrorists |  https://t.co/l4tvYf4xwu,1
"RT @thehill: Trump defends Putin: ""You think our country is so innocent?"" https://t.co/Ql3RV9txM1 https://t.co/26fJEZVEtU",1
RT @funder: @robreiner trump &amp; associates absolutely committed treasonous acts but he also has violated the constitution from e https://t.co/svGviw5CQB,0
"RT @robinmonotti: What people hate most about Trump is his brutal honesty, after 8 years of lies: https://t.co/pEB6svfNlm",0
RT @thehill: Justice Department appeals federal judge's ruling halting Trump's immigration ban https://t.co/LE6WHK4Jxh https://t.co/Xxi2HMQ1ZA,1
"RT @nytimes: S.N.L. Goes After Trump Again, With Melissa McCarthy as Sean Spicer https://t.co/VOLvsHIWgn",0
RT @Carter_PE: Thanks to 9th Circuit Court of Appeals staff for creating webpage w/filings &amp; orders in Wash./Minn. v. Trump https://t.co/BVrFLDgqjY,1
"""Is Trump About To Cause Another Crisis?"": 2008 Could Be Eclipsed As Bank Restrictions Eliminated https://t.co/CB9rLbcqDn",0
"RT @TeaPainUSA: Thanks to Trump, we're learnin' about how the Constitution provides checks for the unbalanced.",1
RT @Specneedsmom4: #TheResistance is working! Let's keep up the pressure on the Trump Admin &amp; all the terrible things they embody.??? https://t.co/AnwzJelOlp,0
Trump understands that attacking the media is the reddest of meat for his base https://t.co/Paaj0rnWgI,0
"@tweeteraf @w7cjd @Katymcneill Humans can evolve by the people that influence them.

And the Trump admin is very supportive of gay rights.",0
A federal appeals court has refused to immediately reinstate Trump's travel ban on people... https://t.co/kiIuVpzCKX by #AP via @c0nvey,0
"RT @wikileaks: Trump on US government last night: O'Reilly: ""Putin's a killer"" Trump: ""There are a lot of killers. You think our country is so innocent?""",0
RT @Independent: Judge mocked by Donald Trump for lifting 'Muslim ban' has fostered numerous immigrant children https://t.co/CrWovJ5ACw,0
Tech Firm Suing BuzzFeed for Publishing Unverified Trump Dossier. The sins of the left. https://t.co/QV8M4fgxn0,0
"RT @HuffingtonPost: Veterans vs. Trump: Pipeline will never be completed, warriors vow https://t.co/xhKOUxRmwt https://t.co/y2YZt6dRDK",1
"BREAKING - Horrific Threat Issued Against CHILDREN Of Trump Supporters, Please Pray https://t.co/k13cS17IAW",1
"RT @darreldrowland: ICYMI: Denials of foreclosure robo-signing don't match facts of Donald Trump's treasury nominee, Steve Mnuchin https://t.co/J9j6NrQBcY",0
"RT @DLin71: OBAMA: America is imperfect

GOP: TREASON



TRUMP: America is like a murderous thug

GOP: Shield your eyes in the presence of this patriot",0
RT @LibyaLiberty: This is what I mean about the American people sending a message louder than Trump: https://t.co/8WXVFhZSfk,0
RT @ezlusztig: False Equivalency alert. This assimilation of Trump to previous administrations is utter garbage. Don't believe a w https://t.co/AW8EtoJhpz,0
@ColMorrisDavis @POTUS @realDonaldTrump Meanwhile Putin is literally walkin around as the only human-like being that Trump hasn't criticized,0
"RT @asamjulian: Obama banned Iraqis, no one cared. 16 Muslim countries currently ban Israelis, no one cares. Trump does it, PROTEST, RESIST! #hypocrites ?",0
RT @mickivoss: The days of pretending that this isnt serious are over: GOP adviser calls on media to expose Trumps treason https://t.co/z8TRBRZkSh,0
RT @EricLiptonNYT: Covers of The Economist &amp; Der Spiegel. Opinion in Europe re Trump seems reasonably clear. https://t.co/5RIUC8JfrL,1
"RT @SandraTXAS: So Soros resistance anarchist are pissed that Trump blocked immigration from countries that Obama bombed? ??



#MAGA https://t.co/c9Lmsns9Zn",0
"Trump is right when he says ""islamic terror"", Fethullahist Turkish whores got trillion dollars when we said ""there is no islamic terror""",0
"RT @queennn94: Kristen Stewart taking down Donald Trump and the homophobes at one go.



She has saved 2017. Play this at my funeral. https://t.co/ywlzO18FaT",0
"@FoxNews  now they will protest Turkey?  ACLU (Amer. Commy Liberties Union) can declare outrage, will go toTurkey? Nope, just blame Trump",0
RT @gaycivilrights: For Third Time in Two Days Senate #GOP Changes Rules to Force Committee Confirmation of Trump Nominee https://t.co/zVdlQFNmKi,0
"RT @funder: .Exhibit 9:Trump's made millions in Russia off Trump Vodka



#DworkinReport #resistance #TrumpRussia #resist https://t.co/kt6zLTfSLx",0
RT @TrumpMediaTeam: Protestors damaging law abiding citizens of this country physically almost as bad as Obama did financially #Trump https://t.co/NcIHCnuMBG,0
Trump is Making SNL Great Again.,1
RT @deanbarker: Good morning. Today is the 17th day Mr. Trump violates the Constitution's Emoluments clause &amp; the 17th day Paul Rya https://t.co/O50Ix6fd4D,0
RT @darrellpwest: .@KurtSchlichter .@peabodypress Cons who wanna throw Trump out for words tht upset their sensitvities dont feel libs winning is ALL THAT bad,0
"Turkey has not had control of its borders. Bill Clinton much more articulate than Trump, but same message!!!! Click https://t.co/QJQ90eWkZ2 https://t.co/ZdgspkZQXP",0
RT @NBCNews: Kristen Stewart drops F-bomb on 'SNL' and mocks Trump for tweeting about her https://t.co/R8p3YuDxY1 https://t.co/CkHJ9TTXZf,0
RT @titodinzey: Donald Trump defends Vladimir Putin for murdering people in demented Super Bowl interview https://t.co/AkNxuN4cHo via @PalmerReport,0
"RT @BWJones: For the cost of maintaining Melania in Trump tower for 4yrs, we could fund a biomedical research lab for literally, 2000 years. #trumpfacts",1
Leader of Al-Qaida in Yemen Mocks Trump After Raid https://t.co/tqiXlAuog5,0
.@greta @zengadfly @nytimes and? It's been Trump vs establishment for at least a year. I don't think it changed over night. Common sense.,0
"RT @os4185: A Berkeley rioter, he beat Trump supporters and bragged about it, which led to his identity. Guess who he works for? https://t.co/TwgEUfL2tJ",1
I just realized I found a solution to the Colorado River/California drought problem... Liberal tears!! #drought #liberals #Trump #TrumpBan,0
RT @9NewsAUS: Prime Minister @TurnbullMalcolm has tonight declared he is standing firm against @realDonaldTrump. https://t.co/oM9Ce96X3x #9News,1
RT @Reuters: Tech companies to meet on legal challenge to Trump immigration order: https://t.co/8Ts4ESHOma https://t.co/fw7xvJ9LWE,0
"RT @PolticsNewz: 1,000 chanting protesters across from Mar-a-Lago aim directly at Trump's wallet https://t.co/Yi0bg8tyOz https://t.co/q6ANdf3xUk",0
RT @thehill: BREAKING: Appeals court rejects Trump administrations request to restore travel ban https://t.co/Psu7TqudOl https://t.co/LmDCwS896q,0
"#TrumpWarnsIranianTerrorism In long time oppression of Muslims as terrorists,Trump reveal their intentions

Iran is only the beginning

Thank",1
"RT @democracynow: .@JohnBonifaz: Corruption in Trump administration is ""massive, and its far worse than even Watergate"" https://t.co/lfGwR52Eya",0
"RT @FoxNews: BuzzFeed sued over publication of Trump dossier, report says  https://t.co/hc0PdxRm1m https://t.co/4VpBUnDMUd",0
"@pepsi @ladygaga Why? More crying cause Hillary LOST and OMG Donald Trump is trying to stop DRUGS, illegals and terrorists. I'll watch Fox.",0
RT @AliVelshi: BREAKING: 9th Circuit Court rejects Trump administrations request to overturn Fridays ban by federal judge on its immigration order,0
Thousands protest in London and Paris against Trump travel ban https://t.co/NWg7AEFNpO by #FRANCE24 via @c0nvey,0
RT @scarylawyerguy: Former COO of Goldman standing over Trump's left shoulder as he signed EO weakening Dodd-Frank is about as big a fu https://t.co/HeETmj0F06,0
@SusieBrindley WTF? Sure Brexit and trump being shit like this to the surface - like a scum on a pond.,0
RT @thehill: Hundreds of protesters march on Trump's Mar-a-Lago resort https://t.co/mSiBpi8dmK https://t.co/NJtxOqMi8o,0
Q&amp;A: Hasan Minhaj on Keeping It Together in Trumps America https://t.co/kOtz1djl0M via @ComedyCentral,0
@IamaRealBastard @jenniferweiner @jodalatour Trump does. He anger tweets about it most weeks. ??,0
RT @HeerJeet: Make no mistake: Trump will blame next terrorist attack on the judge &amp; use it as excuse to undermine judicial syste https://t.co/q6UImh4gxi,0
#MuslimBan: Court denies Trump request to immediately restore travel ban  https://t.co/G236EUPsox via @onyistargist1,0
RT @LibyaLiberty: Trump will blame overturn of his ban for any future terrorism - but he's responsible for protecting America within https://t.co/iWpIl5XDnU,0
"Donald Trump Jr.   Google ""Diaper Don"" and all the stories in this thread will make sense.",0
"The phrase ""...the Trump administration has no interest in being minimally competent"" sums it all up



https://t.co/q2viPsKinO",1
"@Timodc Fervent defense? It's ok to acknowledge that of the million evil things Trump has done, saying the US kills isn't one of them.",0
"RT @TheMarkRomano: See how the courts work...



When Obama issues a travel ban, it is perfectly fine.



When Trump does the exact same thing, it is illegal.",0
"@realDonaldTrump :Trump is not the ""country;"" it is the USA; the most numerous and divergent collection of humanity.",0
@jaketapper I left Dems 20yrs ago &amp; never looked back. Had enough hypoc &amp; cognitive dissonance. At least HRC isn't Prez &amp; Trump sides w ppl!,0
RT @piersmorgan: Reposting this photo from yesterday's London anti-Trump march. Staggering. https://t.co/aAvJ6yJXID,0
RT @crystal_plicker: Lock him up! @realDonaldTrump #paytoplay #TrumpRussia #ImpeachTrump #AMJoy #GrabYourWallet #TaxReturns #StopDeVos https://t.co/0yl0yhozh1,0
"RT @AltStateDpt: If Melania Trump stays at Trump Tower through a 4yr term, it will cost taxpayers approx. $1.4B. Is this what populist Trump voters wanted?",0
@610wtvnnews Looks like your Sunday morning Twitter agenda is to bash Trump. What else is new? Any actual news to report?!,1
RT @AGOWA: Trump Administration's request for immediate administrative stay DENIED. https://t.co/R3tTRPyv3U,0
RT @DabAggin: Shoutout to all the Trump fans who are never sure when it's *you're* vs. *your* but who are now suddenly constitutional law scholars.,1
RT @vicsepulveda: Donald Trump's official fluffer #PaulRyanIn4Words https://t.co/DQrRlEUJua,0
"RT @jaynordlinger: If a Democratic president talked the way Trump does about Putin and America, the Right would go absolutely ape -- and be 100 percent right.",1
RT @WhitfordBradley: Beyoncé has more people of color in her tummy than Trump has in his cabinet.,0
"RT @AltStateDpt: If Melania Trump stays at Trump Tower through a 4yr term, it will cost taxpayers approx. $1.4B. Is this what populist Trump voters wanted?",0
@WalterIsaacson @jaketapper If Trump said this on a college campus his remarks would be met w silence as almost all would agree.,1
RT @mcspocky: Dems Tell Trump: Disclose Mar-A-Lago Guests To Dispel 'Pay-To-Play' Charges https://t.co/kr7g5qPi2Y https://t.co/iISE6ZPwlD,0
"@KTHopkins got to admit it Katie makes me laugh , thinking what's she gonna say next ,but like trump,",1
RT @voxdotcom: Trump's immigration ban is having a broad negative effect on the security partnerships the US depends on in the Mid https://t.co/UwNVIS5HGN,0
"RT @PeacefulChrist: @ReiserWilliam @MiceeMouse @michaelmeans49 @perossmeisl

@realDonaldTrump @RealAlexJones Americans MUST protest to https://t.co/wU95OUdb78",0
"@Trump4Hope love this pic, I can't believe how very fortunate we are to have Pres. Trump in DC",1
RT @Independent: Trump's request to reinstate 'Muslim ban' denied by US appeals court https://t.co/8WMzbaXAfq https://t.co/hKfRBhwRxM,0
"RT @ddale8: Obscure websites published a fake story that Kuwait was copying Trump's ban. The president Facebooked it, got 67,00 https://t.co/JXXgrVQAOL",0
@bbc - Der Spiegel: #Trump beheading cover sparks criticism. @SPIEGELONLINE #US #Germany https://t.co/UBSWPvirbH,0
RT @LouDobbs: Most Left-Wing Appeals Court in Nation Denies Trump Request to Reinstate Travel Ban https://t.co/hHnr6ZsWoF #MAGA #TrumpTrain #AmericaFirst,0
"RT @os4185: A Berkeley rioter, he beat Trump supporters and bragged about it, which led to his identity. Guess who he works for? https://t.co/TwgEUfL2tJ",1
Take that Fuck Head tRump https://t.co/2igN19l88n,0
RT @RickRWells: Judge Jeanine Blisters Egotistical Activist Judge Usurping President Trump https://t.co/ejkf7Hl3nK https://t.co/zi7ceJBhHf,0
RT @artoopio: KRISTEN MOCKED DONALD TRUMP AND CAME OUT AS GAY IN SNL MONOLOGUE WHEN WILL YOUR FAVE https://t.co/1lj07smIld,0
"<U+26A1><U+FE0F> President Trump's bid to reinstate travel ban rejected by court



https://t.co/hqw7q8mGx3",0
RT @nypost: Did Trump just give Putin a pass on state-sanctioned murder? https://t.co/byIza0xjJR,0
"RT @immigrant4trump: VIDEO: Judge Jeanine: ""Entry to US is not a right for non-citizens"" #Maga #Trump https://t.co/9ldWBMzKZT",1
RT @EricBoehlert: $.5B so Melania never has to move in w/ Trump.....that cover salaries of 10k+ school teachers,0
"RT @larryelder: Those upset with Trump for saying, ""You think America is so innocent?"" had no problem when Obama repeatedly apologized for America.",0
RT @NoahCRothman: Trump's day began with attacking a federal judge's allegiance to the country and ended by morally equating America with revanchist Russia.,0
"RT @ARnews1936: HYPOCRISY: Saudi Arabia is building a 600 mile border wall to keep out Islamic terrorists, yet they slam Trump via https://t.co/ZlgX2dnGDQ",0
@immigrant4trump To Liberals it is all in the way it is said. Chucky says Pause May be Necessary. Trump says Islamic Terrorist Ban. UN-PC.!!,0
"RT @AynRandPaulRyan: The billionaire resistance against Donald Trump is beginning

#TheResistance #SundayMorning

https://t.co/X6mAgiXgZ6",0
"RT @nytimes: Trump says he has walked away from the day-to-day of his empire, but records show how close he remains to it https://t.co/oYuvMupTxK",0
"RT @NewsArmageddon: Trump Promise to End #IRS Monitoring of Pastor #Sermons Introduced as Bill in House -



""Members of Congress... https://t.co/mPj3ZigTHf",1
US Justice Department to appeal temporary block of Trump's travel ban https://t.co/aluP1DeX3Q,1
Travelers rush to board U.S. flights while Trump ban blocked - https://t.co/7DliSY7Hea https://t.co/WwYZhQVdvc,0
"Well, they would if I had my way. Thinks Trump and court of h8. https://t.co/FWHryB7o51",1
@FoxNews German's are a joke! Allow a socialist like government.  Trump is the greatest President in decades,1
"RT @PrisonPlanet: Turns out that you can't use Twitter to threaten Trump supporter's children, violence &amp; doxxing. This account final https://t.co/rgipGho3m9",0
If Lady Gaga says the word Trump I'm turning the game off! @NFL @FoxNews @FOXSports @realDonaldTrump #PepsiHalftime #LadyGagaSuperBowlHOJE https://t.co/quSTtW0Pqg,0
@mmozuras true. I wonder if this framework will still hold up to explain Trump in 2 years.,1
RT @voguemagazine: Donald Trump is currently engaged in at least five of the same exact behaviors he had attacked Hillary Clinton over. https://t.co/cb3q5XUFE4,0
RT @washingtonpost: Meet the Bush-appointed federal judge who halted Trump's executive order https://t.co/cGqiK2Ii4p,0
RT @NicholsUprising: Thousand join Saturday night #MarALagoMarch to protest Trump in Florida. https://t.co/E5p48ciZgR,0
@realDonaldTrump   The left has gone insane and will do anything it can to destroy America. Thank God Donald Trump is President,0
"RT @jeneps: Trump on immigration appeal: ""We'll win. For the safety of the country we'll win."" https://t.co/ffOPCgtPBv",1
"RT @RVAwonk: Just so we're clear, Trump has now tried to delegitimize:

-The press

-Scientists

-Intel community

-Election results

-The judiciary branch",1
RT @thehill: Trump's face found on 5K packs of Heroin during drug bust https://t.co/HyK3anm7pc https://t.co/YEYCnsG7Jr,0
"RT @markmobility: Monthly cost of:

Guarding Trump Tower: $30 million

Section 8 for all 15,856 homeless NYC families: $28 million",0
I love it when the cute submissive dog acct turns into a raving anti trump acct. Lol,1
"RT @A_Liberty_Rebel: LOL.

Soubry  Soubry! -  accuses Trump of seeking attention.

You couldnt make it up.

Self-*un*awareness on steroids.

#Marr",1
RT @marty10707: Gorsuch Must Condemn Trumps Attack on a Judge https://t.co/cAmYw3pdou,0
RT @mrcharliemartin: READ THE BILL OF RITES - READ THE MAGNA CARTA - TRUMP IS CORRECT - AN INVADING FORCE - YOU CAN BAN ALL - READ IT - MARCHES ARE ABOUT ISLAM ?,0
Trump Defends 'Killer' Putin: U.S. Has A Lot Of Killers' Too https://t.co/rMhWshpkAu,0
RT @DavidJo52951945: Judge who blocked Trump's immigration ban totally biased.Judges are not interpreting law but enforcing their view https://t.co/eS5ZAzZQ2i,0
RT @HuffingtonPost: Trump order stops young woman from coming to the U.S. to do Alzheimers research https://t.co/gqxOLBzMuF https://t.co/jlUmaLT987,0
RT @artoopio: KRISTEN MOCKED DONALD TRUMP AND CAME OUT AS GAY IN SNL MONOLOGUE WHEN WILL YOUR FAVE https://t.co/1lj07smIld,0
RT @AaronBlake: Constitutional crisis? What happens if Trump decides to ignore a judge's ruling. https://t.co/krezo0T1H9 https://t.co/HahxJX3Vna,0
RT @repofavillain: interesting how media never used a good pic of Em until he started trashing trump https://t.co/6hcTSH9tE7,1
RT @MarcusC22973194: Donald Trump sought investment partnerships with Muammar al-Gaddafi and the Libyan regime.,0
RT @JHowieJr: Remember when Trump thought it was funny to dox Lindsay Graham's phone number? https://t.co/7cLJhMmdwW,1
"In Hitler's Germany it was the Jews

In #Trump's America it is illegal immigrants &amp; Muslim terrorists

Similar scenarios

Similar tactics? https://t.co/l3iahWGwwt",0
"RT @billmaher: #Inbrotherhood are playing a team where the owner/coach, &amp; star quarterback all love and support #Trump, so I'd lik https://t.co/SvtoPubRNh",1
The Trump Administrations Lies About Iran | The American Conservative https://t.co/via3tiXrsC via @amconmag,0
"Pepsi-Cola CEO to Trump supporters ""Pepsi doesn't want your business!"" Okay then, we won't buy your crap no more. https://t.co/SlbPIklapQ",0
@NickKristof Trump doesn't reflect what america stands for..he did get 3 million less votes,0
RT @jack_welch: CNN this morning wringing hands over Trump deficit proposals...Where were they when Obama was adding 10 trillion??,0
"RT @ChristiChat: Best vote I ever cast!

<U+2764> Trump



WATCH what @POTUS did in week two of his presidency to #MAGA

#AmericaFirst



https://t.co/4bzM3s8Tej",1
"@drfilomena @staroverec @pengovsky this could be a hoax, could be an anti semite but why would anti semite support trump?",0
Thousands Of Women Show Trump What #DressLikeAWoman Really Means https://t.co/500QlEHTms,0
"RT @ebonstorm: At $400,000 a day, it'll cost the nation $548,000,000 to keep Melania Trump in New York City for four years. https://t.co/U7ImUMeTSQ",1
"RT @LindaSuhler: You #FakeNewsMedia scum who mocked how we fought for candidate Trump are gonna LOVE how hard we'll fight for #PresidentTrump.

Buckle up.",0
"RT @mikandynothem: Democrats treated Abraham Lincoln horribly.

President Trump is in pretty darn good company.

#MAGA #tcot #FoxNews https://t.co/afrSxLjUGG",1
"RT @HuffingtonPost: Veterans vs. Trump: Pipeline will never be completed, warriors vow https://t.co/xhKOUxRmwt https://t.co/y2YZt6dRDK",1
Decoding Trumps Immigration Orders https://t.co/e9LjADUGzS via @MarshallProj,0
Leader of Al-Qaida in Yemen Mocks Trump After Raid https://t.co/BEpB9jw5O2,0
RT @CHRISVOSS: ALRIGHT PEOPLE WHOSE GONNA WIN?  FALCONS OR TRUMP SUPPORTER PATRIOTS? https://t.co/evpLlA3EF3,0
"RT @LAReviewofBooks: Ron Rosenbaum, world-class expert on the rise of Hitler, refused to write about Trump for months. Until now: https://t.co/FP57dcvpZO",0
"RT @ABC: Melissa McCarthy skewers Sean Spicer, Alec Baldwin reprises Trump role, Bannon portrayed as Grim Reaper on ""SNL"" https://t.co/3wlkqE4b8W",0
RT @CauseWereGuys: this guys trump impersonation is spot on ?  https://t.co/nIecTaMF4h,0
"RT @benshapiro: Trump's ""so-called judge"" shtick ain't good, but the Seattle judge's order is MASSIVE legal overreach.",1
RT @dumptrump33: Agreed Just Trump and #SoCalledPresident https://t.co/Je6h2GnZux,1
"RT @MarketWatch: If President Trump launches a trade war, ""sell everything,"" says legendary investor Jim Rogers: https://t.co/cIQnMwQzJu",1
"<U+26A1><U+FE0F> President Trump's bid to reinstate travel ban rejected by court



https://t.co/Ij8zQ8kFAl",0
"RT @Emy4Trump: Manchin Hammers Obamas Failed Policies, Praises Trump For Getting Things Done [VIDEO] https://t.co/obbNX9HqoA https://t.co/MH8659mDfz",1
RT @FoxNews: Experts: Social media giants fight Trumps anti-terror plan while providing platform for terrorists https://t.co/skMzy0FcC9,1
"Hamtramck, Michigan's Ellis Island, steels itself for the age of Trump https://t.co/wEGSAkGoOt",0
"RT @mikeklonsky: Ask your friends, family members, classmates. See if 1 in 10 know where Yemen is or who lives there. #Trump'sWar https://t.co/zR0MuAuhPF",0
RT @justinhendrix: Want to get rid of Bannon? Emphasize over and over again that Trump is his puppet. Then let Trump's narcissism do the rest.,0
"RT @RyanLizza: In 1 tweet Trump contradicts his spokesman, shows lack of basic knowledge about our constitutional structure, and m https://t.co/EcKHPefAYY",1
Trump as Nero: Europe Must Defend Itself Against America's Dangerous President https://t.co/WFdHfTiBTP http... by #jstaestt via @c0nvey,0
Nuns Respond to Trump Religious Freedom Executive Order https://t.co/kDMPHeF2Hx,1
"Donald J. Trump: America is not exceptional.



#AmericaLast",1
"#CarolineKennedy on #Trump 's first approach

#alarming https://t.co/MsjPGtkDYR",0
"RT @Impeach_D_Trump: Mr. Trump, if that Judge is a ""So-called Judge"", then you are our ""So-called President""!

#SoCalledPresident

RETWEET!",0
@cnnbrk SO MR. TRUMP - WHAT IS YOUR OPINION ABOUT THE OTHER JUDGE,0
RT @sarahkendzior: The future of the US under Trump's planned mass deportation https://t.co/f4Wi6e4qhY https://t.co/1mC9wfJvYr,0
All @GOP r scared to defy the moron illiterate illegitimate #prickOTUS TRUMP. ??is ? https://t.co/ZMWNTBsI10,0
Petition: Prevent Donald Trump from making a State Visit to the United Kingdom. https://t.co/5UyIACz1JA,1
This was the funniest shit ever!!! Way to go SNL.They have these Trump clowns to T... LMAO!! https://t.co/BRFzLfnt2C,0
"RT @C4Ciaran: Just waking up?

?Judge halts ban

?White House says 'outrageous'

?Trump revealed as beneficiary of Trust he signed over his businesses to",1
"RT @marziababakarkh: Amazing day, we stand together, and I passed my message from #Oldham UK  to #Trump  love always conquers hate! https://t.co/NeyGik9yuA",0
I wonder how many folks are gonna change the channel after lady gaga insults President Trump #ItsComing #NFL #SuperBowl,0
"RT @RBReich: Kudos to GrabYourWallet for helping us boycott Trump brands. It's working. So far, both Nordstrom's and Neiman... https://t.co/bFuFYQ39Xf",0
"RT @satanseyebrows: 'Hey, Donald Trump! I wanna know why you're such a cunt!' https://t.co/7zkFF1LgSp",0
RT @jorduhnnnn: the bitch better have a fuck trump sign clipped to her clitoris and hanging out her skirt the entire performance https://t.co/Q80cGGREZt,0
"RT @LionelMedia: Response to Trump tweeting that Robarts is ""so called"" judge quite heated. Apparently forgot Obama shaming SCOTUS before God, Congress.",0
RT @LibyaLiberty: This is what I mean about the American people sending a message louder than Trump: https://t.co/8WXVFhZSfk,0
"RT @nytimes: ""So-called"" judge who blocked Trumps immigration order is described by colleagues as a ""mainstream"" Republican https://t.co/7n9z0DUBXE",0
"RT @bitchwhocodes: Trump has a 13 year old ghostwriter for his tweets, right?",1
RT @voguemagazine: There are now reports that Mrs. Trump is considering holding off on the D.C. move indefinitely. https://t.co/lQ0JdOa8fI,0
"RT @HappeningB4This: Islam in Canada: Hamed Shafia, convicted in 2009 'honour killings,' appeals to Supreme Court for new trial. #trump https://t.co/KPFlKlniZC",1
"Read Trump's Remarks At The National Prayer Breakfast  : https://t.co/uZIoQsRvCo .,,, https://t.co/xn8EmECe5m",1
"RT @ABC: Sens. @BenSasse and @amyklobuchar weigh in on Pres. Trumps SCOTUS nominee and more, this morning on @ThisWeekABC https://t.co/ivhZy8lqGM",0
RT @CapehartJ: How Trump totally ignored history in his black history month 'listening session' https://t.co/xR3GYyV7of,0
A protestor in Berlin holding a sign during a demonstration opposing President Trump trave https://t.co/Yw93BnCzNE https://t.co/DhG8YP5Pob,0
RT @StephensWSJ: Trump puts US on moral par with Putin's Russia. Never in history has a President slandered his country like this.  https://t.co/LrP8ycG1Y9,1
@realDonaldTrump @POTUS but we know you're for the little guy. (Insert sound of little hands slow clapping here) https://t.co/k8wPnldjfB,0
Ivanka Trump Altuzarra for Target Launch Event in New York https://t.co/vmqITztRY0 #IvankaTrump,1
RT @WhitfordBradley: Beyoncé has more people of color in her tummy than Trump has in his cabinet.,0
RT @Taiyoungmoon1: Full text of Trump's executive order on 7-nation ban Everyone should READ THIS FULLY..NO MENTION OF MUSLIMS!! https://t.co/njBkvDsMWa,0
RT @Reuters: Kuwait denies it imposed travel ban praised by Trump https://t.co/mvuwFBjfx0 https://t.co/p2MgW0eRdH,0
RT @TomthunkitsMind: The Real Donald J Trump. https://t.co/IiHpxKYt4v,1
"As a Pats fan, naturally I want my team to win...but it would be so awesome to piss Trump off if Atlanta wins!",1
RT @ranman09: #NotMyPresident Trump is one of the most disliked political leaders in the entire world. Thousands March In London: https://t.co/5tgXx6Zl9K,0
"RT @RyanLizza: In 1 tweet Trump contradicts his spokesman, shows lack of basic knowledge about our constitutional structure, and m https://t.co/EcKHPefAYY",1
RT @AP: BREAKING: Appeals court denies Trump administration request to immediately reinstate ban on travelers and refugees.,0
"https://t.co/pVpxMBQ3D9 At about noon on Friday January 20, immediately after Donald J. Trump took his oath and  https://t.co/xew5HBCTNB",1
"@seanhannity

@realDonaldTrump

@JudgeJeanine

Why are democrats behaving like asses? https://t.co/WXkvgoPWTS",0
"RT @TygerWDR: Trump wants a war &amp; hes willing to lie to Americans to get it. I put these together, the liar VS the local in Paris https://t.co/IYDidHrEGT",0
RT @davidmackau: The judge Trump attacked for ruling against his travel ban is a Republican https://t.co/vq7KDtBgBp https://t.co/QFUFWaPBAp,0
"RT @AynRandPaulRyan: The billionaire resistance against Donald Trump is beginning

#TheResistance #SundayMorning

https://t.co/X6mAgiXgZ6",0
RT @artoopio: KRISTEN MOCKED DONALD TRUMP AND CAME OUT AS GAY IN SNL MONOLOGUE WHEN WILL YOUR FAVE https://t.co/1lj07smIld,0
RT @darinnstacy: @SenBobCasey @eddyrogerparker @realDonaldTrump read #DworkinReport  and act on it!!  Censure trump now..,0
"RT @nytimes: S.N.L. Goes After Trump Again, With Melissa McCarthy as Sean Spicer https://t.co/VOLvsHIWgn",0
RT @Independent: Female MPs will boycott if Donald Trump addresses Houses of Parliament https://t.co/EDIiMp0Vic,0
RT @FRANCE24: Thousands protest in London and Paris against Trump travel ban https://t.co/PVC70sRgF5,0
yeah right what's the latest news about Trump?,1
@piersmorgan how about retweeting all the vile things done in Trump's name. Makes a poster pretty harmless,1
RT @nycjim: With an ally like Donald Trump who needs enemies? Smart essay by Former Sen. Tom Daschle. https://t.co/7Dpw5HO6mi https://t.co/Y9Qf5jOkR3,1
"RT @mashable: Alec Baldwin's Trump is back on 'SNL': 'Prepare to go to war'

https://t.co/tHS10xz46Y",0
RT @SirEviscerate: Trump is publicly and loudly betting all his chips on Americans dying in an act of terrorism. Nothing could be better for his agenda.,0
"RT @wikileaks: Trump on US government last night: O'Reilly: ""Putin's a killer"" Trump: ""There are a lot of killers. You think our country is so innocent?""",0
"RT @mikandynothem: If MSM, liberals, and even the ""So-called Judge"" think they can slow President Trump down...

they are mistaken. https://t.co/VQlx2WcnMy",0
RT @StephensWSJ: Trump puts US on moral par with Putin's Russia. Never in history has a President slandered his country like this.  https://t.co/LrP8ycG1Y9,1
"RT @jaketapper: Trump defends Putin: ""You think our country's so innocent?"" https://t.co/nW65mtBp0C",1
"RT @RadioFreeTom: My piece in today's @washingtonpost |

Chill, America. Not every Trump outrage is outrageous. https://t.co/QWCrffAvwV",0
RT @TheDemCoalition: The anti-Trump boycott of retailers won't back down here's how it could affect sales https://t.co/ZjI2xvSDU5 via @leannagarfield #Resist,0
RT @voguemagazine: Donald Trump is currently engaged in at least five of the same exact behaviors he had attacked Hillary Clinton over. https://t.co/x61BycXqmZ,0
RT @StephensWSJ: Trump puts US on moral par with Putin's Russia. Never in history has a President slandered his country like this.  https://t.co/LrP8ycG1Y9,1
YOU PEOPLE STUCK IN TWIN TOWER BOMBING COUNTRY GO BITCH AT THE PEOPLE WHO DID THIS TO US AND GET OFF OF MR TRUMP BACK,0
"RT @Impeach_D_Trump: Mr. Trump, I thought we Were ""Going to be Sick Of Winning"".  You lost the popular vote and now lost to the court TW https://t.co/OzsYT8BQVw",0
Appeals court denies Trump request to immediately reinstate travel ban via the @FoxNews app https://t.co/CyGJOLBSvM,0
RT @gaysexual: when u wanna impeach trump but then pence gonna be president and then u impeach pence and then paul ryan gonna be p https://t.co/xymh1F39U9,0
@CNN  This   A outrageous and a disgrace WHERE IS THE NATIONAL SECURITY  THAT SHOULD TRUMP THIS ASS HOLE JUDGE,0
RT @EricAPosner: Neil Gorsuch must condemn Trump for so-called judge remark; his friends in the legal community must withhold their support until he does.,0
RT @DTrumpExposed: The Federal court has denied Trump admin appeal to have @realDonaldTrump's travel ban reinstated. 2nd legal defeat in three days for POTUS!,0
RT @ObsoleteDogma: Trump saying we're no better than Putin's Russia is a big test for conservatives. Pay attention to who denounces this &amp; who doesn't.,1
@daltex57 At least Trump has HUGE respect for everyone!!! https://t.co/QEW6wy4FtE,1
"RT @PrisonPlanet: Turns out that you can't use Twitter to threaten Trump supporter's children, violence &amp; doxxing. This account final https://t.co/rgipGho3m9",0
RT @ScoutDrayton: Judicial Watchs Tom Fitton explains why Trump may be right about illegal immigrants voting  https://t.co/LRewnmxha8,0
"RT @MMFlint: Thank you, So-Called President Trump! I've been struggling for 2 weeks over what to call you, and your tweet here g https://t.co/ZLpZLlnHV8",0
"RT @nytimes: S.N.L. Goes After Trump Again, With Melissa McCarthy as Sean Spicer https://t.co/VOLvsHIWgn",0
"@realDonaldTrump @POTUS Hey Donny, these are great - just look at your little hands flailing in the air ... FUNNY! #Illegitimate So, so #Sad https://t.co/fC66tx5ssg",0
RT @pg_rant: Jihadi rats scurrying around the World on death junkets until Trump put his foot on Brakes on behalf of West'n World https://t.co/B3XBr31tW4,0
RT @AGOWA: Trump Administration's request for immediate administrative stay DENIED. https://t.co/R3tTRPyv3U,0
RT @nprpolitics: Fact Checking This Week In The Trump Administration https://t.co/PbwLSqL0Ea,0
"RT @markmobility: Monthly cost of:

Guarding Trump Tower: $30 million

Section 8 for all 15,856 homeless NYC families: $28 million",0
"RT @funder: .Exhibit 8:Trump fam eyed expansion in Russian market '08



#DworkinReport #resistance #TrumpRussia #resist https://t.co/r1FJmm3WZ9",0
RT @LouDobbs: Most Left-Wing Appeals Court in Nation Denies Trump Request to Reinstate Travel Ban https://t.co/hHnr6ZsWoF #MAGA #TrumpTrain #AmericaFirst,0
RT @BBCBreaking: US appeals court rejects Trump administration request to immediately reinstate travel ban https://t.co/nDvCfpmAFK,0
RT @maggieNYT: So-Called Judge Criticized by Trump Is Known as a Mainstream Republican - https://t.co/pA75X6UWJg https://t.co/quBFLYtbvM,0
RT @BigCatCountry: #Jaguars Daily: Shad Khan talks about Donald Trumps immigration ban. https://t.co/I6cJWYviR4,0
RT @nytimes: Iran will bar the American wrestling team from an international meet in response to Trump's immigration ban https://t.co/rYMVmtuWEu,0
"@Schwarzenegger Re Trump: come on Arnold, you are better than that bigot. Don't lower yourself to his deplorable level.",0
"RT @funder: #Trump just made up a Polish battle. Hitler did the same thing before WWII



#DworkinReport #ImpeachTrump #resist https://t.co/oIO5UlrfZX",0
"RT @TheMarkRomano: See how the courts work...



When Obama issues a travel ban, it is perfectly fine.



When Trump does the exact same thing, it is illegal.",0
"RT @markmobility: Monthly cost of:

Guarding Trump Tower: $30 million

Section 8 for all 15,856 homeless NYC families: $28 million",0
RT @democracynow: Watch: @andreapitzer compares Trump's proposed weekly immigrant crime report to Jewish crime report in Nazi Germany https://t.co/rTOukOfPQk,0
"RT @Rodney_D_Pumas: Sometimes by losing a battle you find a way to win the war. - D.J. Trump, The Art of the Deal

 @IngrahamAngle @realDonaldTrump",0
Kennedy Family Writes Anti-Trump Op-Ed In Washington Post That EVERYONE Should Read https://t.co/rieCT39OFz,0
RT @Holbornlolz: Trump is no fascist. He is a champion for the forgotten millions | John Daniel Davidson https://t.co/a6MtbxSSVR,0
RT @SimonGosden: More #trump #POTUS fake news https://t.co/MRd7hDCKPW,0
"RT @IngrahamAngle: Notice how @CNNPolitics uses word ""attack"" when @realDonaldTrump stands up for US taxpayer. https://t.co/zq3TevWIMq",0
RT @cnnbrk: A federal appeals court denied the US government's initial request to resume President Donald Trump's travel ban. https://t.co/gB70irt1AX,0
"RT @rashadalaiyan: When someone says ""give Trump a chance"" https://t.co/qUnPHz2WAO",1
Trump's America vs. Real Americans https://t.co/zwqSTUGxVh,1
"RT @SteveKarol: #SNL Goes After Trump Again

So much material so little time!",0
"RT @NickKristof: My Sunday column: Post-Trump,  Canada may now be the country best reflecting the values of the Statue of Liberty https://t.co/GpOuenHUza",1
RT @TrumpSuperPAC: President Trump's job is to protect we the people. The judiciary has no authority to stop the President's duty! We https://t.co/ousn1G7mXu,1
@JosephMeliambro And the democrats try to stop Trump from fixing a problem that they never ever tried to tackle!,0
RT @AGOWA: Trump Administration's request for immediate administrative stay DENIED. https://t.co/R3tTRPyv3U,0
RT @GeorgeTakei: Trump was quick to condemn the Louvre attack. But he stayed pretty quiet over the mosque shooting in Montreal. That speaks volumes.,0
"RT @NastyWoman20: ""There's a 1 in 3.64 BILLION chance of you being killed by a refugee""



Trump supporters: https://t.co/qeaIG4ZWh2",0
"RT @ABC: Melissa McCarthy skewers Sean Spicer, Alec Baldwin reprises Trump role, Bannon portrayed as Grim Reaper on ""SNL"" https://t.co/3wlkqE4b8W",0
"@kenvogel Join #TheThornProject, 'Trump Hotel Occupancy Rate Nullification' Project. Book &amp; cancel Trump hotel rooms. Shut him down. #resist https://t.co/4CCX6Ejcgl",0
"RT @AlfGarnettTil: It's not so much a march against Trump now.

More like a weekly mental illness convention. https://t.co/EpHf642p3V",1
No kkk and trump? do they realize they are in canada? Dumb #antifa https://t.co/hEHAAUFFap,0
RT @Queen_UK: Kim Jong Un on the phone. Very upset that he's no longer the world's craziest leader. #Trump,0
Errors From The Press Are Piling Up In The Opening Weeks Of The Trump Administration https://t.co/Usbhnlvy0K via @dailycaller,0
RT @Aron_Ra: I understand why @johnpavlovitz doesn't want to call Trump a Christian. He's not. But don't call him atheist. We don't want him either.,0
"RT @IngrahamAngle: Notice how @CNNPolitics uses word ""attack"" when @realDonaldTrump stands up for US taxpayer. https://t.co/zq3TevWIMq",0
"@20michi0827 @RayBlake1 Trump isn't a fascist, if you want to see a real fascist look at what Antifa does (which is really ironic tbh)",0
RT @mrcharliemartin: READ THE BILL OF RITES - READ THE MAGNA CARTA - TRUMP IS CORRECT - AN INVADING FORCE - YOU CAN BAN ALL - READ IT - MARCHES ARE ABOUT ISLAM ?,0
"RT @FiveRights: If you hate Trump, can you say why (without labels or lying abt him)?

I'm not sure I've ever heard anyone give a real reason.",0
Samantha Bee on media responsibility in Trump's America: 'They're coming for all o https://t.co/FCLrVrIbCN #PresidentTrump #MAGA #privacy,0
RT @JSavoly: Trust Records Show Traitor Trump Is Still Closely Tied to His Empire #NotMyPresident #TheResistance  https://t.co/Go1aANoxby,0
RT @BoF: Raf Simons was in the midst of conceiving this collection when Donald Trump was elected President of the US. https://t.co/SXlKm5bIN5,0
"RT @queennn94: Kristen Stewart taking down Donald Trump and the homophobes at one go.



She has saved 2017. Play this at my funeral. https://t.co/ywlzO18FaT",0
I'm more than a little worried that we will impeach Trump &amp; end up with Mike Pence who would be less obvious in doing the same type things.,0
RT @jawharsircar: 8 Billion people to be deported from the US under Trump's planned mass deportation https://t.co/FvoPsbq2U9 https://t.co/lRRsEs3Y3d,0
"RT @queennn94: Kristen Stewart taking down Donald Trump and the homophobes at one go.



She has saved 2017. Play this at my funeral. https://t.co/ywlzO18FaT",0
"RT @CNN: ""Christians have been called by Jesus to love our neighbors"": Christian groups show concern over Trump's refugee ban https://t.co/yby8qx3CJ3",0
RT @ErickFernandez: I look forward to the Donald Trump tweet about this. #SNL https://t.co/xIMuxKMrxV,1
RT @KatrinaNation: Elizabeth Warren gives progressives in Congress a rousing call to arms against Trump https://t.co/2Sp1X2i5LJ via @HuffPostPol,0
RT @NewBlackMan: 21 women respond to Trump telling female staff to #DressLikeAWoman https://t.co/kaySFBJNID via @HuffPostWomen,1
RT @artoopio: KRISTEN MOCKED DONALD TRUMP AND CAME OUT AS GAY IN SNL MONOLOGUE WHEN WILL YOUR FAVE https://t.co/1lj07smIld,0
So does this mean #Trump mostly white #Cabinet picks are benefactors of #AffirmativeAction ? #ResistTrump https://t.co/6xPaqnWEMi,1
"RT @CarmineZozzora: Imagine an indoctrinated culture so mind-twisted that they're arguing against Trump preventing jihadists entering the US to kill us?



#MAGA",0
"RT @lbcbreaking: BREAKING: reports that Turkey detains some 400 I-S suspects in nationwide operation.



&lt;Emboldened by racist Trump rhetoric",0
RT @thehill: Appeals court rejects Trump request to restore immigration ban https://t.co/MZcqrosQTU https://t.co/062UgE8ISJ,0
"Trump on Iran nukes: ""US not so innocent"" #alternativenews",1
RT @BBCWorld: Does Trump cover go too far? https://t.co/FUgSTrYw0o,0
trump proves that going to college don't make you smart and sometimes even a dumb ass wins !. https://t.co/bM574GF8Cy,0
"RT @KaraCalavera: Isn't it? Although, apparently, they're not offended when Trump uses the word ""pussy"" -- or even drops the F-bomb h https://t.co/8UripxPJDO",0
"RT @AJemaineClement: Hitler - failed painter

Trump - cancelled tv host

Bannon - failed documentary maker

Conway - failed stand-up



Support the arts and media",0
RT @EricAPosner: Neil Gorsuch must condemn Trump for so-called judge remark; his friends in the legal community must withhold their support until he does.,0
RT @patcondell: I was anti-Trump until I listened to the anti-Trump media and anti-Trump protesters. Now Im 100% pro-Trump and I h https://t.co/gmiYl3othY,0
"RT @anneapplebaum: Macron has 78 days to hold out against Trump/Putin trolls, Assange and Wikileaks, and combined forces of the Fascis https://t.co/XeJoDZHNj2",0
RT @LibyaLiberty: This is what I mean about the American people sending a message louder than Trump: https://t.co/8WXVFhZSfk,0
"RT @Impeach_D_Trump: Mr. Trump, I thought we Were ""Going to be Sick Of Winning"".  You lost the popular vote and now lost to the court TW https://t.co/OzsYT8BQVw",0
"RT @PrisonPlanet: Turns out that you can't use Twitter to threaten Trump supporter's children, violence &amp; doxxing. This account final https://t.co/rgipGho3m9",0
RT @ARnews1936: 12-year-old gets attacked by peers for wearing Trump hat https://t.co/qLLRzCUuFm via @MailOnline,0
"RT @HuffingtonPost: Veterans vs. Trump: Pipeline will never be completed, warriors vow https://t.co/xhKOUxRmwt https://t.co/y2YZt6dRDK",1
"RT @AltStateDpt: Obama family travel cost taxpayers approx. $10M/yr. In 2wks, Trump is at $3M plus Eric Trump's Uruguay trip costing https://t.co/RaBvA5XiZR",0
RT @TheRebelTV: #Starbucks tries to appease their Progressive Left-wing base... #Trump #MAGA #POTUS #TrumpBan #Fail #tcot #uspoli https://t.co/Nt0UFmQzkG,0
"RT @timkaine: President Trump rolls back Dodd-Frank and regulations protecting retirees. He's not draining the swamp, he's draining people's pockets!",1
RT @Impeach_D_Trump: What could Possibly Go Wrong By Electing Donald Trump?? https://t.co/9qR6CTWYqm,0
"RT @karaswisher: It's almost like he's born in the USSR: Trump defends Putin, says U.S. has 'a lot of killers' https://t.co/Q0mfp90vub",0
"RT @TheTweetwit: If Donald Trump's supporters want to know who is causing their misery -&gt;



Richest 10% Control 89% of World's Wealth

https://t.co/etz2LbFp5L",0
RT @CauseWereGuys: this guys trump impersonation is spot on ?  https://t.co/nIecTaMF4h,0
Michael Moores Detailed Plan To Rapidly Impeach Donald Trump Goes Viral https://t.co/5UG9Dpnq1l,0
"RT @FoxNews: .@KatrinaPierson: ""President Trump is very serious about the promises that he made to keep Americans safe."" https://t.co/oHHrQ7ta0Z",1
"Is This What Trump Will Do to Our Water Systems?

#Suez #RocklandCountyNY #RateHike

https://t.co/fo5JnJ35CN",0
@SkyNews hope it doesn't become just another pathetic Trump bashing event.,0
"Democrats in Congress to Donald Trump: read the Constitution, you ""so-called president"" https://t.co/yerH8JPYB7",0
Stop being so sexist &amp; disrespectful towards men. For Mr Trump's inadequacies he is still your Commander in Chief! Sinful creatures we r! https://t.co/KGFz6LVsjP,0
"RT @markmobility: Monthly cost of:

Guarding Trump Tower: $30 million

Section 8 for all 15,856 homeless NYC families: $28 million",0
RT @KeithOlbermann: Trump to remove USDA animal welfare protections from cruelty for dogs. A reminder from 9/16: he's never HAD a dog https://t.co/NykVqnG6Nj,0
"RT @SandraTXAS: So Soros resistance anarchist are pissed that Trump blocked immigration from countries that Obama bombed? ??



#MAGA https://t.co/c9Lmsns9Zn",0
RT @floridarocket: Now Donald Trump is Claiming His Muslim Ban is From Homeland Security via @politicususa https://t.co/XLRRw0OgFc,0
RT @alexburnsNYT: Key Trump ally w some constructive feedback &gt; https://t.co/t8GJEO8jWx,1
The Economist&amp;#8217;s Editors Calls Donald Trump &amp;#8216;An Insurgent in the White House&amp;#8217; - https://t.co/tfUvCZgryX,1
RT @12253102: Anthony Weiners mentor: Chuck Schumer  When #Pizzagate arrests start to happen will he be on list? #MAGA #Trump https://t.co/S3FuvPEA5C,1
RT @nycjim: With an ally like Donald Trump who needs enemies? Smart essay by Former Sen. Tom Daschle. https://t.co/7Dpw5HO6mi https://t.co/Y9Qf5jOkR3,1
RT @juliettekayyem: Am I missing something? Many news stories how diehard Trump voters who loved his xeno/islamophobia as candidate still love him. For real?,1
RT @owenburke: Wonder if that money could help the people who voted for Trump? #MAGA #draintheswamp #Deplorables https://t.co/YX0hWNHH7G,1
"RT @JamilSmith: In his Super Bowl interview, Trump gives Putin a pass for being a murderer. Enjoy the game, everyone. https://t.co/T8eSCxzKpt",1
"RT @Internetguru798: #BBCNews Vice-president defends Trump judge comments: US Vice-President Mike Pence defends Donald Trump, https://t.co/nx6b6mNMRk",0
RT @AGOWA: Trump Administration's request for immediate administrative stay DENIED. https://t.co/R3tTRPyv3U,0
RT @artoopio: KRISTEN MOCKED DONALD TRUMP AND CAME OUT AS GAY IN SNL MONOLOGUE WHEN WILL YOUR FAVE https://t.co/1lj07smIld,0
"RT @RVAwonk: Just so we're clear, Trump has now tried to delegitimize:

-The press

-Scientists

-Intel community

-Election results

-The judiciary branch",1
"RT @KeithOlbermann: Honest to God, we have to impeach or 25/4 this jackass before the Super Bowl is over. @realDonaldTrump is not loyal https://t.co/g6mIUbv5xQ",1
RT @washingtonpost: Meet the Bush-appointed federal judge who halted Trump's executive order https://t.co/cGqiK2Ii4p,0
"Bill OReilly Calls Vladimir Putin A Killer, Donald Trump Says Americans Are Just As Bad https://t.co/mY062Hdm59 https://t.co/wEqtiqh7DI",0
RT @TheIndyFilm: Michael Moore had the perfect response to Trump's attack on the judge who blocked his Muslim ban https://t.co/XzDZFYpNCI,0
"RT @ABC: Sens. @BenSasse and @amyklobuchar weigh in on Pres. Trumps SCOTUS nominee and more, this morning on @ThisWeekABC https://t.co/ivhZy8lqGM",0
"""There's a 1 in 3.64 BILLION chance of you being killed by a refugee""



Trump supporters: https://t.co/FwKEoNXYkP",0
Errors From The Press Are Piling Up In The Opening Weeks Of The Trump Administration https://t.co/JPI1TMCG84 via @dailycaller,0
"RT @J2ocean: Trump paying $85 an hour to build the wall???



Me: https://t.co/51cLN2ISno",0
"RT @piersmorgan: 'A staggering, hysterical overreaction' - Lord Carey, former Archbishop of Canterbury, on anti-Trump protests.

https://t.co/m7nAeqVbGD",0
A 9/11 survivor cheers the suspension of Trump's immigration ban | Opinion https://t.co/DKgVn7oMpw https://t.co/l7za3pymcV,1
"RT @ShaunKing: Wow.



The Department of Homeland Security just announced it is suspending the implementation of Trump's bigoted tra https://t.co/OCzRhlH7WD",0
RT @titodinzey: Donald Trump defends Vladimir Putin for murdering people in demented Super Bowl interview https://t.co/AkNxuN4cHo via @PalmerReport,0
RT @MikeCarlton01: Fake judges !  Trump fails to have his travel ban immediately reinstated https://t.co/dxES5NvOXm,0
The pathologically gullible will not listen to facts about Trump's history of being sued by ambulance chasers LIKE EVERY BILLIONAIRE https://t.co/kKMRgYwyc5,0
"RT @JackBPR: Tell it Like it is Trump makes headlines in pre-Super Bowl interview: What, do you think our countrys so https://t.co/JXCHVTv4ut",1
"Maybe the most honest thing @realDonaldTrump has said

I m not defending Russia massacre in Aleppo but USA isn't innocent https://t.co/0ySYLQgG3C",1
RT @ezlusztig: Let's take a moment to be grateful that Trump and Bannon are such incompetent fools. This was the wrong time to pic https://t.co/vcQrGWO4kz,0
The latest The Rein Gerritsen Daily! https://t.co/ULK7zy3jg5 Thanks to @EmileBiesheuvel @tbli_conference @Ceritm #nieuwsblad #trump,0
RT @souamesfarah: Gotta be today's best cartoon #Trump #travelban #Democracy #Constitution https://t.co/uQuRfJ1ORb,1
RT @SheriffClarke: Pres Trump takes weekend away from D.C. @ABC goes apoplectic but silent when Obama vacationed during Louisiana floo https://t.co/6zZA48Dx80,0
"RT @cox_tom: When Trump dies they'll open his head &amp; find nothing but faulty wires, vile apricot pus &amp; a snake who is relieved to no longer be trapped.",0
RT @harrisalexc: West Palm Beach is here and ready to protest Trump. https://t.co/HeBvrNqRM8,1
"RT @BlissTabitha: Make Argentina Great Again? South America Leader Follows Trump, Cracks Down On Illegal Immigration And Mulls Wall https://t.co/20uVmEvOPO",0
"@Sethrogen Trump the most dangerous man in the world. Makes Kim Jong-un just seem like your typical Fuzzy Killer Panda.

#FOOLONTHEHILL",0
"RT @JohnJHarwood: Trump: ""I do respect Putin""

O'Reilly: ""But he's a killer""

Trump: ""We've got a lot of killers. What do you think? Our country's so innocent?""",0
RT @Jessifer: Trump is abusive and incites hate crimes. How many times does he have to break @Twitter terms of service before you https://t.co/dlecrpDDUz,0
"@TheHusbandInTow Trump travel ban: airlines allow blocked travellers back on board

https://t.co/cgkH9U9fO1 via yahoo https://t.co/2OmbKta5l6",0
"RT @maggieNYT: Chill, America. Not every Trump outrage is outrageous. - The Washington Post https://t.co/dbTzidHVzc",0
Remark by @realDonaldTrump sounds #UnAmerican. https://t.co/8ePsbmxVmq,0
"RT @RawStory: 'Australia sucks, prepare to go to war': Alec Baldwin returns to SNL as Trump botching world leader calls https://t.co/fkvOIVuwIi",0
@VoiceOfTheKurds @UsaPotusNews but isn't it funny that the Trump haters are not replying to these tweets,1
She should recuse herself for all the negative things she said about Trump during the election! https://t.co/6yQ69oPjGN,0
Pathetic &gt;&gt; NASA debunks bogus Trump tweet sent from ISS https://t.co/6pOYa15Vt0,0
RT @David_EHG: Kudos to the @washingtonpost for forcefully challenging Trump's power. This is what a Fourth Estate should look lik https://t.co/l2msXgIu56,0
"RT @larryelder: Those upset with Trump for saying, ""You think America is so innocent?"" had no problem when Obama repeatedly apologized for America.",0
RT @artoopio: KRISTEN MOCKED DONALD TRUMP AND CAME OUT AS GAY IN SNL MONOLOGUE WHEN WILL YOUR FAVE https://t.co/1lj07smIld,0
"RT @hdagres: #Trumps confirmed transportation secretary Elaine Chao was paid $50,000 to deliver 5-min speech on behalf of #MEK https://t.co/PbfwNHqvbg",1
RT @foxandfriends: College Republicans say they are coming under increasing threat from Trump critics https://t.co/iAaHKpQOKy https://t.co/lagB8kTIo2,0
"RT @jeneps: Trump on immigration appeal: ""We'll win. For the safety of the country we'll win."" https://t.co/ffOPCgtPBv",1
There is a cruel irony in Trump being so obsessed with popularity.,0
"RT @TheMarkRomano: Thanks, George W. Bush:



Your judges have upheld Obamacare and halted President Trump's travel ban.



I wonder how t https://t.co/MrEgVJLiwx",1
RT @FoxNews: Experts: Social media giants fight Trumps anti-terror plan while providing platform for terrorists https://t.co/skMzy0FcC9,1
"RT @JoyAnnReid: The Republicans won't rein In Trump, but the judiciary just might. https://t.co/C1VQDnYZAH",0
"RT @queennn94: Kristen Stewart taking down Donald Trump and the homophobes at one go.



She has saved 2017. Play this at my funeral. https://t.co/ywlzO18FaT",0
Court denies request to immediately restore Trump travel ban Sunday https://t.co/QeI3RJ6TJd,0
RT @AP: BREAKING: Appeals court denies Trump administration request to immediately reinstate ban on travelers and refugees.,0
RT @DavidJo52951945: Judge who blocked Trump's immigration ban totally biased.Judges are not interpreting law but enforcing their view https://t.co/eS5ZAzZQ2i,0
RT @CanProveIt: First Clip Of O'Reilly's Interview: Trump Praises Putin While Sh*tting On America https://t.co/PDCjsUVZsG,1
RT @ezralevant: Iran's dictators are celebrating U.S. judges striking down Trump's visa suspension. https://t.co/6jZak5Tdta,1
"RT @nytimes: Trump says he has walked away from the day-to-day of his empire, but records show how close he remains to it https://t.co/oYuvMupTxK",0
RT @deanbarker: Good morning. Today is the 17th day Mr. Trump violates the Constitution's Emoluments clause &amp; the 17th day Paul Rya https://t.co/O50Ix6fd4D,0
"RT @NastyWoman20: ""There's a 1 in 3.64 BILLION chance of you being killed by a refugee""



Trump supporters: https://t.co/qeaIG4ZWh2",0
RT @AliVelshi: BREAKING: 9th Circuit Court rejects Trump administrations request to overturn Fridays ban by federal judge on its immigration order,0
"RT @funder: RT if u don't trust Trump's entire White House!



#resist #theresistance #dworkinreport #trumprussia #impeachtrump https://t.co/iNConV3P6U",1
"RT @NPR: BREAKING: Appeals court denies Trump admin. request for stay of injunction on immigration order, meaning the Trump order remains suspended.",0
"RT @annendress: @TeamTrumpAZ don't vote for him he is,against president trump",0
"RT @Green_Footballs: When Trump says America is a nation of killers, hes not making a principled critique of US misdeeds. Hes JUSTIFYING more killing.",0
"RT @JOEROWE409: Afraid Trump is going to ruin America.



Portland Protest Leader Micah Rhodes Arrested For Sex With A Juvenile https://t.co/lnQisOn3SM",0
RT @pacinomami: every time somebody says they regret voting for trump https://t.co/mhJaztU68q,0
"RT @IngrahamAngle: Notice how @CNNPolitics uses word ""attack"" when @realDonaldTrump stands up for US taxpayer. https://t.co/zq3TevWIMq",0
"RT @RealAlexJones: Donald Trump Basher Khan Is Muslim Brotherhood



Full Video: https://t.co/955DI92Vly https://t.co/gXK8CFXfsd",1
RT @moorehn: I said this on KCRW on Friday. There is no regulation preventing banks from lending. If Trumps friends having tr https://t.co/hMYys0tkWD,1
RT @dailykos: Republican senators putting the brakes on Trump's precious border wall https://t.co/oDT6a5S2cE,1
RT @KenartsTheKing: Example of terrible journalism: #Trump didn't alleged that Putin is a killer (the interviewer did); #TheGuardian sp https://t.co/oqkuviGgwd,0
"RT @AmandaPresto: Eminem Raps About Raping Conservative Ann Coulter, Calls Trump a 'B****' in New Song https://t.co/EBv5imzJHW https://t.co/B7XuvN3u2E",0
"RT @Nadeshot: Weed legal, Cubs won the World Series, Call of Duty in space and Donald Trump is president. 2016 you crazy.",0
"When Trump Tweets, This Bot Makes Money - NPR - https://t.co/Cl6pMCy7X8",0
"RT @imillhiser: So much depends on whether Justice Kennedy is watching Trump and thinking ""maybe I was wrong to enable gerrymandering &amp; voter suppression.""",1
"RT @VoteTrumpPics: Trump Twitter Rally?



RT? and show your support for DJT this Sunday, Feb 5th during Super Bowl Half Time Show at https://t.co/okPb11YbQw",1
Chelsea Clinton is ramping up an increasingly public Twitter crusade against Trump https://t.co/1th4KWrrwW,0
What Trump should really do to fix health care quoting : Daily News https://t.co/sajbp8vnn1 #health,1
RT @mcgilh: Tech Firm Suing BuzzFeed for Publishing Unverified Trump Dossier - Breitbart https://t.co/uZHCyoarH3,0
RT @IGD_News: Who Are the Anarchists? And why are both Trump and the Democrats so afraid of them? https://t.co/1FW1vSGVum,0
"It requires more than Trump. If he gives an order to re-impose the ban, people, many people, will need to follow it. That will be the test https://t.co/1Dw1ViSFE2",0
"RT @jlsinc: You could genuinely change ""Trump"" to ""Brexiteer"" in every single instance here. https://t.co/nHevNPcph9",1
"RT @DavidAFrench: You won't see many conservatives defend Trump's Russia comment. They'll be silent, but they'll know they'd race to Fox to condemn a Dem.",0
"RT @Richard_Florida: ""MSNBC &amp; Fox capitalizing on Trumps TV watching habits dramatically increasing issue advocacy advertising rates"" https://t.co/SQBXSngh05",1
RT @Fahrenthold: Ivanka Trump also promised to resign from family business  and hasnt filed the paperwork. From @propublica. https://t.co/vCEjWDZ5Xr,0
dlvr -  Kuwait denies it imposed travel ban praised by Trump https://t.co/v2rjFR1soj,0
RT @JasonKander: Hard to tell whether @realdonaldtrump became president or the Trump Organization acquired the federal government. https://t.co/4KCzzOR0sX,1
"RT @markmobility: Monthly cost of:

Guarding Trump Tower: $30 million

Section 8 for all 15,856 homeless NYC families: $28 million",0
"RT @nytimes: Whether they like it or not, brands associated with the Trump name have become politicized https://t.co/beH89AwqtC",1
This is not just trump - it's the ENTIRE @gop who is inhumane--where are the good ppl???? #AgGag #puppymills #animalresearch #USDA CALL!!! https://t.co/YypBK0u1qc,1
"@AllenWest @johnnyreb1864 I wonder how many ""judges"" they had to call to get Trump's travel ban blocked?? Or is he already in THEIR pocket?",0
RT @AP: BREAKING: Appeals court denies Trump administration request to immediately reinstate ban on travelers and refugees.,0
RT @AP: BREAKING: Appeals court denies Trump administration request to immediately reinstate ban on travelers and refugees.,0
"I liked a @YouTube video from @domislive https://t.co/ReNvPXBPqN Eminem Diss Trump on Big Sean No Favors I Decided ""called",1
RT @rpwestcott: .@Space_Station Mars has instituted a travel ban on Donald Trump. https://t.co/VR4deKyf5D,0
RT @Reuters: Kuwait denies it imposed travel ban praised by Trump https://t.co/mvuwFBjfx0 https://t.co/p2MgW0eRdH,0
"RT @TrumpInTheNews: 'SNL' Goes After #Trump Again, With Melissa McCarthy as Sean Spicer - New York Times https://t.co/beEM6C599X https://t.co/02SDZMM3XG",0
RT @LisaBloom: Trump loses in court again and again and again and again.  https://t.co/CGbmGhmBol,0
RT @washingtonpost: Meet the Bush-appointed federal judge who halted Trump's executive order https://t.co/cGqiK2Ii4p,0
RT @thehill: Appeals court rejects Trump request to restore immigration ban https://t.co/MZcqrosQTU https://t.co/062UgE8ISJ,0
RT @USATODAY: Trump says America isn't so innocent https://t.co/A7mV9x6I9U https://t.co/1jT8uSLDSP,1
RT @NathanDWilsonFL: Trump's toughest problem (and our biggest threat): The incredible rise in Christian persecution |  https://t.co/di8F2f2Nvm @Love_The_Donald,0
"RT @TygerWDR: Trump wants a war &amp; hes willing to lie to Americans to get it. I put these together, the liar VS the local in Paris https://t.co/IYDidHrEGT",0
I liked a @YouTube video from @mundanematt https://t.co/FUueO6BLJx [News] WTF - Is Trump going to deport Immigrants who use welfare?,1
".



Trump Baseball Camp



""BIG LEAGUE""



https://t.co/0HEpkUPuNd

.

.

.

.... https://t.co/oV3xIlS986",1
"RT @kylegriffin1: Dem. Whip Rep. Steny Hoyer on Trump's judge tweets: ""Shows a complete disregard for both an independent judiciary a https://t.co/apVAZKsm6R",0
"Eric Trumps business trip to Uruguay cost taxpayers $97,830 in hotel bills https://t.co/RIlbNSMPTb",0
"Alec Baldwin returns as President Trump in hilarious SNL cold open

@AlecBaldwin perfect representation of Drumpf thk https://t.co/iLwru6Ai0T",1
Federal Judge Halts Trump's Travel Ban - https://t.co/Rw5gFUNBpw https://t.co/XbbjOBoYAj,0
"RT @PrisonPlanet: Turns out that you can't use Twitter to threaten Trump supporter's children, violence &amp; doxxing. This account final https://t.co/rgipGho3m9",0
Why the Super Bowl is Donald Trump vs. the city of Atlanta https://t.co/kS9To5uBNv,1
"RT @NickCohen4: ""Trump, modern fascism, and how to fight back"" - long read from me in the Observer

https://t.co/TZr0NiHJDI",0
"With Executive Orders, Trump Embraces Time-Honored Power Move - https://t.co/f9uOUfvGtO https://t.co/Xz7FVotIEw",1
RT @EricAPosner: Neil Gorsuch must condemn Trump for so-called judge remark; his friends in the legal community must withhold their support until he does.,0
"RT @RickElamArtist: Trump Twitter Rally

RT and show your support for DJT this Sunday, Feb 5th during Super Bowl Half Time Show at https://t.co/5SdrJ8cprz",1
RT @ranman09: #NotMyPresident Trump is one of the most disliked political leaders in the entire world. Thousands March In London: https://t.co/5tgXx6Zl9K,0
RT @EricAPosner: Neil Gorsuch must condemn Trump for so-called judge remark; his friends in the legal community must withhold their support until he does.,0
"Trump Cabinet pick paid by 'cult-like' Iranian exile group, by @jongambrellAP  https://t.co/hhyDDtWjIz",0
@LDN_BOX @kfhall0852 @JoyAnnReid Lol. Nope. Trump did this all by himself. And it didnt cost him a cent.,0
RT @NPR: BREAKING: The Trump travel ban remains suspended after the 9th Circuit denied a stay on an earlier court order. https://t.co/GxVe0n9H3S,0
RT @ChrisJZullo: There are only two things Donald Trump cares about. His reputation and his pocket. The first is shot. #GrabYourWallet. Brands to boycott 1/,0
"@AngieChavez518 Sean Spicer gets spanked by Daddy Trump every night. Show that, ha ha!",0
RT @RhonddaBryant: May was over hasty with state visit offer. MPs won't show if he comes so she will now offend Trump by downscaling trip so he won't come.,0
RT @piersmorgan: Reposting this photo from yesterday's London anti-Trump march. Staggering. https://t.co/aAvJ6yJXID,0
RT @Reuters: Kuwait denies it imposed travel ban praised by Trump https://t.co/mvuwFBjfx0 https://t.co/p2MgW0eRdH,0
RT @chris24barnes: An evaluation of Trump's management approach in his presidency to date by a few high profile management professors https://t.co/VhjsGsIFW4,1
RT @MaceWimbu: I'm only here to see Donald Trump,0
"RT @PrisonPlanet: Turns out that you can't use Twitter to threaten Trump supporter's children, violence &amp; doxxing. This account final https://t.co/rgipGho3m9",0
"Chelsea can still lose their lead in the EPL. Stranger things have happened in recent times, Trump etc etc.",0
RT @thehill: Schumer torches Trump for attacking judge who halted his immigration ban https://t.co/4KceIJq5oG https://t.co/Mmy7Zwwn98,0
RT @yashar: In honor of Kristen Stewart hosting SNL - here are the 8 tweets President Trump posted about her in the past. https://t.co/0m24xxhGSg,1
@brianmlucey @stillgray fair enough...lets close down intel. Mess with trump at your pearl. He has a better hand than some nobody in ireland,1
The Independent: Owen Jones refuses to join Trump Protest because SWP is a cult which covered up https://t.co/FfFx2X2N7G #NewsInTweets,0
Appeals court denies President Trumps challenge to ruling on travel ban https://t.co/ABeeCYIxf2 via @BostonGlobe,0
RT @CNN: A federal appeals court denied the US government's initial request to resume President Donald Trump's travel ban. https://t.co/4MDk9yuold,0
@ZaneTheSane @arquitetinha @V0NNiEE @dhope67 @Latsyrc57 Pretty much sums up your bio where you stereotype Trump supporters. #twoface #MAGA,0
"RT @monteiro: Make your voice heard. Help @jack make the call. Donald Trump has broken the Twitter TOS. President or not, he should be banned. #DoItJack",0
"RT @BryanDawsonUSA: Carl Sagan as prophet in 1995: A great mind unknown to Trump supporters ""unable to distinguish between what feels g https://t.co/K4pVP519Ka",0
"RT @DrWhoisin: @foxtrotmike1112

Trump: New Iran sanctions, USS Cole to Red Sea

not ruling out full military confrontation

https://t.co/Bd55IHucD4",0
"RT @ABC: Melissa McCarthy skewers Sean Spicer, Alec Baldwin reprises Trump role, Bannon portrayed as Grim Reaper on ""SNL"" https://t.co/3wlkqE4b8W",0
De Blasio: Fox News paved way for Trump https://t.co/8e3nYuNyye,0
"RT @AltStateDpt: Obama family travel cost taxpayers approx. $10M/yr. In 2wks, Trump is at $3M plus Eric Trump's Uruguay trip costing https://t.co/RaBvA5XiZR",0
RT @DTrumpExposed: The Federal court has denied Trump admin appeal to have @realDonaldTrump's travel ban reinstated. 2nd legal defeat in three days for POTUS!,0
"RT @WSHHVlDS: Ellen DeGeneres' response to Donald Trump screening ""Finding Dory"" at The White House is everything: https://t.co/B5zZNlQPhQ",1
"WATCH: Trump and Bannon as Grim Reaper go to war with foreign leaders on SNL

https://t.co/Z7MeikBTzh https://t.co/vtCsLEMJ0h",0
"We live in blended world...

 #Nationalism #USA #Europe #Migration #Refugees #Trump #Sarkozy #LePen https://t.co/teRANZYbIy",0
"RT @ChristiChat: Best vote I ever cast!

<U+2764> Trump



WATCH what @POTUS did in week two of his presidency to #MAGA

#AmericaFirst



https://t.co/4bzM3s8Tej",1
"RT @Perpetual_Now: Texas Rep. #JoaquinCastro charges forward with talk of #impeaching #trump



https://t.co/rSsqi1qo4G https://t.co/a0BRlKIOHu",1
How can they name MVP BEFORE the #SuperBowl??? Anyway-THRILLED it's #MattRyan!!!!  GO FALCONS!!!!. DON'T GIVE TRUMP ANOTHER WIN!!! BOO PATS!,1
RT @trcfwtt: I've seen trumpets proclaim that trump was chosen by God and it blows my mind how any moral person could come to that conclusion.,1
RT @TomthunkitsMind: Where Is Trump's Investigation Into Russian Hacking He Promised? https://t.co/DWNmoO4W4U,1
"RT @nytimes: Whether they like it or not, brands associated with the Trump name have become politicized https://t.co/beH89AwqtC",1
"RT @PrisonPlanet: Turns out that you can't use Twitter to threaten Trump supporter's children, violence &amp; doxxing. This account final https://t.co/rgipGho3m9",0
"RT @JoyAnnReid: The Republicans won't rein In Trump, but the judiciary just might. https://t.co/C1VQDnYZAH",0
RT @EricAPosner: Neil Gorsuch must condemn Trump for so-called judge remark; his friends in the legal community must withhold their support until he does.,0
RT @FreedomofPress: Want to protect your privacy and security in the age of Trump? Here are 11 tips and tools to get you started: https://t.co/LSNfdSx2NE,1
"RT @ianbremmer: If Trump supports Ukrainian territorial integrity, he didn't mention it to President Poroshenko. ?",1
"RT @BraddJaffy: O'Reilly: Putins a killer.



Trump: ...weve got a lot of killers. What do you thinkour countrys so innocent? https://t.co/OVR4XBJq1b",0
"RT @MaxBoot: ""Mr Trump... will receive reports on any profit, or loss, on his company as a whole."" https://t.co/9zrkscrSUE",0
RT @bloodless_coup: These people. NOW they're worried about things getting deleted. -&gt; Trump's Fleeting Tweets Alarm Archivists https://t.co/umRXwoD4f7,0
"RT @PrisonPlanet: Turns out that you can't use Twitter to threaten Trump supporter's children, violence &amp; doxxing. This account final https://t.co/rgipGho3m9",0
@Peggynoonannyc What did the pick of Gorsuch have to do with instability? It seems that was 1 of few stable aspects of Trump's presidency.,1
RT @JoyAnnReid: Not that I've seen. The Trump/Sessions/Chris Kobach/Bannon/Stephen Miller xenophobic varietal is fixated on brown a https://t.co/RWK8DbiXt8,0
"RT @JoyAnnReid: The Republicans won't rein In Trump, but the judiciary just might. https://t.co/C1VQDnYZAH",0
@DynastyCrooks @tomfrancirek @BBCBreaking @BBCNews you do realize there have been 0 terrorist attacks from the countries Trump banned.#fool,0
"RT @ConstanceQueen8: Thx @FriendlyJMC

Spread The Word

<U+203C><U+FE0F>Vote Them All Out

In 2018<U+203C><U+FE0F>

Have Trump's Back

He Has Ours

#PresidentTrump https://t.co/tePA9JbzWp",0
Thank the world for Alec Baldwin as Donald Trump. It's hilarious but so sad that this is what America did.,1
@bresla_linda @harleytime1 @mjs_DC We have to help explain Trump to conservatives.  He's not good for them for liberals for any American.,1
RT @PoliticsNation: .@RepBarbaraLee: #Trump's attacks on judge more evidence he doesn't understand or respect the three branches of government #PoliticsNation,0
dlvr -  Travellers rush to board US flights while Trump ban blocked https://t.co/VD2SeKI79v,0
"RT @thehill: Michael Moore trolls Trump over tweet attacking judge: ""Thank you, So-Called President Trump!"" https://t.co/tFHGVnzngt",0
RT @EricAPosner: Neil Gorsuch must condemn Trump for so-called judge remark; his friends in the legal community must withhold their support until he does.,0
RT @terakopian: British Victoria Cross recipient detained because of #Trump #MuslimBan: https://t.co/MeMuFEZNNq,0
"RT @WilliamsJon: 64% of UK thinks #Trump threat to global security: dangerous, unstable &amp; bigot. Time to rethink #StateVisit?

https://t.co/BVypKtMy9R",0
"RT @TheAsianAgeNews: Diagnosed with cancer, woman names her tumour after Donald Trump

https://t.co/U6rg4AgIDZ https://t.co/gaxhvvZRjr",0
RT @wheezemd: Trump wants to blow up the FDA. The drug industry? Not so much https://t.co/X3bj6KG5t4 via @statnews,0
RT @ProgressOutlook: Trump's looking to politicize and gut our top spy agency. Putin's applauding his little puppet.,1
RT @souamesfarah: Gotta be today's best cartoon #Trump #travelban #Democracy #Constitution https://t.co/uQuRfJ1ORb,1
"When Donald Trump hits a brick wall called democracy, he can't get no satisfaction https://t.co/5dE7FZbkCQ (News) #melbourne #victoria",1
Kuwait denies it imposed travel ban praised by Trump https://t.co/XZvUukD2sL,0
"RT @RealGoaIs: ""Trump offering $85 a hour to help build the wall.. Wyd?"" https://t.co/JeLPio8ZcP",0
https://t.co/FYlVO1MQ2S Travellers rush to board U.S. flights while Trump ban blocked https://t.co/bVKEHivbLQ,0
Why black and brown Americans could suffer most from Trump hiring freeze: President Trump's recent order for an https://t.co/OII3qKhNiN https://t.co/8NH8TrlJGU,0
WTF? Trump brushes off description of Putin as a 'killer': 'Our country's so innocent?' https://t.co/3QmGpXJDMc,0
RT @Independent: Donald Trump's travel ban was preventing this baby from having heart surgery in America https://t.co/Qs8jufLxdh,1
RT @lyallr: Donald Trump finally gets something right. https://t.co/tpCg65gFUY,1
RT @aljwhite: Look forward to Trump having a shitfit over Kristen Stewart in a few hours https://t.co/PYy8tsM14y,1
Appeals court denies Trump administration's request to immediately restore travel ban https://t.co/4MsxESn5x7 https://t.co/diUXw9W2vi,0
"No travel ban for now https://t.co/v0Rn83etjg # Is Trump fit to function as POTUS? He takes wrong decisions, only to be overturned!",0
RT @The_Anti_Fox: BBC News - Trump Bid to Restore Travel Ban Rejected by Appeals Court Until Full Case is Heard! https://t.co/8CNQNy66id P2 #TCOT @HouseGOP,0
Trump and Bannon as Grim Reaper go to war with foreign leaders on 'SNL' https://t.co/YzT7IhdYa3,0
Thousands march near Trumps Mar-a-Lago estate https://t.co/N6ArJi2jfT via @usatoday,0
"RT @NickCohen4: ""Trump, modern fascism, and how to fight back"" - long read from me in the Observer

https://t.co/TZr0NiHJDI",0
RT @BernieSanders: Friday's order by a federal judge in Seattle blocking President Trump's immigration ban was a victory for rule of law and the Constitution.,0
RT @TheDemCoalition: The anti-Trump boycott of retailers won't back down here's how it could affect sales https://t.co/ZjI2xvSDU5 via @leannagarfield #Resist,0
"RT @frankieverschu1: In the era of Trump, US companies must navigate a minefield https://t.co/h76Y4RjQ8q via @FRANCE24",0
"RT @TheMarkRomano: President Trump is out front taking the arrows, while the pathetic Republicans in Congress cower in fear.



I'm looking at you @SpeakerRyan!!",0
"RT @chicagotribune: Donald Trump Jr. stumbled making his mark outside the Trump Organization, leaving behind lawsuits, unpaid taxes. https://t.co/cT2XACimcZ",0
And she's a Trump supporter now. you're just showing how hypocrite she is so what's 'gold' exactly? Delete this please. https://t.co/8otkDGaoDc,1
RT @DailyLiberal1: Chock-Full-of-Alternate-Facts. A tongue in cheek look at Trump &amp; Company.  https://t.co/SrbvL7qFFS,0
US appeals court rejects Trump administration request to immediately reinstate... https://t.co/QiTKRHx4hb by #BBCBreaking via @c0nvey,0
"RT @NastyWoman20: ""There's a 1 in 3.64 BILLION chance of you being killed by a refugee""



Trump supporters: https://t.co/qeaIG4ZWh2",0
@keethers Just wait! the pendulum has swung to the other side; the last time this was 1981.  Trump has 3 more selections to SCOTUS.,0
"RT @Slate: Asked About Putin being a killer, Trump says you think our countrys so innocent?"" https://t.co/ucypd8zpxJ https://t.co/WFIxJsXete",0
RT @SteveTheQuip: Strongly recommend @Trump_Regrets for all those who need a political antidote to #Trump &amp; who haven't given up   https://t.co/O0BPGjRbx9,1
"RT @grantstern: Republican Rep McClintock Got Scared Of Questions About Trump's #MuslimBan &amp; #Obamacare, Fled At High Speed  https://t.co/31GdaHmCAV",0
"RT @JohnCleese: The latest opposition to emerge in President Trump's 'War on Reality' ?



It's the so-called United States so-called Constitution.",0
RT @kurteichenwald: Trump swore under oath he never spoken 2 a person. Affidavits &amp; documents showed not true. Perjurer or delusional? https://t.co/l6zCTDCCvI,1
"RT @paulkrugman: If Trump can call Robart a ""so-called"" judge, can we call him -- with infinitely better justification -- a ""so-called"" president?",1
"RT @ZimMediaReview: When ""Trump"" called ""Mugabe"" and got more than he bargained for...

:) https://t.co/VLp0DTUylo",0
RT @cellule44: President Donald J. Trump Recognizes National Catholic Schools Week: https://t.co/HiAzAciyhu by #POTUS via @c0nvey,0
RT @France4Hillary: BREAKING: A federal appeals court early Sunday rejected a request by the Justice Department to restore Trumps #MuslimBan! Another defeat!,0
"#vrai777<U+2604><U+2105> #mashable Alec Baldwin's Trump is back on 'SNL': 'Prepare to go to war'

https://t.co/4ykCphYqB5",0
RT @ed_hooley: HOW RONALD REAGAN HANDLED THE UC BERKELEY PROTESTS #MAGA #MiloYiannapoulos #milo #Trump #PepsiHalftime #SuperBowl https://t.co/rbalLaRUki,0
"Interesting read. Our strategy must be coherent and work to understand those who Voted for Trump #RESISTANCE

https://t.co/aIwhkYeVuj",1
Appeals court denies Trump request to immediately reinstate travel ban https://t.co/VtJ8Hf6ljm via the @FoxNews Android app,0
"RT @jaketapper: Fox aired interview excerpt



O'Reilly: Putin is a killer.



@POTUS Trump: There are a lot of killers. You think our country's so innocent?",0
"RT @Yair_Rosenberg: Trump keeps bringing out America's greatness, just not in the way he intends https://t.co/6aDtnfqk6x",1
RT @artoopio: KRISTEN MOCKED DONALD TRUMP AND CAME OUT AS GAY IN SNL MONOLOGUE WHEN WILL YOUR FAVE https://t.co/1lj07smIld,0
RT @randyprine: General Petraeus Warns Congress Trump Is About To Destroy World Stability -  https://t.co/oueahunyEp,1
RT @ezlusztig: False Equivalency alert. This assimilation of Trump to previous administrations is utter garbage. Don't believe a w https://t.co/AW8EtoJhpz,0
@Phil_Lewis_ I would put money on all that was put on by anti-Trump far left and even anarchists to promote their hate for Trump.,1
"RT @RichardWeaving: @realDonaldTrump @POTUS @WhiteHouse

O.M.G.  Obama's  D.H.S. Had No Clue

On Expired Visas Or Refugees !

Thank God T https://t.co/MkkCYP9fG0",0
"RT @ARnews1936: .@TRobinsonNewEra: ""I have absolutely no idea why trump would want to ban people from Iran""  https://t.co/hdL26cwIkG",0
"https://t.co/DtladL6ZLM

Against Normalization: The Lesson of the Munich Post

tomlutz

THE TRUMP-HITLER COMPARISON https://t.co/GKgcrc7ktr",1
RT @jerrytaylor14: There will never be a military coup. As a Vet I can tell you that our military is behind our new President Trump.  Don't be Stupid,0
"RT @thehill: Dem lawmaker suggests Trump get a ""mental health exam"" https://t.co/1hPMILaUsl https://t.co/NRg1nZCMOF",0
RT @StephensWSJ: Trump puts US on moral par with Putin's Russia. Never in history has a President slandered his country like this.  https://t.co/LrP8ycG1Y9,1
RT @AaronBlake: Constitutional crisis? What happens if Trump decides to ignore a judge's ruling. https://t.co/krezo0T1H9 https://t.co/HahxJX3Vna,0
RT @FRANCE24: Thousands protest in London and Paris against Trump travel ban https://t.co/PVC70sRgF5,0
RT @horowitz39: Hypocrisy of the anti-Trump whiners and chaos creators: https://t.co/5rBoiF30Gt,0
RT @piersmorgan: Reposting this photo from yesterday's London anti-Trump march. Staggering. https://t.co/aAvJ6yJXID,0
RT @deanbarker: Good morning. Today is the 17th day Mr. Trump violates the Constitution's Emoluments clause &amp; the 17th day Paul Rya https://t.co/O50Ix6fd4D,0
"SNL: Melissa McCarthy as Trump Press Sec. Sean Spicer Is Amazing, Period https://t.co/mSdUcan19Z via @TVLine",1
"RT @cj_disabled: Frank Bruni minces no words: Trump's ""masturbatory reveries"" drive his ""Me Doctrine"" https://t.co/YrVvcjxwBB",0
RT @FacesPics: The shadow from this towel rack looks like Donald Trump https://t.co/jTRePNDuLC,1
Lady Gaga better not Criticise #Trump or she will be perma-pisstaked until the end of fucking time.. #SuperBowl  #Bluehand #LadyGaga,0
It's not the reason you think&gt; Why Trump Supporters Were Susceptible to Fake News https://t.co/YOQSjV1Qcq,0
"RT @Impeach_D_Trump: Mr. Trump, I thought we Were ""Going to be Sick Of Winning"".  You lost the popular vote and now lost to the court TW https://t.co/OzsYT8BQVw",0
RT @piersmorgan: Reposting this photo from yesterday's London anti-Trump march. Staggering. https://t.co/aAvJ6yJXID,0
"RT @jaketapper: Trump defends Putin: ""You think our country's so innocent?"" https://t.co/nW65mtBp0C",1
"RT @christinawilkie: For Trump, the worst #SNL insult was this joke about how Bannon is the real @POTUS (Trump doesnt care about Spicer) https://t.co/kT55QNb2VC",0
RT @piersmorgan: Reposting this photo from yesterday's London anti-Trump march. Staggering. https://t.co/aAvJ6yJXID,0
RT @turkamoure: Trump has hardly ever lied lol? Unlike all politicians he's actually doing everything he claimed he would. https://t.co/ua9MoDmPL5,0
RT @mcgilh: Tech Firm Suing BuzzFeed for Publishing Unverified Trump Dossier - Breitbart https://t.co/uZHCyoarH3,0
"RT @NickKristof: My Sunday column: Post-Trump,  Canada may now be the country best reflecting the values of the Statue of Liberty https://t.co/GpOuenHUza",1
"RT @GunnarBjursell: @Reuters Trump doesn't know that even Presidents have to follow the law, not changing them everytime they dislike them!?",0
"RT @jlsinc: You could genuinely change ""Trump"" to ""Brexiteer"" in every single instance here. https://t.co/nHevNPcph9",1
"RT @recon618: Very important Trump appoints patriotic judges while he can,most important part of his presidency.9th circuit court https://t.co/SerWGCsiQ6",1
"Trump didn't do anything illegal, just said insensitive things. @StephenKing



Hillary caught red handed by FBI and nothing stuck to her. https://t.co/c3zjy6tW0G",0
@POTUS @realDonaldTrump So how does this make you feel? Two courts. TWO! Have said what you did is illegal. Gotta love the Constitution. https://t.co/5k81fvvGxH,0
"RT @paulkrugman: If Trump can call Robart a ""so-called"" judge, can we call him -- with infinitely better justification -- a ""so-called"" president?",1
"<U+26A1> President Trump's bid to reinstate travel ban rejected by court



https://t.co/gD5rAit7Rp",0
"RT @peterwsinger: Documents confirm Trump still benefiting from his business -



(And still in violation of the Constitution) https://t.co/Hw2vEORNEL",0
What it Means to be American in Trump Times (1/2): https://t.co/ln8GurzOul via @YouTube,0
RT @Forbes: How will Trump pay for the wall? Not in the ways the GOP is proposing: https://t.co/EWlVgWGt0h https://t.co/c9xXGyZKNt,0
RT @StephensWSJ: Trump puts US on moral par with Putin's Russia. Never in history has a President slandered his country like this.  https://t.co/LrP8ycG1Y9,1
"RT @LawyerRogelio: Donald Trump Jr. faved a tweet about how Donald Sr. would get a political boost from Quebec killer ""being Muslim"": https://t.co/sFRWB0DMMc",0
Are you terrified of president Trump? Fight back with bitcoin by Microsoft.,0
RT @OnceASheeple: I won't be watching... but still... TRUMP TRUMP TRUMP!!! #MAGA ???? https://t.co/4nvcXAwIjn,0
RT @riotwomennn: Kristen Stewart humiliated Trump last night on Saturday Night Live. So @realDonaldTrump  Robert Pattinson?  #SNL  https://t.co/6XOLmogRfg,0
"RT @VicenteFoxQue: Judge Robart, your actions trump hate and are as loud as all the voices of America and abroad together. @realDonaldTrump needs to listen!",0
Leader of Al Qaeda in Yemen mocks Trump after raid https://t.co/hfYOIUBFcm https://t.co/hfQxIsmdgI,0
RT @Impeach_D_Trump: Please Follow us on FACEBOOK for all the latest on our Illegitimate President Trump -  https://t.co/sjFtlwYstt,1
"RT @JoelCRosenberg: Great job @FredBarnes on your behind-the-scenes look at ""How Trump Landed Neil Gorsuch"" for the Supreme Court. https://t.co/NHdx6r1TiO",1
RT @DabAggin: Shoutout to all the Trump fans who are never sure when it's *you're* vs. *your* but who are now suddenly constitutional law scholars.,1
"RT @BWJones: For the cost of maintaining Melania in Trump tower for 4yrs, we could fund a biomedical research lab for literally, 2000 years. #trumpfacts",1
"With Executive Orders, Trump Embraces Time-Honored Power Move - https://t.co/NYlPbm3IwC https://t.co/Z6a9CVvEKv",1
RT @JohnTDolan: Wouldn't it be GREAT if when Gaga starts into her ?? Anti Trump rhetoric the crowd drowns her out with Boooos.  ReT https://t.co/vdvKFgG8kx,0
Donald Trump's first 100 days as president  daily updates #worldnews #actu https://t.co/nMJWkjtheE https://t.co/Qz6205WapI,0
RT @EricSpracklen: Who are Trump supporters? RETWEET if you agree! https://t.co/sKkEyWETVo,1
"RT @TomthunkitsMind: CIA says Russians have ""more than 1 tape"" ""audio and video"" on ""more than 1 date"", in ""more than 1 place"" of Trump. https://t.co/ZSxlkmn1Ga",0
RT @LibyaLiberty: Trump will blame overturn of his ban for any future terrorism - but he's responsible for protecting America within https://t.co/iWpIl5XDnU,0
"RT @asamjulian: Obama banned Iraqis, no one cared. 16 Muslim countries currently ban Israelis, no one cares. Trump does it, PROTEST, RESIST! #hypocrites ?",0
RT @MarketWatch: Donald Trump's 500+ potential conflicts of interest https://t.co/pb3cUbARgq  via @WSJ https://t.co/lJoqd9NNii,0
RT @Scientists4EU: 1 in 6 U.S. scientists is an immigrant. Trumps ban plus his anti-science stance = a double blow to US science. https://t.co/tfETALZhMy,0
"RT @DLin71: OBAMA: America is imperfect

GOP: TREASON



TRUMP: America is like a murderous thug

GOP: Shield your eyes in the presence of this patriot",0
RT @theonlyadult: It's Trump's America Va. America. Pick a side. https://t.co/RKl63B8EId,0
"Hamtramck, Michigan's Ellis Island, steels itself for the age of Trump https://t.co/j8J6QzV4p7",0
"RT @funder: #Breaking Docs:#Trump started a new company in Florida with Eric on 1/3/17



#impeachtrump #trumpleaks #scotus https://t.co/ZTJi0rcMk9",1
#NEWS 11.11 Massive #Carnival 13% Off coupon: EB1111 #newdeals #iphone #digital #trump #sale #usa in  https://t.co/itgv2EzRmj,0
"RT @PoliWonkie: #AMJoy Another ""say what"" moment in Trump's worldview of geopolitical geography - seriously ignorant is an understa https://t.co/Rkxv6e1ZT2",0
@LeChantdelOrage @Hill4America @SandyBurger12 @tracym @realDonaldTrump you'd have to ask obama about that. He made the list not trump.,0
"RT @Impeach_D_Trump: Mr. Trump, I thought we Were ""Going to be Sick Of Winning"".  You lost the popular vote and now lost to the court TW https://t.co/OzsYT8BQVw",0
RT @funder: .Exhibit 7:Trump bought $40M statue of Columbus from Russia-larger than Statue of Liberty #DworkinReport https://t.co/3cbpOrQuVE,0
RT @NOT_MOTD: BREAKING: Donald Trump's latest executive order. https://t.co/8gPBpldNZC,0
This administration is all about lies. Trump is the one who created the birther movement- he has shown himself to... https://t.co/9HWBO4Z1gD,0
"RT @BraddJaffy: OReilly: Putins a killer



Trump: There are a lot of killers. Weve got a lot of killers. What do you thinkou https://t.co/bJrwCjDC5I",0
"RT @ThePlumLineGS: Trump's ban is on hold.



Bigger story: This is first real test of whether our institutions can restrain Trump: https://t.co/tFUNJZHufG",0
RT @natalieben: Big cheer when I noted in #Sheffield that Trump's #MuslimBan has been struck down by judge. Even bigger for https://t.co/tQUKPPF1hn,1
Travellers rush to board US flights while Trump ban blocked https://t.co/lJkuzyGITp,0
"RT @SteveComisar: If you oppose Donald Trump please RT.  @jack  @ladygaga  @KatyPerry

@Madonna  @AshleyJudd  @americaferr  @GloriaSteinem  #GetHimOut",1
RT @BBCBreaking: US appeals court rejects Trump administration request to immediately reinstate travel ban https://t.co/nDvCfpmAFK,0
"RT @rembert: ""Fuck Trump, Fuck Pence, This Country's Built On Immigrants"" https://t.co/1AchWx69Ez",0
"RT @Impeach_D_Trump: Mr. Trump, if that Judge is a ""So-called Judge"", then you are our ""So-called President""!

#SoCalledPresident

RETWEET!",0
RT @kamrunnesa: It's gotten to a point where #SNL's skits about the Trump administration aren't nearly as absurd as real life. #SNL https://t.co/ZFGyd5A8iK,0
"RT @times_tennessee: @WRCB @realDonaldTrump If illegals are allowed to start drawing #SocialSecurity next month/was plan,time to #protest! #SocialSecurity #Trump",0
#Chicago Mayor Challenges #Trump on Sanctuary cities; he is in for a shock of his life  https://t.co/SLAEBKDHzQ https://t.co/4YG21sFH9b,1
"Lindsey links scripture to Trump's ban on immigration 'til vetting done.



Hal Lindsey Report (2.3.17) https://t.co/EhUj9Xp4yD via @YouTube",0
"RT @ViewFromWise: I guess you have no choice when he has a Golden Shower video of you - ""Trump repeats his respect for killer Putin"" https://t.co/mW2F9NZOjk",1
"RT @partiallypro: I'm at a huge swap meet with my dad, this is largely Trump's America; it's pretty interesting, you see so many working poor.",1
@realDonaldTrump @secular_girl @Patriots Go Falcons! Will Trump #showamericayourtaxreturns if you win or lose? #impeachTrumpnow,1
"RT @BraddJaffy: OReilly: Putins a killer



Trump: There are a lot of killers. Weve got a lot of killers. What do you thinkou https://t.co/bJrwCjDC5I",0
The Pussycons Fret About Donald Trump | The American Spectator https://t.co/2GwT8gQ01B,0
RT @NBCNews: Appeals court knocks back bid to swiftly reinstate Trump travel ban https://t.co/9MnCPSdttQ https://t.co/L3uWhFTgDx,1
"RT @SenMarkey: It's the rule of law, not the rule of Trump. Thank you, Judge Robart for halting illegal #MuslimBan. #NoBanNoWall",0
RT @JJ_McCullough: These are proving one of the leading Canadian Fake News stories of the Trump era. They never offer any actual evide https://t.co/kBWADqKcac,1
"RT @BraddJaffy: O'Reilly: Putins a killer.



Trump: ...weve got a lot of killers. What do you thinkour countrys so innocent? https://t.co/OVR4XBJq1b",0
RT @BBCWorld: Trump defends Putin over Russia killings allegations https://t.co/UvIAoFUS6n,0
"""Whistleblower Dr John Bates, top NOAA scientist&gt;stiffen Trumps determination to reverse Obamas green policies, w/draw from Paris deal""",1
RT @Far_Right_Watch: #Trump's Nuclear Policy: Can we just take a minute to absorb this? https://t.co/XAnacAEah2,0
RT @Sarcasticsapien: Mocking Donald Trump is weird 'cause I feel like I'm standing up to a bully but at the same time picking on someone mentally handicapped.,0
RT @BBCBreaking: US appeals court rejects Trump administration request to immediately reinstate travel ban https://t.co/nDvCfpmAFK,0
"RT @GrnEyedMandy: Dear So-Called President Trump,



No one likes you except racists, sexists, morons &amp; fascist dictators.



With loathing,



Decent people",0
RT @ezlusztig: The majority saying Trump's visit should be cancelled (53%) is now larger than #Brexit (51.9%) Referendum! Democracy!https://t.co/amwy4ebiIR,1
RT @LBC: Is your child being brainwashed by liberal teachers about Trump? #KatieOnLBC https://t.co/XgOqI5tnTR,1
"RT @PrisonPlanet: Turns out that you can't use Twitter to threaten Trump supporter's children, violence &amp; doxxing. This account final https://t.co/rgipGho3m9",0
Now that would be a Donald Trump saying I'd agree with. https://t.co/ltGuwawqZZ,1
"RT @awg_allan: Mar-a-Lago protest against travel ban draws thousands -

Trump will soon realize it is better for him to stay in WH https://t.co/Ybo3bq9kG2",0
"RT @scottbix: The lapel pin on SNL's ""President Trump"" is the Russian flag. https://t.co/UTQpeJd24D",0
"RT @thehill: Michael Moore trolls Trump over tweet attacking judge: ""Thank you, So-Called President Trump!"" https://t.co/tFHGVnzngt",0
RT @aefadul22: The Economist's Editors Calls Donald Trump 'An Insurgent in the White House' via @politicususa https://t.co/YnjerhW0mt,1
@realDonaldTrump @oreillyfactor I can't stand him O'Reilly is a liberal rat  President Trump you were great like always :))),1
"RT @queennn94: Kristen Stewart taking down Donald Trump and the homophobes at one go.



She has saved 2017. Play this at my funeral. https://t.co/ywlzO18FaT",0
RT @Martina: LGBTQ Community Protests Trump At New York's Historic Stonewall Inn-LGBT solidarity at its best:) https://t.co/6KSe9NXZFy,1
RT @TheDemCoalition: The anti-Trump boycott of retailers won't back down here's how it could affect sales https://t.co/ZjI2xvSDU5 via @leannagarfield #Resist,0
"RT @luisbotello41: my dad's friend owns a restaurant and he got this today in one of the receipts.

This is Trump's America, disgustin https://t.co/Mi2wRgVuMh",1
RT @starfirst: Caroline Kennedy: Donald Trump's 'America first' approach is 'alarming' https://t.co/aKtWKTBor7 via @todayshow,0
RT @QuorumCall: Constitutional crisis? What happens if Trump decides to simply ignore a judge's https://t.co/an3ZWw6JFA https://t.co/Tnj1XHC2FN,0
RT @jonsnowC4: Trump fails again in court; The Federal Appeals Court took very little time indeed to back the opinion of the origi https://t.co/Mjo1D3tg8Y,0
"RT @GeorgeTakei: Trump wants White House female staff to #DressLikeAWoman. They in turn, like all of us, want him to #ActLikeAPresident.",1
"RT @chicagotribune: Donald Trump Jr. stumbled making his mark outside the Trump Organization, leaving behind lawsuits, unpaid taxes. https://t.co/cT2XACimcZ",0
RT @yashar: In honor of Kristen Stewart hosting SNL - here are the 8 tweets President Trump posted about her in the past. https://t.co/0m24xxhGSg,1
MSM just making stuff up to fit their narrative - Actual journalists would know Trump is just keeping promises https://t.co/E4QcyKHsrl,1
Meet the Bush-appointed federal judge who halted Trump's executive order https://t.co/1TK0sEppVU by #washingtonpost via @c0nvey,0
"RT @FletJan: If #Trump isn't impeached by then, he will be attending the G7 summit - can't wait to see that comedy!  #TrumpADoodle #USPolitics",0
RT @ajwitoslawski: Trump listens to Bill Clinton and Barack Obama speak about illegal immigration. He's really confused why HE's calle https://t.co/0oWvpEgqyA,0
RT @SEO_Autoblog: https://t.co/T3b9uKm3ja FULL RSS PRO https://t.co/RYygY732OI #article #SeoTips Ivanka Trump's brand has mysteriously disappeared from,0
"RT @wikileaks: Trump on US government last night: O'Reilly: ""Putin's a killer"" Trump: ""There are a lot of killers. You think our country is so innocent?""",0
"RT @PeterETyrrell: Never forget how we got here!

@POTUS #trump #trumpling #uspoli https://t.co/6DWXhWG6jr",0
RT @ActualEPAFacts: Trust Records Show Trump Is Still Closely Tied to His Empire https://t.co/pHQR8aGR3h,1
Super Bowl: Trump protesters and Lady Gaga prepare for Houston spectacle https://t.co/YaUiQV7SZP,1
"RT @SandraTXAS: So Soros resistance anarchist are pissed that Trump blocked immigration from countries that Obama bombed? ??



#MAGA https://t.co/c9Lmsns9Zn",0
"RT @LegallyErin: Also, they're not ""Trump's lawyers"". Let's call things what they are. It's the DOJ.",0
"@russian_market So, Trump effectively called Putin a killer :)",0
RT @souamesfarah: Gotta be today's best cartoon #Trump #travelban #Democracy #Constitution https://t.co/uQuRfJ1ORb,1
RT @elijahdaniel: that time I became a best selling author because I wrote a 20 page trump erotic novel https://t.co/DSq421WtkJ,1
"RT @funder: #Trump just made up a Polish battle. Hitler did the same thing before WWII



#DworkinReport #ImpeachTrump #resist https://t.co/oIO5UlrfZX",0
A fascinating read. Explores the reasons for Trump's election and voters rejection of status quo.  https://t.co/1lyubEKZGd,0
"RT @Hope012015: I really don't think my self imposed Trump ban will ever expire, it's pretty solid. https://t.co/XxnrdASWkM",0
"RT @markmobility: Monthly cost of:

Guarding Trump Tower: $30 million

Section 8 for all 15,856 homeless NYC families: $28 million",0
US appeals court rejects Trump administration request to immediately reinstate... https://t.co/3Zap5zyspt by #BBCBreaking via @c0nvey,0
"mashable : Alec Baldwin's Trump is back on 'SNL': 'Prepare to go to war'

 https://t.co/UoYHAapXT8) https://t.co/r7oysInMS5",0
"RT @tlecaque: Happy Sunday all! May we all survive week 3 of Palpatine's reign and that of his evil figurehead, Jar Jar Trump. 2017 is like the prequels:",1
Reuters: Kuwait denies it imposed travel ban praised by Trump https://t.co/L9iGlByZNX https://t.co/sVJw36xeIP https://t.co/YAu3n2HIcS,0
"RT @LAReviewofBooks: Ron Rosenbaum, world-class expert on the rise of Hitler, refused to write about Trump for months. Until now: https://t.co/FP57dcvpZO",0
https://t.co/FYlVO1MQ2S Travellers rush to board U.S. flights while Trump ban blocked https://t.co/9hBCNJDwrR,0
"RT .CTVNews: Never Forget: Do Trump's banned countries include countries where he has known business interests?

https://t.co/9cZWXNRFTE",0
RT @TrumpSuperPAC: President Trump's job is to protect we the people. The judiciary has no authority to stop the President's duty! We https://t.co/ousn1G7mXu,1
I wish the #Republican party would embrace #President Trump like all the Democrats embraced hating him. Where are the GOP defending him at.,1
"RT @anneapplebaum: Macron has 78 days to hold out against Trump/Putin trolls, Assange and Wikileaks, and combined forces of the Fascis https://t.co/XeJoDZHNj2",0
RT @EdWorthy10: Obama let in millions of foreigners illegally and through visas. He poisoned our country. Only Trump can save us and we have to help him.,0
RT @robferdman: Bombshell from @nytimes and @ProPublica: Donald Trump didnt actually separate himself from his business. AT ALL https://t.co/DVwNZuQnRy,0
"RT @ZoeTillman: On the action last night: an appeals court denied a request for ""immediate"" order bringing back Trump's travel ban https://t.co/UkrOcuwTAm",0
RT @onthesoundshore: @jjraegirl @doranna07 @xatzisotiris @POTUS @oreillyfactor is a stab in the back sort of friend of Trump's.,0
RT @Newsweek: A 9/11 survivor cheers the suspension of Trump's immigration ban | Opinion https://t.co/DKgVn7oMpw https://t.co/l7za3pymcV,1
"@GeorgiaWonk Sure, do both. Just don't pretend that admiration for tyrants is some aberrational Trump invention https://t.co/oOBawhD9OG",0
"It really ticks me off to hear news show hosts &amp; panelists say ""Trump is just being Trump. Dont take him so seriously"". ARE THEY CRAZY?!",0
RT @Okie08: Liberal NFL owners h/turned on ppl that support football bc of their liberal politics Having Trump hating spirit cooking Gaga big mistake,0
RT @StephensWSJ: Trump puts US on moral par with Putin's Russia. Never in history has a President slandered his country like this.  https://t.co/LrP8ycG1Y9,1
"RT @AJemaineClement: Hitler - failed painter

Trump - cancelled tv host

Bannon - failed documentary maker

Conway - failed stand-up



Support the arts and media",0
RT @DabAggin: Shoutout to all the Trump fans who are never sure when it's *you're* vs. *your* but who are now suddenly constitutional law scholars.,1
"RT @wikileaks: About That Intel Treasure Trove From Trumps Yemen Raid https://t.co/6QYfj4YYmy



More: https://t.co/pQKOQgjIz9 https://t.co/4t2eZfRuc9",1
"@theDonaldTrump ? history <U+26A1><U+FE0F> President Trump's bid to reinstate travel ban rejected by court



https://t.co/F8pvlcwB13",0
Trump protests: LGBTQ rally in New York https://t.co/f0Cn2v9j1m by #BBCWorld via @c0nvey,1
RT @bourgeoisalien: this week Trump &amp; the GOP lifted bans to sell guns to the mentally ill &amp; killed laws to protect pets so I guess America is great again,1
RT @frankieverschu1: Trump's staffers blocked references to Jews from Holocaust memorial statement https://t.co/jTbglZATwK,0
"RT @NPR: BREAKING: Appeals court denies Trump admin. request for stay of injunction on immigration order, meaning the Trump order remains suspended.",0
RT @BBCBreaking: US appeals court rejects Trump administration request to immediately reinstate travel ban https://t.co/nDvCfpmAFK,0
RT @CNNPolitics: An avalanche of phone calls is thundering across Capitol Hill as the Senate considers Donald Trump's nominations https://t.co/N7gtyLaNOe,0
"... @realDonaldTrump is correct with his assessment.

Will this stop him to wage war against #Syria, #Yemen or #Iran?

https://t.co/weUYNDi6Q7",0
@nytimes Help Trump win https://t.co/P1JRgULwxB,1
RT @EricSpracklen: Who are Trump supporters? RETWEET if you agree! https://t.co/sKkEyWETVo,1
The latest The Healthy Conservative #TCOT Daily! https://t.co/8vyxInI3dX Thanks to @queengost @PoliticalCaptn @Healthychefmeal #maga #trump,1
@michael_nice @Stevenb2 trump is a billionaire that cares for no one. He doesn't have a ban on Saudi because he benefits from them.,1
"RT @BecketAdams: So about Trumps call with Putin.



Woof, man. Just woof. https://t.co/TDghBrBjb1",0
"@russellsfriii @thehill OK, so if that's the case why exclude Egypt or Saudi Arabia? Because Trump has business interests there.",0
"RT @NormEisen: Early Signs Suggest Trumps Actions Are Taking a Toll on Trump Brand, via @nytimes https://t.co/hJLOlKYlnj",0
US appeals court rejects Trump administration request to immediately reinstate... https://t.co/baWb953Xcz by #BBCNews via @c0nvey,0
Amazing diversity as Trump's senior staff is sworn in: White men of many heights... https://t.co/XntCDmSkhc by #iamaniku via @c0nvey,1
RT @bynsny: YES .. they were left over Obma numbers leftover that Trump took credit for . as you will recall he used to call th https://t.co/aWT234gNsc,1
"RT @Kasparov63: Disgusting. There is nothing Trump won't do to praise Putin, comparing the US to a dictator of 17 years who murders https://t.co/pCBJolVqPz",0
A protestor in Berlin holding a sign during a demonstration opposing President Trump travel ban #pics https://t.co/ZEjb1MIdMn,0
"RT @queennn94: Kristen Stewart taking down Donald Trump and the homophobes at one go.



She has saved 2017. Play this at my funeral. https://t.co/ywlzO18FaT",0
"RT @ebonstorm: At $400,000 a day, it'll cost the nation $548,000,000 to keep Melania Trump in New York City for four years. https://t.co/U7ImUMeTSQ",1
Kuwait denies it imposed travel ban praised by Trump https://t.co/N84ySxmH3E https://t.co/U54d11rS9y,0
RT @TorontoStar: Trumps request to restore travel ban rejected by U.S. appeals court https://t.co/lFXLtxiOcM https://t.co/ckDK29jidE,0
RT @DominicFarrell: What's different with Trump's wall? &gt; Baltic state completes anti-migrant fence on RUSSIAN border https://t.co/xHFUgYSvqG,0
RT @NoahCRothman: Trump's day began with attacking a federal judge's allegiance to the country and ended by morally equating America with revanchist Russia.,0
RT @gaysfortrump: My dog is smarter than Bernie Sanders. #Trump2016 #Trump #BernieSanders #FeelTheBern #Bernie2016 #economics #tcot https://t.co/ZRAzqwz5Mw,0
RT @newagehipster3: Humanity strikes back at @realDonaldTrump. Join the #WorldToTrump open letter thats sweeping the planet! #Trump https://t.co/eTE2flXndv,1
RT @2020fight: Daily reminder that Trump still has not divested from his many many businesses. Nor has he released his tax returns.,0
"RT @LawyerRogelio: I've enjoyed this video so much i'm uploading again.  UNTIL THEIR ATTITUDE CHANGES, WE  WILL NOT WORK WITH TRUMP SU https://t.co/ZUuKY9mP7T",1
Shut off funding.#Trump #MAGA #GOP #WINNING https://t.co/tUOTTXcUnE,1
So-Called Judge Criticized by Trump Is Known as a Mainstream Republican https://t.co/lW4Ap6Ry1X Trump how's them Republicans working out?,0
"RT @intifada: Gaza siege fence ""a key sales prop"" for Israeli firm that wants to build Trump's Mexico border wall https://t.co/JjwgOakvFq",0
@inperilous1 @JOEROWE409 u can though infect their people's minds 2 get them to kill themselvs and before trump that plan was working well.,0
"RT @GeorgeTakei: Fox's O'Reilly said to Trump, ""Putin's a killer."" Trump shrugged saying, ""You think our country is so innocent?"" Don't drink the tea, folks.",0
"RT @AJemaineClement: Hitler - failed painter

Trump - cancelled tv host

Bannon - failed documentary maker

Conway - failed stand-up



Support the arts and media",0
"@SimonHarrisTD thx. Regl. of Rx meds is abt risk mgmt of which safety is pivotal, of which manu. is pivotal piece. That's Ire's trump card.",0
"'I mean trump probably hates kristen stewart already just because she's a decent human being' -my sister, 2k17",0
"Melissa McCarthy skewers Sean Spicer, Alec Baldwin reprises Trump role, Bannon portrayed as Grim Reaper on ""SNL"" https://t.co/YMjKQbjiRU",0
RT @CNN: A federal appeals court denied the US government's initial request to resume President Donald Trump's travel ban. https://t.co/4MDk9yuold,0
RT @latimes: Trump is targeting up to 8 million people for deportation https://t.co/1agjm8wYwO,0
"Donald Trump is really, just originally a person who wants to be rich and successful, even at the expense of forced sacrificed lives.",1
RT @Independent: Female MPs will boycott if Donald Trump addresses Houses of Parliament https://t.co/EDIiMp0Vic,0
RT @CNNPolitics: An avalanche of phone calls is thundering across Capitol Hill as the Senate considers Donald Trump's nominations https://t.co/N7gtyLaNOe,0
RT @DVATW: You know the BBC and its pet poodles can bitch all they want about #Trump and #Brexit but in the final analysis it is just moaning,0
"RT @greennomad61: Why Nobody Cares that #Trump Is Lying

#NotMyPresident

https://t.co/6NLFY18Gpy

#NYTimes ?",1
"RT @ToDropADime2: The more we get #PresidentBannon trending, the quicker #Trump will fire him.

#Trump can't handle being number 2.",1
"RT @ARnews1936: HYPOCRISY: Saudi Arabia is building a 600 mile border wall to keep out Islamic terrorists, yet they slam Trump via https://t.co/ZlgX2dnGDQ",0
"RT @PolticsNewz: 1,000 chanting protesters across from Mar-a-Lago aim directly at Trump's wallet https://t.co/Yi0bg8tyOz https://t.co/q6ANdf3xUk",0
RT @DrDannielle: There is absolutely a media conspiracy to bring President Trump down. Why do a few corporations have such power? https://t.co/hBeSlRcL3F,0
"RT @Impeach_D_Trump: RT if you think Trump should be impeached.



LIKE if you think Trump should be impeached.",1
"RT @RVAwonk: Just so we're clear, Trump has now tried to delegitimize:

-The press

-Scientists

-Intel community

-Election results

-The judiciary branch",1
"RT @davidgraeber: Liberals don't really reject anarchist presence at anti-Trump marches bcs of ""violence."" They don't want popular rage directed against banks",0
"RT @queennn94: Kristen Stewart taking down Donald Trump and the homophobes at one go.



She has saved 2017. Play this at my funeral. https://t.co/ywlzO18FaT",0
RT @The_Big_Quiet: Fear of Obama drove up sales of guns. Fear of Trump is driving up sales of books.,0
RT @s_rsantorini630: To tRUMP and his supporters: https://t.co/GjApnDB62Z,0
"RT @jaketapper: Trump defends Putin: ""You think our country's so innocent?"" https://t.co/nW65mtBp0C",1
"RT @JAmy208: Tom Brady Told to DENOUNCE Trump Before Super Bowl, So Mike Ditka Issues PERFECT Response   https://t.co/dkHTh97aBB",1
@MetLife THIRD REQUEST what is your cos response to Trump immigration policy?,0
"RT @PrisonPlanet: Turns out that you can't use Twitter to threaten Trump supporter's children, violence &amp; doxxing. This account final https://t.co/rgipGho3m9",0
"RT @nytimes: ""So-called"" judge who blocked Trumps immigration order is described by colleagues as a ""mainstream"" Republican https://t.co/7n9z0DUBXE",0
RT @nytimes: Iran will bar the American wrestling team from an international meet in response to Trump's immigration ban https://t.co/rYMVmtuWEu,0
RT @AP: A federal appeals court has refused to immediately reinstate Trump's travel ban on people from seven countries. https://t.co/wE89YDavhE,0
RT @EricSpracklen: Who are Trump supporters? RETWEET if you agree! https://t.co/sKkEyWETVo,1
"RT @AlfGarnettTil: It's not so much a march against Trump now.

More like a weekly mental illness convention. https://t.co/EpHf642p3V",1
RT @xor: Critics charge that Trump is looting the country to enrich his friends. Trump counters that he's looting the countr https://t.co/wO5B8OEIg7,0
One of the Largest Magazines in Europe Just Sent Donald Trump One Helluva Statement https://t.co/8TnsdOytBa via @MotherJones,0
RT @LidiaAnal27: You like all?  ? @rubicon765 @hmd401231 @AssStar_0_ @mafkont @joeldesouza2626  #boobs #trump #anal,0
RT @SheWhoVotes: Many of us are boycotting @amazon because it sells Trump products and advertises on Breitbart. #kleptocracy https://t.co/6puVjuI6hn,0
RT @vivelafra: Murder by Islam: 3 Stories.  #BanSharia #Trump https://t.co/nz9jbUS5uh,0
RT @Brinkbaeumer: This week's editorial. #Trump: A Dangerous President https://t.co/qQrWnOFVmk @SPIEGELONLINE @DerSPIEGEL @SPIEGEL_English,0
RT @NoahCRothman: Trump's day began with attacking a federal judge's allegiance to the country and ended by morally equating America with revanchist Russia.,0
"RT @brithume: This is a terrific piece by @RadioFreeTom --&gt; Chill, America. Not every Trump outrage is outrageous. https://t.co/3HnG2VLoIq",0
RT @riotwomennn: Kristen Stewart humiliated Trump last night on Saturday Night Live. So @realDonaldTrump  Robert Pattinson?  #SNL  https://t.co/6XOLmogRfg,0
"@kathylpeacock I never said it did. But it doesn't make it OK for Trump to do the same thing. See, it applies both ways. You're pivoting.",0
RT @FoxNews: Experts: Social media giants fight Trumps anti-terror plan while providing platform for terrorists https://t.co/skMzy0FcC9,1
"RT @markmobility: Monthly cost of:

Guarding Trump Tower: $30 million

Section 8 for all 15,856 homeless NYC families: $28 million",0
RT @AdamsFlaFan: YES!!!!!!!!!     Appeals court rejects Trump administrations request to restore travel ban https://t.co/13fO6d2VgO,0
RT @BBCWorld: Trump travel ban: Mike Pence defends president https://t.co/zwcnsooLn9,0
"Poll: Who's RIGHT in #Trump v #AppealsCourt #TravelBan #Case?



9th Circuit Court #SundayMorning Melissa McCarthy #SNL Goes After Trump Again",1
"What's New #Omaha: ""Trump Respects Putin, Even If He's A Killer (VIDEO)"" https://t.co/OaChsJvfBM",1
RT @jelani9: The logical follow up question is to ask Trump if he's had anyone killed.,0
"Yes, the USA needs your help:

Petition @jack to ban Trump from Twitter.

https://t.co/auUtP7dXwy

Thanks @DeadByDon &amp; @charlesjo",1
RT @CNN: A federal appeals court denied the US government's initial request to resume President Donald Trump's travel ban. https://t.co/4MDk9yuold,0
RT @ActualEPAFacts: Trust Records Show Trump Is Still Closely Tied to His Empire https://t.co/pHQR8aGR3h,1
"RT @NickKristof: My Sunday column: Post-Trump,  Canada may now be the country best reflecting the values of the Statue of Liberty https://t.co/GpOuenHUza",1
"Trump campaigned on ""creating stability"" in the world. Right. and yet, 6 Countries Trump Has Insulted, Provoked and Picked Fights-in 13 days",1
"RT @JoyAnnReid: The Republicans won't rein In Trump, but the judiciary just might. https://t.co/C1VQDnYZAH",0
"#WolrdNews



https://t.co/8qrJ9xgw37



Reader Questions Answered On Trump's Travel BanPatch.comHere are some answers on President D https://t.co/h4YYsCnz8S",0
malaysiakini: #Letters Hypocritical to criticise Trumps immigration ban https://t.co/UJuXC1Ecd8 https://t.co/hDcp3fcKVX,0
"RT @unsmokabIe: fuck trump, fuck pence, this country's built on immigrants!



me: https://t.co/mDq4ZDfWfQ",0
"RT @thehill: Michael Moore trolls Trump over tweet attacking judge: ""Thank you, So-Called President Trump!"" https://t.co/tFHGVnzngt",0
"RT @Lrihendry: Let's set the narrative straight!



They're not Anti-Trump protestors, they're Anti-American rioters. https://t.co/ckzHwRuxDd",1
"RT @swingleft: Rep. Darrell Issa (R) supports Trumps #MuslimBan. Issa won CA-49 by 1,621 votes, or 0.6% in 2016. Let's flip this https://t.co/u9lFLv3H2b",1
RT @sherrishavon: SNL Goes After Trump Again like they have gone after every president since they've been on. Trump's the only one that whines about it.,0
RT @Austan_Goolsbee: Within days: Trump spokesman Spicer says judges not agreeing w/President's orders should 'get on board or get their https://t.co/h06HXPVMSg,1
"Trump is enabling racism, not fighting terrorism. The difference may prove deadly for Americans https://t.co/H8KwHQgU79",0
RT @ranman09: #NotMyPresident Trump is one of the most disliked political leaders in the entire world. Thousands March In London: https://t.co/5tgXx6Zl9K,0
@sammni @piersmorgan Because of a bad word? Are you kidding? Trump brags about grabbing pussy. SMFH.,0
"RT @larryelder: Those upset with Trump for saying, ""You think America is so innocent?"" had no problem when Obama repeatedly apologized for America.",0
Go To Hell Putin And Take The 10 Percent Of Trump Supporters With You. https://t.co/WOeyIe9rNs,0
@thehill Why doesn't this 400 lb waste of skin do America a big favour &amp; pack up and leave like he said he would if Trump won!,1
@drfilomena @staroverec @pengovsky trump is PRO ISRAEL and his DAUGHTER is JEWISH. What kind of anti semite is that lmao.,1
RT @ameripundit: SNAP POLL: How would you rate President Trump's first two weeks in office? #MAGA #tcot,0
"RT @openculture: President Bannon Puts Trump at the Kiddie Desk, on ""Saturday Night Live"" Tonight https://t.co/fTIRGkTNDn https://t.co/RCjQpLfKXW",0
RT @TomthunkitsMind: Where Is Trump's Investigation Into Russian Hacking He Promised? https://t.co/DWNmoO4W4U,1
"Trump defends Putin: ""You think our country's so innocent?""

https://t.co/nPqgsr4IJF",1
RT @crampell: Is Trump right that banks cant lend?  Business loans made by banks as share of GDP at highest level in 50 yrs https://t.co/RjEK2GLTY8,1
RT @spectatorindex: BREAKING: US Justice Department has appealed and challenged Seattle Federal judge's ruling that halted Trump's immigration executive order,1
RT @AP: BREAKING: Appeals court denies Trump administration request to immediately reinstate ban on travelers and refugees.,0
"RT @mikandynothem: <U+2714> RETWEET<U+2714> if you are happy with President Trump and his Administration's performance so far!

Kicking butt and tak https://t.co/nCUmiIDAqu",1
"RT @charlesjaco1: Honored to be asked to speak at rally against Trump immigration policies in StL. Be angry, determined, defiant. Do https://t.co/bV7sfBc8vW",0
"RT @EmekaGift: #Africa #America #Buhari BIAFRANS CHOSE TO CELEBRATE WITH DONALD TRUMP, NIGERIA GOVERNMENT CHOSE TO SPILL THEIR https://t.co/ggxavGvycl",0
when you do a funny anti-trump tweet to all your funny anti-trump followers https://t.co/Asy30sYr4v,1
RT @TeaPainUSA: More Muslims have been killed by Trump supporters in the past 24 hours than Americans killed by refugees from banned countries in 30 years.,0
PNG government has written to Donald Trump inviting him to attend 2018 APEC meeting in PNG. We are still waiting for Trump's response.,0
"RT @BraddJaffy: Trump stands by his false, evidence-free claim that millions voted illegally; tells O'Reilly many people have come https://t.co/raisxk4uLy",0
"RT @SandraTXAS: SWAT inside building at UC Berkeley as Democrats riot outside. Who gave stand down order?



#Milo

#MAGA

#Trump https://t.co/pLZqw2c8xi",0
"RT @NPR: BREAKING: Appeals court denies Trump admin. request for stay of injunction on immigration order, meaning the Trump order remains suspended.",0
RT @Susan_Hennessey: I'll just leave this quick refresh on where the investigations into Trump associates and Russia stand here: https://t.co/WF1IvREAW9,0
RT @RedHotSquirrel: More than 500 people in Tory MP Anna Soubry's constituency of Broxtowe have now signed the petition supporting Trump's visit.,1
RT @Jenn_Abrams: Trump supporter pepper-sprayed by a leftist at UC Berkeley https://t.co/peDOGOLq2k,0
I bet people from those 7 terrorist nations are in hurry to come into the US knowing Trump is no Obama. They'll wait for a Lib to win the WH https://t.co/nPIWTEYPbx,1
"RT @NPR: BREAKING: Appeals court denies Trump admin. request for stay of injunction on immigration order, meaning the Trump order remains suspended.",0
RT @jack_welch: CNN this morning wringing hands over Trump deficit proposals...Where were they when Obama was adding 10 trillion??,0
RT @artoopio: KRISTEN MOCKED DONALD TRUMP AND CAME OUT AS GAY IN SNL MONOLOGUE WHEN WILL YOUR FAVE https://t.co/1lj07smIld,0
"Alec Baldwin's Trump is back on 'SNL': 'Prepare to go to war'

https://t.co/CUlMLWX5Iq via Mashable",0
"O'Reilly calls Putin a 'killer,' Trump says U.S. has a lot of killers' too https://t.co/q8p1nvsc9t http... by #architect_d via @c0nvey",0
RT @peoplefor: Trumps Supreme Court would make it harder for women to get birth control. Learn more &amp; call your Senators: 202-224 https://t.co/N4F6tBIyMS,1
"RT @ABC: Melissa McCarthy skewers Sean Spicer, Alec Baldwin reprises Trump role, Bannon portrayed as Grim Reaper on ""SNL"" https://t.co/3wlkqE4b8W",0
RT @CNN: A federal appeals court denied the US government's initial request to resume President Donald Trump's travel ban. https://t.co/4MDk9yuold,0
RT @souamesfarah: Gotta be today's best cartoon #Trump #travelban #Democracy #Constitution https://t.co/uQuRfJ1ORb,1
"RT @buster: @jack: I support banning @realdonaldtrump from Twitter, for the reasons described in this thread. #doitjack https://t.co/wQEAG53LKk",0
How Trump's policies and rhetoric are forging alliances between U.S. Jews and Muslims https://t.co/cDZegPLfSy,0
Appeals court refuses to restore #Trump #travelban https://t.co/rYYS2A1GV9 https://t.co/W8swTCIJcn (wot A RIDICULOUS #USPresident ) #impeach,0
"S.N.L. Goes After Trump Again, With Melissa McCarthy as Sean Spicer, via @nytimes https://t.co/22AaFnTzk4",0
Trump continues to insult people. Ban him from twitter. https://t.co/rzpu5l1TSy,0
"Good morning!



? President Trump's bid to reinstate travel ban rejected by court



https://t.co/Ogom1x2bqx",0
Trump is going to try to ban this https://t.co/4zRwINy84d #huffpost #huffingtonpost #ebony,0
RT @RawStory: Donald Trump Jr. liked tweet hoping Quebec shooter was a Muslim because it would help his dad https://t.co/ZlaH0bRG0a,1
"RT @brianstelter: &gt; @EdAtPost on Inside Politics: Trump ""continues to use the word 'illegals.' It is about as offensive as it gets""  https://t.co/BfmxwEgG9Q",0
RT @bayonnebernie: One of the Largest Magazines in Europe Just Sent Donald Trump One Helluva Statement https://t.co/12Q5VU3RLv via @MotherJones,0
RT @grudging1: But Trump is forgoing his 6 digit salary because he cares so much about controlling excessive spending! https://t.co/7ET7yz1ZsS,1
RT @schieritz: When this Trump thing is over the idea that a successful business man is a successful politician will hopefully be dead forever,1
"Make Argentina Great Again? South America Leader Follows Trump, Cracks Down On Illegal Immigration Mulls Border Wall https://t.co/nugepPAtAL",0
RT @nycjayjay: The 9th Cir declined to immediately reinstate Trump's immigration ban. Bam! It has asked instead for plaintiffs to respond to the appeal.,0
"RT @nytimes: Trump says he has walked away from the day-to-day of his empire, but records show how close he remains to it https://t.co/oYuvMupTxK",0
RT @NOT_MOTD: Donald Trump finally gets something right.  https://t.co/hQtVMoVctr,1
"Rest Easy, muslim scum over estimate their strength.. OUR MILITARY LOVES TRUMP.. THEY WILL SIDE WITH CONSTITUTION.   https://t.co/XJMY3KFmTV",1
"@realDonaldTrump , @PressSec this was so great and funny to watch! SNL rocks! https://t.co/93bNIJ3HG1",1
@pannlewis44 @Ireland0828 @docrocktex26 @rick00979 @GinsburgJobs So called judge? Nothing legal &amp; honest left in USA according to Trump?,1
"RT @thehill: WATCH: Trump and Bannon as Grim Reaper go to war with foreign leaders on SNL

https://t.co/Z7MeikBTzh https://t.co/vtCsLEMJ0h",0
"RT @NickKristof: My Sunday column: Post-Trump,  Canada may now be the country best reflecting the values of the Statue of Liberty https://t.co/GpOuenHUza",1
RT @Mary4Trump: Report: al-Qaeda Militants Tipped Off Ahead Of Trumps First SEAL Raid https://t.co/U0sIBxyi1B ?See Here https://t.co/NgR0oPsOL4,1
"RT @BillKristol: Trump's response to the ban being thrown out isn't to act to tighten vetting, which he could do. It's to engage in demagogic fear-mongering.",1
LouDobbs: Most Left-Wing Appeals Court in Nation Denies Trump Request to Reinstate Travel Ban https://t.co/DmDTjrkENB #MAGA #TrumpTrain #A,0
Sarah Silverman calls for military to overthrow President Trump via the @FoxNews App https://t.co/KbjmAgyGLz,0
"RT @JLiGr: Trump fans don't like to be reminded that their ancestors were once immigrants and refugees too, so they say #boycottbudweiser Snowflakes!",1
"RT @AlfGarnettTil: It's not so much a march against Trump now.

More like a weekly mental illness convention. https://t.co/EpHf642p3V",1
RT @aljwhite: Look forward to Trump having a shitfit over Kristen Stewart in a few hours https://t.co/PYy8tsM14y,1
RT @citizens4truths: Please sign #theresistance #trumptreason https://t.co/pfbFgGvqat,1
"RT @LToddWood: #Trump team shelves plan to seize Raqqa



https://t.co/N2igHDpRTg",0
@okertbrian @CassandraRules @TexitDarling @scrowder We cover our faces so they can't tell that we are Trump Supporters.,0
RT @LouDobbs: Most Left-Wing Appeals Court in Nation Denies Trump Request to Reinstate Travel Ban https://t.co/hHnr6ZsWoF #MAGA #TrumpTrain #AmericaFirst,0
"RT @ebonstorm: At $400,000 a day, it'll cost the nation $548,000,000 to keep Melania Trump in New York City for four years. https://t.co/U7ImUMeTSQ",1
RT @jimEastridge1: I'm  having a hard time trying to understand why John McCain is so down on Donald Trump. https://t.co/GpYDfkRVaW,0
RT @NPR: BREAKING: The Trump travel ban remains suspended after the 9th Circuit denied a stay on an earlier court order. https://t.co/GxVe0n9H3S,0
"RT @Consortiumnews: Daniel Lazare describes how the Establishment is steering Trump back to endless war, https://t.co/oxn3yFWMZn",0
RT @fredwimpy: Dueling Demonstrations at LAX Over Trump Travel Restriction  https://t.co/LXGzSOgQlC,0
RT @LouDobbs: Most Left-Wing Appeals Court in Nation Denies Trump Request to Reinstate Travel Ban https://t.co/hHnr6ZsWoF #MAGA #TrumpTrain #AmericaFirst,0
"RT @DancingWinnie: fuck trump, fuck pence, this country's built on immigrants!



me:  https://t.co/prTeS7nozj",0
"RT @NickKristof: My Sunday column: Post-Trump,  Canada may now be the country best reflecting the values of the Statue of Liberty https://t.co/GpOuenHUza",1
RT @TheDailyShow: .@hasanminhaj on being a Muslim in Trumps America. https://t.co/vAvtWJ6VEo,0
"mashable : Alec Baldwin's Trump is back on 'SNL': 'Prepare to go to war'

 https://t.co/y4Tp4Dr9Fn) https://t.co/n8ja6xaPr1",0
@paulkrugman Wonder if Trump will accept this in lieu of the public apology he demanded from Romney.,1
RT @cenkuygur: Elizabeth Warren gives progressives in Congress a rousing call to arms against Trump https://t.co/8WGLQAYEqa # via @HuffPostPol,0
RT @Impeach_D_Trump: Trump at Mar-a-Lago For The Weekend! It's a Good Time to Call 561-832-2600 &amp; ask to speak to the POTUS - More Numbe https://t.co/Z059lGLe4D,1
Trump is no fascist. He is a champion for the forgotten millions | John Daniel Davidson https://t.co/1ctjjGfSKe,0
RT @DavidJo52951945: Judge who blocked Trump's immigration ban totally biased.Judges are not interpreting law but enforcing their view https://t.co/eS5ZAzZQ2i,0
Trump on Putin: 'You think our country's so innocent?' - CNN. Has President Trump lost his mind? @realDonaldTrump  https://t.co/S0sDbEu3cS,0
#FakeNews Paints Trump Supporters As Racists! AGAIN! https://t.co/wky4XQHazZ,0
"I think if someone tried to assassinate POS trump the Secret Service would say, ""oh look! A man with the gun. More coffee?""",0
"@IngrahamAngle For eight years the courts found ways to expand Obama's power, now look for ways to limit Trump's. Courts are destroying US.",0
How the world reacts to Donald Trump. https://t.co/PDkDKcriSL,0
"RT @Corporatocrazy: ""Hello liberals! This is ISIS. Thank you for fighting for my right to come to USA!""



#MuslimBan 9th Circuit #Trump https://t.co/j5ASrfzTUf",1
RT @artoopio: KRISTEN MOCKED DONALD TRUMP AND CAME OUT AS GAY IN SNL MONOLOGUE WHEN WILL YOUR FAVE https://t.co/1lj07smIld,0
"RT @brithume: This is a terrific piece by @RadioFreeTom --&gt; Chill, America. Not every Trump outrage is outrageous. https://t.co/3HnG2VLoIq",0
"RT @thebiafratimes: BIAFRANS CHOSE TO CELEBRATE WITH DONALD TRUMP, NIGERIA GOVERNMENT CHOSE TO SPILL THEIR BLOOD ONCE AGAIN https://t.co/GfX5mEpBqs",0
@realDonaldTrump Make America Great again by impeaching Trump and honoring what Lady Liberty stands for.,1
RT @submedia: Who Are the #Anarchists? And why are both Trump and the Democrats so afraid of them? #DisruptJ20 https://t.co/TSI0lDdMB6,0
RT @bennydiego: Trump will defend Russia before he defends the United States of America. https://t.co/nBNHQjVDbO via @denverpost #SoCalledPresidentTrump,1
RT @paulkrugman: Remember when young voters thought Trump would be tough on Wall Street? https://t.co/r7CMXe4L5I https://t.co/wYgCG4suAb,1
"""Trump defends Putin over Russia killings allegations"" https://t.co/6lokyKxlzJ the puppet does his masters bidding",0
RT @AP: BREAKING: Appeals court denies Trump administration request to immediately reinstate ban on travelers and refugees.,0
"RT @AynRandPaulRyan: The billionaire resistance against Donald Trump is beginning

#TheResistance #SundayMorning

https://t.co/X6mAgiXgZ6",0
RT @MaggieJordanACN: Trump suffers another loss. A Federal Appeals Court Rejects Request to Immediately Restore His #MuslimBan https://t.co/aYplVzSElP,0
@realDonaldTrump @KellyannePolls Trump-U do more damage to the great USA than any terrorist could do. U make the US dark and evil#lyindonald,0
RT @ChicagoBreaking: Roskam among Republicans on tightrope with constituents over Trump https://t.co/Nlbzp1XrQE https://t.co/fugWNKXvL4,0
RT @jasonsentell: Putting #climatechange in terms even #trump can understand @realDonaldTrump #SaveOurPlanet https://t.co/6o13tz6kjW,0
Now this is the real Trump! The little boy inside the man is running the show. Now how are we going to clean up... https://t.co/Mdtqj4qObN,1
"So, so funny. #KateMcKinnon as

 @BetsyDeVos #BetsyDeVos  #Saturdaynightlive #SNL #USA #Trump  @melissamccarthy as @seanspicer #SeanSpicer https://t.co/Nz0zr96h1J",1
"RT @sahilkapur: O'REILLY: ""Putin's a killer.""



PRESIDENT TRUMP: ""Lot of killers. We've got a lot of killers. What, you think our country's so innocent?""",0
"RT @RyanLizza: Imagine if a federal judge called Trump the ""so-called president""? https://t.co/IWCJYZC0oZ",0
"RT @BeauWillimon: Do not let it ""quietly stall"". Be loud. Demand it. Make Trump expose how he's deliberately misled the public on 3-5 https://t.co/VK6DXwXQC0",0
RT @deanbarker: Good morning. Today is the 17th day Mr. Trump violates the Constitution's Emoluments clause &amp; the 17th day Paul Rya https://t.co/O50Ix6fd4D,0
"Trump Insists That Now, More Than Ever, Americans Must Stand Strong In Face Of Empathy https://t.co/WY8diqtZsI via @theonion",1
"RT @RoguePOTUSStaff: Eric Trumps business trip to Uruguay cost taxpayers $97,830 in hotel bills https://t.co/yBiv1zYsIt",0
RT @DullRussell: Anyone who's attending the Super Bowl game when Lady Gaga takes the stage stand up and yell Trump Trump Trump every https://t.co/bk9w5l1BfK,1
"RT @goldengateblond: TRUMP TV SHOWS

My So-Called Judge

The Vladimir Diaries

So You Think You Can President

Game of Thrown Out

The Walking Dead Democracy",0
"RT @markmobility: Monthly cost of:

Guarding Trump Tower: $30 million

Section 8 for all 15,856 homeless NYC families: $28 million",0
Thousands of demonstrators marched by the Florida estate of Donald Trump to protest against his  travel ban: https://t.co/v8Eu88m971,0
"Australia had the second most troops in Iraq fighting in our coalition against ISIL. Trump alienates PM.



Yet he continues to defend Putin. https://t.co/u3zKdgvoZQ",0
RT @tonyposnanski: I edited Trump's last tweet to be more American and loving. https://t.co/cpQ04loo1Y,1
Why Democrats should filibuster Trumps SCOTUS pick https://t.co/PX2m285EoA https://t.co/pxs24HPHs3,0
"RT @Slate: Asked About Putin being a killer, Trump says you think our countrys so innocent?"" https://t.co/ucypd8zpxJ https://t.co/WFIxJsXete",0
RT @Clive_Carter: SNL last night on Trumps phone calls to various world leaders. He dislikes this show and Tweets against itYoutube https://t.co/vbTwyBMaem,0
RT @PicOpia: President Trump's Overall Performance: ??or ???,1
RT @CauseWereGuys: this guys trump impersonation is spot on ?  https://t.co/nIecTaMF4h,0
"Gotta love these two.

WATCH: Milo on Judge Jeanine Pirro's show: Donald Trump Should Withdraw Funding from Berkeley https://t.co/q3oTjJ4fT4",0
RT @ABC: JUST IN: US Court of Appeals denies Dept. of Justice's emergency motion to lift Trump travel ban restraining order https://t.co/sodU7CjF4A,0
OReilly: Putins a killer Trump: There are a lot of killers.    https://t.co/HZLymoZtTv https://t.co/0dx4XLLb0B,0
"RT @Evan_McMullin: Security challenges persist, but Trump distorts them to inspire fear and justify his violations of our core ideals https://t.co/vxGMReKTOV",1
RT @crampell: Is Trump right that banks cant lend?  Business loans made by banks as share of GDP at highest level in 50 yrs https://t.co/RjEK2GLTY8,1
"RT @nytimes: Trump says he has walked away from the day-to-day of his empire, but records show how close he remains to it https://t.co/oYuvMupTxK",0
RT @GattiJeanette: @KellyannePolls @FreeBeacon JUDGE WHO BLOCKED TRUMP FROM KEEPING US SAFE COMITTED TREASON.ARTICLE 3 section 3 of US CONSTITUTION.,1
"RT @TomthunkitsMind: CIA says Russians have ""more than 1 tape"" ""audio and video"" on ""more than 1 date"", in ""more than 1 place"" of Trump. https://t.co/ZSxlkmn1Ga",0
RT @EricSpracklen: Who are Trump supporters? RETWEET if you agree! https://t.co/sKkEyWETVo,1
RT @MSNBC: Court knocks back bid to swiftly restore Trump travel ban https://t.co/ulXzUtTkrl https://t.co/pksR4RgOLj,1
Trump Wages War Against Judge Who Blocked Travel Ban https://t.co/SZXOmX7YVZ via @dailycaller,0
@zdroberts @Greg_Palast Would you really want to buy a used car from Trump?  I would not.,0
"RT @BraddJaffy: Trump: Millions voted illegally (Nothey didn't. False. Evidence-free.)



Bill O'Reilly tells Trump: you have to ha https://t.co/vFLPTnA6MQ",0
"Spit it out Zalmay, the Trump administration has looked worse than foolish. Mexico, Australia??? Come on dude, they haven t a clue. @cspanwj",0
RT @KeithOlbermann: The Deputy Editorial Page editor of The Wall Street Journal and I agree on the only word that fits @realDonaldTrump https://t.co/F7Z3LA6Om7,1
"RT @YouGiveMeFever7: With Trump's sudden rush to ban Muslims, one must wonder how Obama managed to keep us safe from major attacks for 8 years without a ban.",1
"RT @Impeach_D_Trump: RT if you think Trump should be impeached.

LIKE if you think Trump should be impeached.",1
"The cynical GOP told a Republican lawmaker to shut up about Trump's bullying, or get out. #PartisanHypocrisy  https://t.co/eDK7vnV0oE",0
America is so much bigger than Donald J. Trump. https://t.co/p3O9KYVQuW,0
"RT @YouGiveMeFever7: With Trump's sudden rush to ban Muslims, one must wonder how Obama managed to keep us safe from major attacks for 8 years without a ban.",1
Starbucks CEO Attacks Trump And Stocks Nosedive After Boycotts Ensue (TWEETS) https://t.co/3O7ViKJVD7 #arnews1936 #feedly,0
"RT @paulkrugman: If Trump can call Robart a ""so-called"" judge, can we call him -- with infinitely better justification -- a ""so-called"" president?",1
Trump administration hiring freeze raises questions about staffing new VA hospital in New Orleans #NewOrleans https://t.co/0cLqu4lAe3,1
"RT @nytimes: S.N.L. Goes After Trump Again, With Melissa McCarthy as Sean Spicer https://t.co/VOLvsHIWgn",0
"RT @NickCohen4: ""Trump, modern fascism, and how to fight back"" - long read from me in the Observer

https://t.co/TZr0NiHJDI",0
"Despite weeks of protest &amp; push back from opponents, fans of Trump in Okla. say they are getting what they want, https://t.co/R5SpRYzAOb",0
"RT @Bernies4_Trump: #NapaValley

#Hollywood

#PizzaGate

I hate Pedo's.

I hate it even worse when authorities cover up this shit!

? https://t.co/MYpDWp32ZP",0
RT @Reuters: Kuwait denies it imposed travel ban praised by Trump https://t.co/mvuwFBjfx0 https://t.co/p2MgW0eRdH,0
@TomthunkitsMind Now you know Trump is Putin's bottom bitch!??,0
"RT @DavidAFrench: You won't see many conservatives defend Trump's Russia comment. They'll be silent, but they'll know they'd race to Fox to condemn a Dem.",0
"RT @wikileaks: Trump on US government last night: O'Reilly: ""Putin's a killer"" Trump: ""There are a lot of killers. You think our country is so innocent?""",0
@CNN Eminem is back? To fight Donald Trump? Where is claymation celebrity deathmatch when you need it.  Slim vs Dim.,0
RT @DannySVO: @IngrahamAngle That should impress upon Trump/GOP the need to fill every federal court open seat ASAP. 9th Cir has 4 vacancies.,1
#PrinceCharles compare #Trump administration to 1930s populace movement,0
"RT @gilduran76: How Trump uses Twitter

 via @GeorgeLakoff @gibilisco https://t.co/qCAAhHFIwA",0
RT @mortgageconsult: Thousands march near Trumps Mar-a-Lago estate https://t.co/N6ArJi2jfT via @usatoday,0
RT @starfirst: Trumps Nightmare: Women Opposing Him https://t.co/qPlyFUvdqP via @thecut,0
RT @Impeach_D_Trump: Please Follow us on FACEBOOK for all the latest on our Illegitimate President Trump -  https://t.co/sjFtlwYstt,1
"Awesome, it looks like Trumps Reign in people had come to a close, hopefully they overturn all the other docs he has signed. #justice https://t.co/HmbgnV4p2c",1
"RT @sfpelosi: #SundayMorning: 9th Circuit is following the #RuleofLaw and refusing to automatically reinstate Trump's immoral,  u https://t.co/VxMa6f074l",0
RT @cfarivar: Constitutional crisis? What happens if Trump decides to ignore a judges ruling. https://t.co/pa6O3yJ4Wj,0
"RT @mashable: Alec Baldwin's Trump is back on 'SNL': 'Prepare to go to war'

https://t.co/tHS10xz46Y",0
"RT @BillMoyersHQ: The #Trump admin thinks theyll overwhelm us with their blitzkrieg strategy, writes @NaomiAKlein https://t.co/rxMUlwGvgs",0
"RT @CBCAlerts: Leader of al-Qaeda's affiliate in Yemen has released audio recording in which he mocks Trump, describing him as 'White House's new fool': AP",1
"RT @religionnews: ""Trump's extremism mirrors that of his Muslim counterparts"" https://t.co/yKuu5iWZm9",0
@ggreenwald trump must be a self hating wasp,0
RT @theonlyadult: It's Trump's America Va. America. Pick a side. https://t.co/RKl63B8EId,0
RT @Reuters: Kuwait denies it imposed travel ban praised by Trump https://t.co/mvuwFBjfx0 https://t.co/p2MgW0eRdH,0
RT @EmmyA2: ever notice how Trump seems to use words in quotations when he really wants to say a racist slur? https://t.co/EOy7zyqx1Y,0
President Trump's First Weekly Address | https://t.co/1cIXYaqOiM https://t.co/IdkhPaLUgo,0
RT @CNNPolitics: An avalanche of phone calls is thundering across Capitol Hill as the Senate considers Donald Trump's nominations https://t.co/N7gtyLaNOe,0
"RT @2020fight: Daily reminder that it costs $1 million a day to have Melania &amp; Barron Trump stay in New York.

Current total post-inauguration: $14,000,000",1
RT @Travon: Iraqi parents were so happy for their son to get American medical care that they named their son Trump. Then Trump https://t.co/HSUaoBsVzX,1
Super Bowl: Trump protesters and Lady Gaga prepare for Houston spectacle https://t.co/eJh6wUvD19,1
"For an investment man, Trump is basically using his ass rather than head.",0
@kaj205 @JustinSzew309 @StephenKing no wonder you morons are rioting. Trump worse than a pedo eh? You people are psychotic,0
"RT @MaggieJordanACN: Trump Administration's request for immediate administrative stay DENIED.

#MuslimBan https://t.co/UJvOh7CSkx",0
Here's why #LadyGaga won't be mentioning @realDonaldTrump during her #SuperBowl #PepsiHalftime show performance: https://t.co/be0Flt9DJa,1
RT @Independent: Judge mocked by Donald Trump for lifting 'Muslim ban' has fostered numerous immigrant children https://t.co/CrWovINZdW,0
RT @JustSchmeltzer: So @ABFalecbaldwin as Trump wearing a Russian Flag pin is an excellent touch. https://t.co/4HCYZInlrP,1
"RT @sjohoIt: rt for 2 boys kissing, like for donald trump https://t.co/2NqrgPkb86",1
Appeals court denies Trump request to immediately restore travel ban https://t.co/ZdxrCvMXLa via @usatoday,0
"RT @RawStory: 'Australia sucks, prepare to go to war': Alec Baldwin returns to SNL as Trump botching world leader calls https://t.co/fkvOIVuwIi",0
"RT @funder: .Exhibit 6:Trump looked in Moscow for real estate '96

#DworkinReport #resistance #TrumpRussia #resist #theresistance https://t.co/E8eq7c2k7O",0
RT @jack_welch: CNN this morning wringing hands over Trump deficit proposals...Where were they when Obama was adding 10 trillion??,0
"RT @GeorgeTakei: Fox's O'Reilly said to Trump, ""Putin's a killer."" Trump shrugged saying, ""You think our country is so innocent?"" Don't drink the tea, folks.",0
"Frank Bruni minces no words: Trump's ""masturbatory reveries"" drive his ""Me Doctrine"" https://t.co/Vt4N89LfwH",0
RT @HeerJeet: Make no mistake: Trump will blame next terrorist attack on the judge &amp; use it as excuse to undermine judicial syste https://t.co/q6UImh4gxi,0
"All this Marvel virtue signalling about Trump, writers, actors, artists. They all get paid by Marvel, but ran by a Trump supporter?",1
"RT @funder: Why is Putin the only person in the world that Trump has never criticized?



#dworkinreport #trumpleaks #resist #theresistance #trumprussia",0
"Yes. If this is the level of opposition, Trump will easily be POTUS through 2024.  https://t.co/OHdW4dQ4D0",1
RT @AnsarAAbbasi: For #Trump #Obama #Bush ..... of this world. #US https://t.co/IrIzXPEm1f,0
"RT @larryelder: Those upset with Trump for saying, ""You think America is so innocent?"" had no problem when Obama repeatedly apologized for America.",0
RT @carlbernstein: Journalists need to google #@kellyannePolls' repeated attacks on trump before she became his propaganda minister--and air/publish them now.,0
"@AllenWest They are not anti-trump, they are Brown Shirts for Hitler = Soros

&amp; the Dem Party = Nazi Party",0
RT @nikshmatko: I dedicate my art to him (#Trump) because in this man I can see a real hope for the good world order on the globe. https://t.co/nnMB6Maroz,1
@Macys Take out all TRUMP products or I personally will avoid you.,0
"RT @MoneypennyNaked: A new poll shows that 62% of Americans disapprove of Trump, 38% approve &amp; 107% would like a space ship so they can start a new life on Mars.",1
"RT @TeaPainUSA: Killers?  Trump has now attacked the integrity of America to defend Vladimir Putin. Brothers and sisters, this aggression will not stand!",0
RT @TorontoStar: Trumps request to restore travel ban rejected by U.S. appeals court https://t.co/lFXLtxiOcM https://t.co/ckDK29jidE,0
"@CNNPolitics WHILE THOSE NY CITY CONCRETE MAFIA TRUMP FRIENDS BUILD TRUMPS WALL ,,THEY WILL BE BUSY SELLING SHOVELS IN MEXICO",0
RT @washingtonpost: Documents confirm Trump still benefiting from his business https://t.co/SL5xghmMkb,0
US: Mosque burnt after Trump announced Muslim ban https://t.co/emV5pmtXbY,0
Trump's Amateurish White House Thinks Poland Invaded Belarus via @politicususa https://t.co/vWAYUjd5ue,0
Court denies Justice Departments request to immediately reinstate Trump travel ban https://t.co/slL6iiQ0pV by #WSJ via @c0nvey,1
RT @LawyerRogelio: Trump claims his Air Force One design was so successful that he is now going to submit his own design to NASA. https://t.co/aWygn8FacI,1
RT @LibyaLiberty: This is what I mean about the American people sending a message louder than Trump: https://t.co/8WXVFhZSfk,0
RT @CNNPolitics: An avalanche of phone calls is thundering across Capitol Hill as the Senate considers Donald Trump's nominations https://t.co/N7gtyLaNOe,0
RT @natalieben: Big cheer when I noted in #Sheffield that Trump's #MuslimBan has been struck down by judge. Even bigger for https://t.co/tQUKPPF1hn,1
"RT @LadyAodh: Egyptian identified by French as the terrorist who attacked soldiers.



This is what Trump is trying to ban! https://t.co/pVqILOgvZ9",0
RT @JohnTDolan: Wouldn't it be GREAT if when Gaga starts into her ?? Anti Trump rhetoric the crowd drowns her out with Boooos.  ReT https://t.co/vdvKFgG8kx,0
RT @probert06: Black Colleges distinguish cold Obama treatment from warm Trump treatment @IMIXWHATILIKE @AfricanaCarr https://t.co/0FmhwgxCBN,0
RT @DTrumpExposed: What will Donald Trump do this #SundayMorning in order take the attention off of #SuperBowlSunday and put it on him https://t.co/59sY7Y38uF,1
I haven't managed to recover from @melissamccarthy as @PressSec yet. Ending this tweet in Trump style. Tremendous!,1
"RT @hrkbenowen: Obama banned Iraqi's from coming to the US in 2011 for 6 months and judges stayed quiet. But with Trump, it's a who https://t.co/SpIkspWJhF",0
Fill in the blank: Donald Trump is...  #SundayMorning. https://t.co/kwtIk10DId,0
The days of pretending that this isnt serious are over: GOP adviser calls on media to expose Trumps treason https://t.co/DphNDeBTuX,0
"No matter what you think about #Trump policies, he's gotten more #Americans to #exercise! (#walking to #demonstrate)  #Health #TrumpProtest",0
RT @altusda: Was glad to see @HuffPostPol story noted the the head of Trump's USDA transition team's ties to puppy mills https://t.co/qKbd8C4qa7 #resist,1
RT @Impeach_D_Trump: Please Follow us on FACEBOOK for all the latest on our Illegitimate President Trump -  https://t.co/sjFtlwYstt,1
@NBCNews Mr President Trump is doing a good job to protect Americans,1
"RT @queennn94: Kristen Stewart taking down Donald Trump and the homophobes at one go.



She has saved 2017. Play this at my funeral. https://t.co/ywlzO18FaT",0
"RT @jordanjryan: Momentum calling for open borders and chanting ""Fuck white supremacy"" at today's anti-Trump rally. No wonder the To https://t.co/U5uTuQqj5O",0
"RT @alfonslopeztena: US judge dismisses Melania Trump's libel suit against Daily Mail, that claimed she worked as an ""escort""

https://t.co/3LYj9zjbd0",0
"RT @Rodney_D_Pumas: Sometimes by losing a battle you find a way to win the war. - D.J. Trump, The Art of the Deal

 @IngrahamAngle @realDonaldTrump",0
"RT @audreywatters: Here's the transcript of my talk today at the University of Richmond: ""Ed-Tech in a Time of Trump"" https://t.co/poJUps1RmQ",1
@ABC Boycott TRump,0
"RT @PrisonPlanet: Turns out that you can't use Twitter to threaten Trump supporter's children, violence &amp; doxxing. This account final https://t.co/rgipGho3m9",0
RT @deanbarker: Good morning. Today is the 17th day Mr. Trump violates the Constitution's Emoluments clause &amp; the 17th day Paul Rya https://t.co/O50Ix6fd4D,0
RT @NegarMortazavi: Breaking: US federal appeals court rejects Trump's request to reinstate the #MuslimBan that was blocked by a Washington state federal judge.,0
@jeremyscahill @vinnie_paz  Im willing 2 bet Trump leaves office w less blood on his hand than Obama. Also more protests &amp; less peace prizes,1
"RT @Corporatocrazy: Fuck you, loony liberals of 9th Circuit. The battle is now moved to Monday. Then probably to SCOTUS



#Trump https://t.co/my07odl0ST",0
"Harriet Harman on Trump, Corbyn and women in politics #Ridge https://t.co/ZCTB0KaZrz",0
Obviously...We don't either...We will fight and fight...Trump is on wrong side of the world...You are minority...LAWS matter https://t.co/tXYdtlsuRx,0
"RT @peterdaou: That giant sucking sound? Mitt Romney's dignity deflating after claiming Trump has ""obviously gotten off to a very strong start.""",1
"RT @NickCohen4: ""Trump, modern fascism, and how to fight back"" - long read from me in the Observer

https://t.co/TZr0NiHJDI",0
"Keep this up, Chuck. Dumb &amp; Gullible Trump base actually go for this, will eventually come to despise Trump, if they hear this blowback enuf https://t.co/GCKFE6hUyL",0
"RT @Rachael_Swindon: ""The Reddest Of Red Carpets For Trump"" - Jacob Rees-Mogg. How Out-Of-Touch Can Someone Be? https://t.co/nH7z91mYPg https://t.co/CDiekvNnV9",0
RT @BBCWorld: Trump travel ban: Mike Pence defends president https://t.co/zwcnsooLn9,0
"RT @AltStateDpt: Obama family travel cost taxpayers approx. $10M/yr. In 2wks, Trump is at $3M plus Eric Trump's Uruguay trip costing https://t.co/RaBvA5XiZR",0
Climate bombshell from #NOAA whistle-blower. Expect more | Catallaxy Files https://t.co/srOWrb6Gr0 #Trump #AGW,1
"RT @DLin71: OBAMA: America is imperfect

GOP: TREASON



TRUMP: America is like a murderous thug

GOP: Shield your eyes in the presence of this patriot",0
Why can't someone secretly replace Trump with Alec Baldwin? Couldn't be worse &amp; he'd be funnier. Delusionals wouldn't spot the difference.,0
"America's future is doomed, Trump is gonna destroy it #MuslimBan",0
"RT @brianstelter: O'Reilly on his sit-down with Trump: ""I would say it's the most important interview of my life"" https://t.co/ZEKjenIlTf",0
"RT @wickedtimes6970: @piersmorgan Trump has said n done worse, <U+2744><U+FE0F>. Save your outrage for your Orange Messiah, champ",1
"RT @funder: .Exhibit 6:Trump looked in Moscow for real estate '96

#DworkinReport #resistance #TrumpRussia #resist #theresistance https://t.co/E8eq7c2k7O",0
@DanSpehler @RepAndreCarson @RepLukeMesser @RepJimBanks @CBS4Indy ??? Trump!!!,0
Neiman Marcus now joins Nordstrom in no longer selling Ivanka Trump-branded... https://t.co/gybWZ9Pzxl by #tytryone via @c0nvey,0
RT @StephensWSJ: Trump puts US on moral par with Putin's Russia. Never in history has a President slandered his country like this.  https://t.co/LrP8ycG1Y9,1
Sunday funday Alec Baldwin Just Destroyed Trump  https://t.co/F6ITFqjNyA,0
RT @JohnTwelvetrees: MUST WATCH!  Germany welcomes Trump.  Completely sends up Trump. https://t.co/vfTvCmjC6m,1
"RT @TomthunkitsMind: Trump supporters got played, will pay thru 401k's, foreclosures, predatory lending, higher gas prices, sale of publ https://t.co/VkOzFyjL0r",0
"@homer2680 going with Atlanta, don't really like trump supporters",1
RT @TheTrumpLady: TURN UP THE HEAT &amp; CALL THIS ENEMY BY ITS NAME! Trump admin could soon declare Muslim Brotherhood a terrorist org https://t.co/NbSncsNauQ,0
RT @DiscreetEarbud: Trump has taken the fun out of Twitter.,1
"RT @timkaine: President Trump rolls back Dodd-Frank and regulations protecting retirees. He's not draining the swamp, he's draining people's pockets!",1
RT @StephensWSJ: Trump puts US on moral par with Putin's Russia. Never in history has a President slandered his country like this.  https://t.co/LrP8ycG1Y9,1
"RT @AP: Trump Cabinet pick paid by 'cult-like' Iranian exile group, by @jongambrellAP  https://t.co/hhyDDtWjIz",0
Trump as Nero: Europe Must Defend Itself Against America's Dangerous President - SPIEGEL ONLINE - I... | @scoopit https://t.co/PZPd8NzHTC,0
"RT @nytimes: Whether they like it or not, brands associated with the Trump name have become politicized https://t.co/beH89AwqtC",1
"RT @markmobility: Monthly cost of:

Guarding Trump Tower: $30 million

Section 8 for all 15,856 homeless NYC families: $28 million",0
"Trump Cabinet pick paid by 'cult-like' Iranian exile group, by jongambrellAP  https://t.co/3E2P84faUZ",0
RT @nickbilton: Magazine covers from around the globe illustrate how the majority of us feel: Trump is destroying America. https://t.co/a92PCEK1fJ,0
#Trump and #Bannon as #Grim #Reaper go to war ... #Baldwin #Holocaust #Inauguration #Mexican Cisco #news https://t.co/B9NcaWTudD,0
RT @starfirst: Caroline Kennedy: Donald Trump's 'America first' approach is 'alarming' https://t.co/aKtWKTBor7 via @todayshow,0
"RT @AP: Trump Cabinet pick paid by 'cult-like' Iranian exile group, by @jongambrellAP  https://t.co/hhyDDtWjIz",0
"RT @DrTomMartinPhD: SUPERBOWL! ""Trump would watch a Super Bowl &amp; think the people in a huddle are talking about him.""<U+2015>Eric Schneiderman https://t.co/Ov2hxdtbDe",1
Alec Baldwin As Donald Trump Meets Up With Grim Steve Bannon in 'SNL' Cold Open https://t.co/SiXya5EHd4,0
I wonder if #Spicer will go on a Twitter rampage like his boss does? #SNL #Trump,0
@realDonaldTrump @POTUS Impeach Trump #FakePresident #FreedomOfSpeech,0
RT @FoxNews: Trump voices hope Russia can help in fight against ISIS  https://t.co/0W55YNRMLz https://t.co/L3EZj65ZxR,0
@paulkrugman i wonder if romney realizes trump didn't nominate him for state?,0
Errors From The Press Are Piling Up In The Opening Weeks Of The Trump Administration https://t.co/lQqwnLziRg via @dailycaller,0
"RT @monolus: I'm a huge @amazon fan, but I've decide to join the boycott until they stop selling Trump brand goods... #GrabYourWallet",0
"RT @NickKristof: My Sunday column: Post-Trump,  Canada may now be the country best reflecting the values of the Statue of Liberty https://t.co/GpOuenHUza",1
"RT @ByValerio: Illogical decision Judge James Robart that the law should defend the homeland and the Americans

@wsj @FoxNews #trump https://t.co/ugpLTqMuQt",1
RT @IngrahamAngle: Everything Trump does will be challenged in fed courts. Better get #Gorsuch confirmed fast. https://t.co/zqsGxZEkrQ,1
Trump asylum policy could upend US-Mexico relations - CNN https://t.co/1SeeYRNnRG,0
RT @BarristerSecret: Trump is like a defendant who's been reading the prison library's 2004 Archbold and confidently declares how much m https://t.co/aOCk29kNeb,1
"RT @Tennessean: Sorry, Donald Trump, you're no Andrew Jackson https://t.co/4CxhypWmLG",0
Donald J Trump is an asshole. #Patriots,0
RT @thehill: Appeals court rejects Trump request to restore immigration ban https://t.co/MZcqrosQTU https://t.co/062UgE8ISJ,0
"RT @bmangh: Promised land: Under Trump, the religious right is back, big league and stronger than ever https://t.co/GQldDrGBjK",1
RT @Impeach_D_Trump: Please Follow us on FACEBOOK for all the latest on our Illegitimate President Trump -  https://t.co/sjFtlwYstt,1
US: Mosque burnt after Trump announced Muslim ban https://t.co/2K0t5L1amj via @YouTube,0
British climate scientists raise concerns over Trump presidency https://t.co/NmFeLpeksb,0
"RT @DLin71: OBAMA: America is imperfect

GOP: TREASON



TRUMP: America is like a murderous thug

GOP: Shield your eyes in the presence of this patriot",0
The billionaire resistance against Donald Trump is beginning https://t.co/6mQdNGQ22q,0
RT @UjamiiSingh: Appeals Court that denied DOJ's appeal on Trump's EO was 2/3 liberal who are now acting as activists instead of jud https://t.co/tYJX96IVlJ,0
@patcondell Trump gets even more than we realise. Hes a God!,0
"RT @970wfla: Trump Respects Putin, Even If He's A Killer (VIDEO) https://t.co/ZL6yPme2T2",0
RT @ezlusztig: The majority saying Trump's visit should be cancelled (53%) is now larger than #Brexit (51.9%) Referendum! Democracy!https://t.co/amwy4ebiIR,1
"RT @jimmydolittle1: Up to 1 million little girls raped by Muslims in the UK Meanwhile,the Liberal Left are marching against Trump. That https://t.co/fgunKi5SsJ",0
"RT @colebunzel: Official al-Qaida statement yesterday shows group intends to exploit Trump's use of ""Islamic terrorism,"" &amp; ISIS has https://t.co/GQC4WEYV40",0
RT @AP: BREAKING: Appeals court denies Trump administration request to immediately reinstate ban on travelers and refugees.,0
"Our top read this morning: The story of Hamtramck, Michigan's Ellis Island, and how it's steeling itself for Trump. https://t.co/7KBUZUZMRb",0
"RT @UKIPNFKN: This Week's SPIEGEL: The Pain of a Donald Trump Presidency via @SPIEGEL_English

#Trump

https://t.co/I0T6GSX56a",0
@graceblue @IamTracyRandall  no not all fake but most media has been doin the manipulation way before trump even ran. They r lib bias &amp; lie,0
"RT @BecketAdams: So about Trumps call with Putin.



Woof, man. Just woof. https://t.co/TDghBrBjb1",0
"Alec Baldwin's Trump is back on 'SNL': 'Prepare to go to war'

https://t.co/JLQK2B1xHE",0
"Mr. Trumps Random Insult Diplomacy



https://t.co/HPHyD3qSNG",0
RT @PalmerReport: Retweet this if you want Donald Trump to be impeached for advocating the murder of journalists: https://t.co/lrtWwNcd1u,0
"RT @AP: Trump Cabinet pick paid by 'cult-like' Iranian exile group, by @jongambrellAP  https://t.co/hhyDDtWjIz",0
RT @HeerJeet: Make no mistake: Trump will blame next terrorist attack on the judge &amp; use it as excuse to undermine judicial syste https://t.co/q6UImh4gxi,0
"RT @piersmorgan: 'A staggering, hysterical overreaction' - Lord Carey, former Archbishop of Canterbury, on anti-Trump protests.

https://t.co/m7nAeqVbGD",0
MoMA Protests Trump Entry Ban by Rehanging Work by Artists from Muslim Nations https://t.co/P1SAlo6fkb @nytimes,0
"RT @AP: Trump Cabinet pick paid by 'cult-like' Iranian exile group, by @jongambrellAP  https://t.co/hhyDDtWjIz",0
I'm more than a little worried that we will impeach Trump &amp; end up with Mike Pence who would be less obvious in doing the same type things.,0
RT @StephensWSJ: Trump puts US on moral par with Putin's Russia. Never in history has a President slandered his country like this.  https://t.co/LrP8ycG1Y9,1
RT @IJCFilm: @skeptical_david The ban has been halted. They protested to remove Trump. We don't agree. He is our #POTUS .,0
"RT @HuffingtonPost: Veterans vs. Trump: Pipeline will never be completed, warriors vow https://t.co/xhKOUxRmwt https://t.co/y2YZt6dRDK",1
RT @barigalusti1: Melania Trump picks Chief of Staff and is moving to the White House https://t.co/Ff2SJfN3aH via @usatoday,1
RT @NYMag: Neiman Marcus has also dropped Ivanka Trumps line https://t.co/O2tMax1tRc https://t.co/LtKzlFESrM,0
RT @NOT_MOTD: Donald Trump finally gets something right.  https://t.co/hQtVMoVctr,1
"RT @RBReich: Congress must censure Trump for his brazen attack on judge who halted travel ban, a dangerous incursion on independence of the judiciary.",0
RT @nycjayjay: The 9th Cir declined to immediately reinstate Trump's immigration ban. Bam! It has asked instead for plaintiffs to respond to the appeal.,0
RT @rogueFEMA: Here is the funeral for the innocents recently murdered by a trump supporter to near silence from the whitehouse. https://t.co/6oMX1yNjsH,0
RT @ZellaQuixote: Putin employs an army of propagandists who propogated lies to help elect Trump. Tea Party fell for it. #trumprussia #dworkinreport #weresist,0
"RT @LawyerRogelio: Donald Trump Jr. faved a tweet about how Donald Sr. would get a political boost from Quebec killer ""being Muslim"": https://t.co/sFRWB0DMMc",0
RT @deanbarker: Good morning. Today is the 17th day Mr. Trump violates the Constitution's Emoluments clause &amp; the 17th day Paul Rya https://t.co/O50Ix6fd4D,0
"trump is trying to protect muslims and do them a favour by deporting them, there are mass plastic coffins setup in the US @alafreeqi",1
RT @AP: BREAKING: Appeals court denies Trump administration request to immediately reinstate ban on travelers and refugees.,0
"@DonaldJTrumpJr .

.

.

Trump Baseball Camp



""BIG LEAGUE""



https://t.co/0HEpkUPuNd

.

.

.

.",1
"RT @20committee: Can't wait for the Trumpers to discover Tonkin Gulf '64 and the Phoenix Program. Consider Chomsky your Cliff Notes.



https://t.co/Ck9EtJdDkR",0
"RT @BeauWillimon: Do not let it ""quietly stall"". Be loud. Demand it. Make Trump expose how he's deliberately misled the public on 3-5 https://t.co/VK6DXwXQC0",0
"RT @MaggieJordanACN: Trump Administration's request for immediate administrative stay DENIED.

#MuslimBan https://t.co/UJvOh7CSkx",0
"RT @JoyAnnReid: The Republicans won't rein In Trump, but the judiciary just might. https://t.co/C1VQDnYZAH",0
US: Mosque burnt after Trump announced Muslim ban https://t.co/nKQpEiArXd via @YouTube,0
RT @crampell: Is Trump right that banks cant lend?  Business loans made by banks as share of GDP at highest level in 50 yrs https://t.co/RjEK2GLTY8,1
"RT @RobPulseNews: The moment Trump lawyer tells judge Robart of travel ban: ""We actually don't think you're supposed to look at wheth https://t.co/6ZVmXeUsM0",0
RT @stmpinfortrump: BREAKING : BuzzFeed Being Sued Over Trump Russia FAKE NEWS Story https://t.co/BpzGwPbnvS https://t.co/jgdtgezVYV,0
"RT @AJemaineClement: Hitler - failed painter

Trump - cancelled tv host

Bannon - failed documentary maker

Conway - failed stand-up



Support the arts and media",0
"RT @paulkrugman: If Trump can call Robart a ""so-called"" judge, can we call him -- with infinitely better justification -- a ""so-called"" president?",1
Has there ever been a president who openly attacks a sitting judge who rules against him? #Trump #ImmigrationOrder  https://t.co/FcYLfAtt2v,0
"RT @queennn94: Kristen Stewart taking down Donald Trump and the homophobes at one go.



She has saved 2017. Play this at my funeral. https://t.co/ywlzO18FaT",0
"RT @thehill: WATCH: Trump and Bannon as Grim Reaper go to war with foreign leaders on SNL

https://t.co/M6W9SsF3Ew https://t.co/HmKouPe45k",0
RT @EricLiptonNYT: Covers of The Economist &amp; Der Spiegel. Opinion in Europe re Trump seems reasonably clear. https://t.co/5RIUC8JfrL,1
An Insanely Depressing Day In The Life Of Donald Trump https://t.co/rKyfAIBOzU,0
"RT @brianefallon: What patriotic American would say these things? Congress must keep digging into Trump and Russia. Something stinks

https://t.co/ocU2lRGrvT",0
RT @WLD01: The #MSM continues to hold Trump to a low double standard  .... #Shameful #Pathetic #NotMyPresident,0
"RT @hacketmale: @LJPmcLoughlin @TelegraphNews the racist cunt liked Trump and the EDL? Gosh, I'm floored.",0
RT @CNN: A federal appeals court denied the US government's initial request to resume President Donald Trump's travel ban. https://t.co/4MDk9yuold,0
RT @StephensWSJ: Trump puts US on moral par with Putin's Russia. Never in history has a President slandered his country like this.  https://t.co/LrP8ycG1Y9,1
"Alec Baldwin's Trump is back on 'SNL': 'Prepare to go to war'

https://t.co/u9EO7qzeBs",0
Trump repeats respect for 'killer' Putin: 'Do you think our country's so innocent?' https://t.co/nU0Qq9TqqB,1
RT @wmiddelkoop: Trump's media strategy ... https://t.co/Zt8vxJ2Q3u,0
"mashable: Alec Baldwin's Trump is back on 'SNL': 'Prepare to go to war'

https://t.co/stEes4dMZu",0
"RT @Breaking_Hammer: I'm no longer shocked by what Trump and the GOP does.  Shock is an emotion.  Resistance is an act.



#TheResistance https://t.co/NV7Y1BvO6J",0
"RT @IngrahamAngle: Notice how @CNNPolitics uses word ""attack"" when @realDonaldTrump stands up for US taxpayer. https://t.co/zq3TevWIMq",0
"RT @NBCNews: President Trump, challenged about Putin during an interview, responds ""Our countrys so innocent?"" https://t.co/LAvBVWVUJA",1
"RT @DLin71: OBAMA: America is imperfect

GOP: TREASON



TRUMP: America is like a murderous thug

GOP: Shield your eyes in the presence of this patriot",0
RT @TheLibertyEagle: Middle School Student Attacked On Bus For Wearing Trump #MAGA Hat  Then School Suspends H https://t.co/bR8Y7uX9CY https://t.co/iFTyHieygy,0
"RT @hrkbenowen: Obama banned Iraqi's from coming to the US in 2011 for 6 months and judges stayed quiet. But with Trump, it's a who https://t.co/SpIkspWJhF",0
RT @StopStopHillary: BIG NUMBER: Look How Many People Trump Is Targeting For Deportation https://t.co/waHYNze3bh via @YouTube,1
RT @Reuters: U.S. appeals court denies request to restore Trump's immigration ban https://t.co/ei7mhDYazI,0
"RT @NickKristof: My Sunday column: Post-Trump,  Canada may now be the country best reflecting the values of the Statue of Liberty https://t.co/GpOuenHUza",1
"RT @queennn94: Kristen Stewart taking down Donald Trump and the homophobes at one go.



She has saved 2017. Play this at my funeral. https://t.co/ywlzO18FaT",0
RT @JimVandeHei: Trump polls better when people don't have to admit they like Trump https://t.co/mjDW3v4Bmr,1
Goes After Trump Again. There is no wrong answer. South Park Creators are backing off Trump Satire because he Satires a presidency. (1) https://t.co/M04i7ruvk9,0
"Ladies, gentlemen, and variations thereupon; Fox News accidentally confirmed that Trump is a fascist. https://t.co/OWc89g30WV",0
J.K. Rowlings Twitter feud with Trump supporters is so bad shes now fighting some of her fans https://t.co/A7kh1gBgLM via @travismandrews,0
RT @nycjayjay: The 9th Cir declined to immediately reinstate Trump's immigration ban. Bam! It has asked instead for plaintiffs to respond to the appeal.,0
RT @guardian: Trumps lies are not the problem. Its the millions who swallow them who really matter | Nick Cohen https://t.co/GJXOg0dw4E,0
RT @SenSanders: In the face of Trumps antics we must not lose sight of a progressive agenda and keep working to create an economy that works for all of us.,1
"RT @Radiocop: President Trump did not create all this hate with the Libs, he exposed it.

They have always been an angry mob of people.",0
"RT @TheTweetwit: If Donald Trump's supporters want to know who is causing their misery -&gt;



Richest 10% Control 89% of World's Wealth

https://t.co/etz2LbFp5L",0
"RT @FiveRights: Opposing Trump's travel ban is tantamount to saying you want more terrorism in USA, but Left is too hateful of Trump to think rationally.",0
RT @AlperUcok: The World according to Trump... https://t.co/akX9SajLsu,0
"RT @RobPulseNews: The moment Trump lawyer tells judge Robart of travel ban: ""We actually don't think you're supposed to look at wheth https://t.co/6ZVmXeUsM0",0
RT @thehill: Appeals court rejects Trump request to restore immigration ban https://t.co/MZcqrosQTU https://t.co/062UgE8ISJ,0
RT @asamjulian: Experts: Social media giants fight Trumps anti-terror plan while providing platform for terrorists |  https://t.co/l4tvYf4xwu,1
"RT @pbpost: UPDATES: Anti-Trump protesters march through West Palm Beach

https://t.co/eej7yvKSj0 https://t.co/5Dzhe0AkAo",0
..trump thinks he is king but he's not even a president....,0
".@FreeRepublicUSA Cheating isn't winning, deplorable morons. Neither is signing 'trumped up' executive orders. #p2 #ctl #topprog #tcot #tlot https://t.co/PMDoMJt20H",0
"RT @ABC: Melissa McCarthy skewers Sean Spicer, Alec Baldwin reprises Trump role, Bannon portrayed as Grim Reaper on ""SNL"" https://t.co/3wlkqE4b8W",0
RT @AP: BREAKING: Appeals court denies Trump administration request to immediately reinstate ban on travelers and refugees.,0
"RT @Impeach_D_Trump: November 6, 2018:

-39 governors (!!)

-33 senate seats

-435 house seats

We know what to do!!!



#dncforum #DNCForums #Trump",0
"RT @tommyHotpockets: Trump: Ok we've screwed muslims, women, mexicans, the poor, sick, and people that drink water. What else?



Bannon: https://t.co/CqFR0Z6ayK",0
"RT @DrDavidDuke: White Americans need to understand that those opposing President Trump want to take our rights, our property, humiliate us and destroy us.",0
"Really? Good Lord.  Washington Post. Rose Brooks, Obama Pentagon official, says anti-Trump military couple possible. https://t.co/T8RdTFgWqD",1
"RT @NPR: BREAKING: Appeals court denies Trump admin. request for stay of injunction on immigration order, meaning the Trump order remains suspended.",0
RT @zerohedge: Le Pen Kicks Off Presidential Campaign Echoing Trump: The Highlights From Her Manifesto https://t.co/BUzXeFf9rc,0
RT @EINRussiaNews: Trump repeats respect for 'killer' #Putin: 'Do you think our country's so innocent?' https://t.co/J1nC565QJ5 #Russia,0
Report: 'Secretive' planning underway for anti-Trump protests during Super Bowl weekend: https://t.co/dmJ4ospGpL via @AOL,0
"RT @LAReviewofBooks: Ron Rosenbaum, world-class expert on the rise of Hitler, refused to write about Trump for months. Until now: https://t.co/FP57dcvpZO",0
"RT @jaketapper: Trump defends Putin: ""You think our country's so innocent?"" https://t.co/nW65mtBp0C",1
RT @strummerriot: London police escorting protesters marching from the US Embassy to Downing Street. Thank you trump for uniting the https://t.co/4vngKnGh6r,0
RT @tribelaw: 2/ business with Trump but sent the 9/11 terrorists here,0
"@realDonaldTrump @seanspicer @KellyannePolls @ivankatrump @DonaldJTrumpJr @EricTrump SUCK IT, TRUMP https://t.co/e6Y0tqv6Mo",0
@DebFreedomVoice @MyBrianLeyh We are lucky to have President Trump. He makes the right decisions and can take the heat.,1
RT @AGOWA: Trump Administration's request for immediate administrative stay DENIED. https://t.co/R3tTRPyv3U,0
"The left is showing its fascist face:

Anger after magazine shows #Trump in a gun's sights captioned: 'Why not'

https://t.co/wBuWUeEOgx https://t.co/NbWoJRKgFv",0
"RT @Scaramucci: Pres Obama allowed to ""evolve"" on marriage equality but Pres Trump gets no credit for extending LGBTQ protections within 2 weeks #hypocrisy",1
RT @Brian_Whit: Two-thirds of Britons believe Trump is 'threat to international stability' https://t.co/ypmSHx0Mj3,0
RT @klondyker: A wee gathering in Ullapool - Highlands of Scotland - to knit hats for refugees in opposition to Trump. :) https://t.co/ZjrPk9ZaXj,0
RT @MotherJones: This senator is hell-bent on getting out the truth about Trump and Russia. https://t.co/tMk3Fl0cdX,1
RT @artoopio: KRISTEN MOCKED DONALD TRUMP AND CAME OUT AS GAY IN SNL MONOLOGUE WHEN WILL YOUR FAVE https://t.co/1lj07smIld,0
"From this article: In a Twitter post on Saturday, Mr. Trump wrote, The opinion of this so-called judge, which... https://t.co/tJLpwh8QKi",0
"RT @timkaine: President Trump rolls back Dodd-Frank and regulations protecting retirees. He's not draining the swamp, he's draining people's pockets!",1
"RT @daveleifer: Just so you know, president Trump can release a new EO at any time with slightly different text and invoke the ban again!",1
"6 Countries Trump Has Insulted, Provoked and Picked Fights With In His First Two Weeks @alternet https://t.co/HoUM8Hmcch",0
RT @ahmednasirlaw: What is the most important achievement of Pres Trump so far? demystified American democracy &amp; showed it is a glorified 3rd world prototype,1
"@piersmorgan People need to calm down, the USA voted for him &amp; change, as they did with brexit give Trump &amp; May the chance to do the job!",1
RT @Impeach_D_Trump: Please Follow us on FACEBOOK for all the latest on our Illegitimate President Trump -  https://t.co/sjFtlwYstt,1
RT @WSJ: Fiscal hole will test Donald Trumps agenda https://t.co/1pAvDEpNqc,0
RT @gagadaily: Here's why #LadyGaga won't be mentioning @realDonaldTrump during her #SuperBowl #PepsiHalftime show performance: https://t.co/be0Flt9DJa,1
"RT @Slate: Asked About Putin being a killer, Trump says you think our countrys so innocent?"" https://t.co/ucypd8zpxJ https://t.co/WFIxJsXete",0
RT @USAneedsTRUMP: I hope the patriots win so Tom Brady can give Trump a huge shout out afterwards &amp; make Lady Gag Gag look stupid! https://t.co/eqjNU6P5qF,0
RT @mikandynothem: BREAKING: Lightning fast Trump Administration files APPEAL in bias Seattle Court ruling delaying legal travel ban! https://t.co/XFxaMziYoV,0
"RT @KobyltRadioTV: Today's Show @deborahkobylt, John Eastman on Trump, David Hernandez on SAG &amp; Kitty Wallace on UBH. https://t.co/tklMlE4Zj0",0
"RT @ThePlumLineGS: Trump's ban is on hold.



Bigger story: This is first real test of whether our institutions can restrain Trump: https://t.co/tFUNJZHufG",0
RT @David_EHG: Kudos to the @washingtonpost for forcefully challenging Trump's power. This is what a Fourth Estate should look lik https://t.co/l2msXgIu56,0
RT @HeerJeet: Carlos Slim: a Mexican billionaire of Syrian descent who owns the NY TImes. Almost everything Trump hates/envies.,1
"RT @carolinagirl63: Dear @realDonaldTrump

Instead of watching Lady Gaga at halftime tomorrow, thousands of Americans will be praying fo https://t.co/JTsD7ggntN",1
"RT @WarphobblerKaz: Huzzah! #Resist #ResistWhiteSupremacistChristianTaliban

We will boycott Trump speech, say Labours female MPs



https://t.co/3pFZh3Nc8O",0
Donald Trump's most bone-chilling tweet @CNN  https://t.co/jrUCKKvUx7,0
@realDonaldTrump that asshole judge made a very bad decision. Our country needs protection and that's exactly why we voted Trump.,0
"RT @funder: #Trump just made up a Polish battle. Hitler did the same thing before WWII



#DworkinReport #ImpeachTrump #resist https://t.co/oIO5UlrfZX",0
RT @docdhj: Nice Try but @realDonaldTrump is NOT a bought off Obama-like globalist hack! @Lrihendry @JrcheneyJohn @jojoh888 https://t.co/MHbhpalpqA,0
"@evan_greer to me, question is less historical &amp; more about present/near future. trump's face value acceptance of our state violence = peril",1
RT @BlissTabitha: Asst Attorney General Tweets F*CK DONALD TRUMP https://t.co/ULSt6I5Qwh,1
RT @gagadaily: Here's why #LadyGaga won't be mentioning @realDonaldTrump during her #SuperBowl #PepsiHalftime show performance: https://t.co/be0Flt9DJa,1
"RT @SandraTXAS: Anyone surprised? Judge Who Blocked Trump Action Has Activist Past https://t.co/IkIfWJExEc



#DNCforum

#MAGA https://t.co/0ipDtHM9tZ",0
RT @NBCNews: Appeals court knocks back bid to swiftly reinstate Trump travel ban https://t.co/9MnCPSdttQ https://t.co/L3uWhFTgDx,1
"RT @IngrahamAngle: Notice how @CNNPolitics uses word ""attack"" when @realDonaldTrump stands up for US taxpayer. https://t.co/zq3TevWIMq",0
"RT @ddale8: Obscure websites published a fake story that Kuwait was copying Trump's ban. The president Facebooked it, got 67,00 https://t.co/JXXgrVQAOL",0
"RT @Yair_Rosenberg: Trump keeps bringing out America's greatness, just not in the way he intends https://t.co/6aDtnfqk6x",1
"RT @naretevduorp: Any Trump supporter that still backs him after he equates our great nation to a tyrannical, murderous nation like R https://t.co/6WNyXHl4UX",0
"RT @NickKristof: My Sunday column: Post-Trump,  Canada may now be the country best reflecting the values of the Statue of Liberty https://t.co/GpOuenHUza",1
RT @AP: BREAKING: Appeals court denies Trump administration request to immediately reinstate ban on travelers and refugees.,0
"RT @JeffOMalleyUSA1: If u prayed last year 4 Trump 2win,Castro 2 die, &amp; Netanyahu

2 outlast Obama, then please never doubt the Providenc https://t.co/hSa2bsIYAB",1
RT @NPR: BREAKING: The Trump travel ban remains suspended after the 9th Circuit denied a stay on an earlier court order. https://t.co/GxVe0n9H3S,0
RT @BlissTabitha: Asst Attorney General Tweets F*CK DONALD TRUMP https://t.co/ULSt6I5Qwh,1
RT @Independent: Owen Jones refuses to join Trump Protest because SWP is 'a cult which covered up rape' https://t.co/Jda1rYrZZ4,0
RT @DavidLimbaugh: The left is saying Tom Brady is evil and should be condemned simply and only because he supports Trump. Then so should 60 million others,0
"@POTUS @realDonaldTrump friend of mine, lets just say he's Russian, just emailed me some videos.  Start thinking about stepping down. https://t.co/eNbCKwYliy",1
"RT @NickKristof: My Sunday column: Post-Trump,  Canada may now be the country best reflecting the values of the Statue of Liberty https://t.co/GpOuenHUza",1
[World News Update] Trump asylum policy could upend US-Mexico relations - CNN https://t.co/iHtyL2fJkE | Visit https://t.co/34naWm59bj for J,0
"RT @UKIPNFKN: Trumps nominee for the Supreme Court called this gay attorneys marriage a wonderful thing via @PinkNews

#LGBT

https://t.co/sipFQe8xNY",1
"RT @AP: Trump Cabinet pick paid by 'cult-like' Iranian exile group, by @jongambrellAP  https://t.co/hhyDDtWjIz",0
RT @buddythechud: Watching people take video selfies of themselves doing yoga poses is why Trump won ?,1
"RT @RuneRaabye: Extremely interesting analysis.

If Trump Hands Over Ukraine, He Will Make Russia Great Again - Jamestown https://t.co/NySipQDL4z",1
RT @TorontoStar: Trumps request to restore travel ban rejected by U.S. appeals court https://t.co/lFXLtxiOcM https://t.co/ckDK29jidE,0
"RT @funder: .Exhibit 6:Trump looked in Moscow for real estate '96

#DworkinReport #resistance #TrumpRussia #resist #theresistance https://t.co/E8eq7c2k7O",0
Donald Trump's Fellow Military Academy Alums Remember School A Little Differently Than The Presidential Candidate https://t.co/t4RwuqFbx7,1
"RT @nytimes: Trump says he has walked away from the day-to-day of his empire, but records show how close he remains to it https://t.co/oYuvMupTxK",0
"#CBC #Topstories Researchers lend their labs in wake of Trump ban, and malaria mosquitoes fight back: CBC's health https://t.co/OiM7foU6ZM",0
RT @WelshGasDoc: Donald Trump consoles himself following the Courts latest ruling against him https://t.co/UAo9eqSqeS,0
"RT @owillis: Trump Loses AGAIN In Court, Judge Rejects Attempt To Quickly Restart Muslim Ban https://t.co/mQHHbd2cfY",0
"RT @DLin71: OBAMA: America is imperfect

GOP: TREASON



TRUMP: America is like a murderous thug

GOP: Shield your eyes in the presence of this patriot",0
RT @AP: A federal appeals court has refused to immediately reinstate Trump's travel ban on people from seven countries. https://t.co/wE89YDavhE,0
"RT @irishtimesvideo: <U+25BA> VIDEO: Melissa McCarthy's hilarious take on Trump aide, Sean Spicer https://t.co/7yj1MbKDpb https://t.co/pv3f7TK6hg",1
Texas Man BEATEN in Public For Pulling Out 'Trump' Cigarette Lighter https://t.co/3dvMSU11ES via @usheraldnews,0
RT @Reuters: Kuwait denies it imposed travel ban praised by Trump https://t.co/mvuwFBjfx0 https://t.co/p2MgW0eRdH,0
"RT @BeauWillimon: Do not let it ""quietly stall"". Be loud. Demand it. Make Trump expose how he's deliberately misled the public on 3-5 https://t.co/VK6DXwXQC0",0
RT @RT_America: #NoBanNoWall: Anti-Trump protests continue throughout Europe &amp; US https://t.co/ClYjGh2UN5,0
RT @thehill: Appeals court rejects Trump request to restore immigration ban https://t.co/MZcqrosQTU https://t.co/062UgE8ISJ,0
Embarassment For Trump Administration As Former Prime Minister Of Norway Detained Under Muslim Ban https://t.co/C7J4RdxVrd,0
RT @spectatorindex: BREAKING: US Justice Department has been given till tomorrow to submit its response to appeals court over Trump travel ban halt,0
"RT @RVAwonk: Just so we're clear, Trump has now tried to delegitimize:

-The press

-Scientists

-Intel community

-Election results

-The judiciary branch",1
RT @ZaibatsuNews: US appeals court denies request to restore Trumps immigration ban https://t.co/BOCuCj8cRu #p2 #ctl https://t.co/K0q6ArmHOy,0
Donald Trump on Mitt Romney: Are You Sure Hes a... https://t.co/Dvcmmgt4RK #donaldtrump,0
"RT @simon_schama: Trump has no understanding of ir belief in, American democracy. He's just a two-bit tinpot con man - GOP forever st https://t.co/yyfd5Xtixz",1
RT @LBC: Is your child being brainwashed by liberal teachers about Trump? #KatieOnLBC https://t.co/XgOqI5tnTR,1
Elon Musk says he put immigration ban on Trump council agenda https://t.co/WVLDfXLOlk https://t.co/Mf5q8g0Hhg,0
RT @gfriedma: Amazing!  Trump attacks the USA!   https://t.co/XPqkYeIuAw,0
Three Sketchy House Intel Staffers Fired During Probe of Security Breach https://t.co/LoL92owjaD #TrumpTrain #PresidentTrump #Trump,0
RT @CNNPolitics: President Donald Trump just got checked and balanced https://t.co/We13fjXeTy https://t.co/nWtCxum0jS,1
"RT @ABC: Melissa McCarthy skewers Sean Spicer, Alec Baldwin reprises Trump role, Bannon portrayed as Grim Reaper on ""SNL"" https://t.co/3wlkqE4b8W",0
"RT @jaketapper: Trump defends Putin: ""You think our country's so innocent?"" https://t.co/nW65mtBp0C",1
'SNL':Trump and Bannon call world leaders - CNN https://t.co/h2Wlm0tOjI,0
"RT @sunny_hundal: This is what a spine looks like Theresa May.

Merkel reads out statement condemning Trump's ban before press confer https://t.co/bSdMGQxrEh",0
"RT @mashable: Alec Baldwin's Trump is back on 'SNL': 'Prepare to go to war'

https://t.co/tHS10xz46Y",0
RT @FactorsTalcott: TRUMP should cut federal funds to the Sanctuary Cities?,1
"RT @RobPulseNews: The moment Trump lawyer tells judge Robart of travel ban: ""We actually don't think you're supposed to look at wheth https://t.co/6ZVmXeUsM0",0
"RT @IndiaExplained: Poor Kanchan Gupta. When Trump doesn't even name Jews in the Jewish Holocaust, fat chance he will recognize the Hindu Holocaust",0
RT @UPROXX: Melissa McCarthy's Sean Spicer is even better than Alec Baldwin's Donald Trump on #SNL https://t.co/J6ZyqkwZkT https://t.co/MfQVbW87dS,1
"RT @GeorgeTakei: If Trump signs this, prepare for an #AmericanSpring the likes of which the nation has never seen. https://t.co/oiRv6Gl1To #Resist",1
@peter_wehner Where is outrage from the #Dems  when our Judiciary system is attacked  or when Trump suggests Normal 4 Russia 2 murder oppos.,0
"RT @eljon_williams: @GOPLeader Trump agreed with a murderer like Putin saying America is not innocent. If this was Obama, this would be an Outcry by the GOP!",0
"RT @Zanting: #LAPD pushes &amp; removes peaceful pro-Trump supporter Baked Alaska (@bakedalaska) from #LAXProtest, falsely accuses h https://t.co/B6Kg4rLRdT",0
RT @The_Trump_Train: EVERYONE TWEET USING #TrumpWins4USA! President Trump has done more in two weeks than Obama did in 8 years! #TwitterRally #MAGA,0
"RT @AltStateDpt: If Melania Trump stays at Trump Tower through a 4yr term, it will cost taxpayers approx. $1.4B. Is this what populist Trump voters wanted?",0
"RT @MaximEristavi: Ukraine's #Avdiivka is microcosm, case study of the kind of chaos Trump's administration already brings to the worl https://t.co/x7Hc4xD1ZM",0
RT @LouDobbs: Bureaucrats Attempting to Sabotage Trump with Leaks https://t.co/CGoZrCrx3I via @BreitbartNews #MAGA @POTUS #TrumpTrain #AmericaFirst #Dobbs,0
RT @TrumpSuperPAC: President Trump's job is to protect we the people. The judiciary has no authority to stop the President's duty! We https://t.co/ousn1G7mXu,1
Texas Man BEATEN in Public For Pulling Out 'Trump' Cigarette Lighter https://t.co/jxBGxvEF9D via @usheraldnews,0
President trump is doing everything he needs to do to fight the enemy to much corruption with politicians and judges. He will win https://t.co/RHJi1Bf30q,0
RT @mcspocky: Dems Tell Trump: Disclose Mar-A-Lago Guests To Dispel 'Pay-To-Play' Charges https://t.co/kr7g5qPi2Y https://t.co/iISE6ZPwlD,0
"RT @Yair_Rosenberg: Trump keeps bringing out America's greatness, just not in the way he intends https://t.co/6aDtnfqk6x",1
"RT @ebonstorm: At $400,000 a day, it'll cost the nation $548,000,000 to keep Melania Trump in New York City for four years. https://t.co/U7ImUMeTSQ",1
Poor #SeanSpicer I bet Mara Lago is no fun after #SNL @melissamccarthy skit. Bet Trump is raging on him! https://t.co/zh6G3o2Gr2,0
"RT @Tennessean: Sorry, Donald Trump, you're no Andrew Jackson https://t.co/4CxhypWmLG",0
"RT @ianbremmer: If Trump supports Ukrainian territorial integrity, he didn't mention it to President Poroshenko. ?",1
RT @nytimes: Stage is set for showdown over Trump's authority to tighten borders in the name of protecting U.S. from terrorism https://t.co/b945i9yjhb,1
"Chill, America. Not every Trump outrage is outrageous. https://t.co/nhQkxFzwgZ",0
RT @IngrahamAngle: Everything Trump does will be challenged in fed courts. Better get #Gorsuch confirmed fast. https://t.co/zqsGxZEkrQ,1
"Gerry Adams has a Trumpesque attitude to power and truth @GerryAdamsSF Remember IRA murdered civilian workers for ""collaboration""? https://t.co/PhAg3Zit7U",0
@LaurieStenger10 I'm in Thailand and the talk of the news is still Trump #noescape https://t.co/5IcMgDWTMH,1
"RT @NastyWoman20: ""There's a 1 in 3.64 BILLION chance of you being killed by a refugee""



Trump supporters: https://t.co/qeaIG4ZWh2",0
RT @RVAwonk: Trump twitter meltdown to commence shortly. https://t.co/ye0WHlkYTw,0
"RT @Impeach_D_Trump: Mr. Trump, There's 3 Branches of Gov't. They act as checks &amp; balances when the President goes mad. Threatening the https://t.co/WbGcPRoOBp",0
"RT @markmobility: Monthly cost of:

Guarding Trump Tower: $30 million

Section 8 for all 15,856 homeless NYC families: $28 million",0
"RT @thehill: WATCH: Trump and Bannon as Grim Reaper go to war with foreign leaders on SNL

https://t.co/Z7MeikBTzh https://t.co/vtCsLEMJ0h",0
RT @JanKay_: Paul Grange - fined £600 + costs for 'displaying abusive writing likely to cause distress'. People abusing Trump/Ma https://t.co/z9yCjQ9uEJ,0
"RT @markmobility: Monthly cost of:

Guarding Trump Tower: $30 million

Section 8 for all 15,856 homeless NYC families: $28 million",0
"RT @chicagotribune: Donald Trump Jr. stumbled making his mark outside the Trump Organization, leaving behind lawsuits, unpaid taxes. https://t.co/cT2XACimcZ",0
RT @IngrahamAngle: Everything Trump does will be challenged in fed courts. Better get #Gorsuch confirmed fast. https://t.co/zqsGxZEkrQ,1
RT @DKMatai: #London #Protest against #Trump #TravelBan &amp; #StateVisit to #UK gathers Momentum as 1.83 million Sign #Petition! https://t.co/GgosNTfLCm,0
"RT @USEmbassyKyiv: PRESIDENT TRUMP: ""We will work with #Ukraine, #Russia, &amp; all other parties involved to help them restore peace alon https://t.co/7pZ5RypMh3",1
RT @realDailyWire: Snowflakes At Washington College Sniffle 'Racism' Seeing Pictures Of Trump https://t.co/J9eS6nnGot https://t.co/34iJTSvz7Q,0
RT @Impeach_D_Trump: American's Have a New Way to Salute Donald Trump https://t.co/mCnI5KY48x,1
RT @BlissTabitha: Errors From The Press Are Piling Up In The Opening Weeks Of The Trump Administration https://t.co/9a8q1PhmR3,0
RT @Evan_McMullin: President Trump's suggestion that constitutional checks on executive power are new or arbitrary contributes to thei https://t.co/dyTEHsu27Y,1
RT @AllenWest: Anti-Trump protesters planning MASSIVE nationwide action to...https://t.co/6i9uSE9iEB https://t.co/l0dfj4B74e,0
RT @MassoudMaalouf: Meet the Bush-nominated federal judge who halted Trumps executive order - The Washington Post https://t.co/9iEt20G9nd,0
A protestor in Berlin holding a sign during a demonstration opposing President Trump travel ban https://t.co/sQzgFtkoLa,0
"It's the best weather, not second, and it is great, it really is. #Foksuk #trump https://t.co/S8afIzAV89",1
RT @ScottErnst0331: All of the academics collecting a government paycheck while engaging in seditious anarchy should be FIRED!  #Trump #MAGA #GOP,0
"RT @alyssabereznak: yep, theres ivanka trump just casually sitting in on trump's economic advisory council meeting https://t.co/qLh5VDpEq9",1
"https://t.co/MSGqkTzzz1 ""Apparantly Trump is Anti-American because he said to O'Reilly that the US has done terrible things in the past. T",0
"Trump Cabinet pick paid by 'cult-like' Iranian exile group, by jongambrellAP  https://t.co/72X0iT8CmS",0
RT @EricLiptonNYT: Covers of The Economist &amp; Der Spiegel. Opinion in Europe re Trump seems reasonably clear. https://t.co/5RIUC8JfrL,1
"RT @brithume: This is a terrific piece by @RadioFreeTom --&gt; Chill, America. Not every Trump outrage is outrageous. https://t.co/3HnG2VLoIq",0
"RT @NPR: The ""thousands of illegal immigrants"" from Australia that Trump referenced are actually about 1,250 asylum seekers.  https://t.co/xHurOHTPjn",0
Thought how Americans can select Trump as President.. Now our situation as https://t.co/jqE874esjs,0
"Trump, you looser, counting down days until you are fired!@realDonaldTrump@hillary",0
RT @MaryWestFashion: God handpicked Trump for America ! God Bless Him and keep praying for him. Twitter Prayers at Super Bowl Halftime t https://t.co/tM3NZeqO96,1
SNL ratings are going through the roof. BEST SHOW EVER! @realDonaldTrump ratings in the toilet! Hahahaha https://t.co/jChVUJSVL5,1
"RT @Prime_Politics_: MORE: Trump Loses Bid to Restart Travel Ban While Court Hears Appeals



READ: https://t.co/lHs0X32QXa



#tcot #P2",0
RT @Impeach_D_Trump: Please Follow us on FACEBOOK for all the latest on our Illegitimate President Trump -  https://t.co/sjFtlwYstt,1
Why Donald Trump when you can Trump Donald? https://t.co/hMp5yGsUvX  https://t.co/dE6gaUC1ki #TrumpDonald,0
RT @ABC: Neiman Marcus now joins Nordstrom in no longer selling Ivanka Trump-branded merchandise https://t.co/l7LVNpxtYe https://t.co/6udsDtECDj,0
"RT @ddale8: Obscure websites published a fake story that Kuwait was copying Trump's ban. The president Facebooked it, got 67,00 https://t.co/JXXgrVQAOL",0
"RT @Daudoo: ""No one is above the law - not even the president"" | Federal judge blocks Donald Trump's immigration ban https://t.co/sfCiGqt9Ml",0
"RT @ByValerio: #Criticism of #Putin Russia, and #Europe open the borders to Islamic #Terrorism

@wsj @FoxNews @nytimes @cnn #Trump https://t.co/E5pRJqnisY",0
@Bumpinx2 @smity904 Trump wasn't in office last year,0
"RT @adambanksdotcom: BBC version of step 5 is to lead with ""Trump disputes [fact]"" rather than ""Trump caught lying,"" and yes, same for B https://t.co/i5HSRUkF8h",0
RT @ianmodmoore: My real fear with Trump is that the CIA will go after him. They tried that with Castro and he lived longer than a Galapagos Tortoise.,0
RT @villskid: no Joke - DJT is #unfit #impeachTrumpnow #DworkinReport #TheResistance https://t.co/eSU7BePPGG,0
"@LightningShade0 from 5m peaceful women marchers to a few dozen anti-Milo protesters, anyone opposed to Trump is their enemy",0
"RT @NickCohen4: ""Trump, modern fascism, and how to fight back"" - long read from me in the Observer

https://t.co/TZr0NiHJDI",0
RT @crampell: Is Trump right that banks cant lend?  Business loans made by banks as share of GDP at highest level in 50 yrs https://t.co/RjEK2GLTY8,1
RT @RNRKentucky: Nearly 60% of voters now approve of Trump https://t.co/avyR4MGgUt #RedNationRising,1
RT @immigrant4trump: NEW VIDEO: Senator Chuck Schumer in 2015 said a Refugee Pause May Be Necessary #Maga #trump https://t.co/vUQKo5sV76,1
"And explains the differences associated with the first amendment.

For those of us who supported Trump, we spent 8 years waiting to vote https://t.co/DE6NsYAY1C",0
"RT @nytimes: Trump says he has walked away from the day-to-day of his empire, but records show how close he remains to it https://t.co/oYuvMupTxK",0
"RT @AP: Trump Cabinet pick paid by 'cult-like' Iranian exile group, by @jongambrellAP  https://t.co/hhyDDtWjIz",0
RT @souamesfarah: Gotta be today's best cartoon #Trump #travelban #Democracy #Constitution https://t.co/uQuRfJ1ORb,1
"Trump's First Two Weeks in Office Have Not Gone Well, Mainly Because of Self-Inflicted Wounds - February... https://t.co/dP3Ckxj6E2",1
"RT @JudicialWatch: DHS IG Let Obama Defy Court Rulings Against Illegal Amnesty Acts, BUT Now Probes Trump Muslim Order https://t.co/PtYlVKCamI",0
"RT @AP: Trump Cabinet pick paid by 'cult-like' Iranian exile group, by @jongambrellAP  https://t.co/hhyDDtWjIz",0
RT @ChannelNewsAsia: Kuwait denies it imposed travel ban praised by Trump https://t.co/wfxEdH6tYQ,0
"RT @funder: Trump defends Putin



#DworkinReport #resistance #TrumpRussia #resist #theresistance #muslimban #amjoy #nobannowall https://t.co/R4QnGZhuUE",0
RT @BBCWorld: Trump bid to reinstate travel ban fails https://t.co/E6r5dH2IO3,0
RT @scarylawyerguy: Former COO of Goldman standing over Trump's left shoulder as he signed EO weakening Dodd-Frank is about as big a fu https://t.co/HeETmj0F06,0
"RT @funder: .Exhibit 8:Trump fam eyed expansion in Russian market '08



#DworkinReport #resistance #TrumpRussia #resist https://t.co/r1FJmm3WZ9",0
RT @MajestyJames1: Frederick Douglass vs. the  First Donald Trump https://t.co/va8K3ZIq4g via @HuffPostPol,0
"RT @SenSanders: Trump has to learn the very important truth stated by Washington AG Bob Ferguson: ""No one is above the law, not eve https://t.co/XvSnHY2N9g",1
New reports confirm Trumps plan to disentangle from his business is a farce by @kileykroh https://t.co/Wr1JpE2iQM,0
RT @gagadaily: Here's why #LadyGaga won't be mentioning @realDonaldTrump during her #SuperBowl #PepsiHalftime show performance: https://t.co/be0Flt9DJa,1
RT @ScottErnst0331: Her team did not make the #Superbowl and her candidate did not win the election.  #Trump #MAGA #GOP https://t.co/5piNrudFqW,1
"RT @DavidCornDC: Hey everyone, there's still plenty of time for Trump to ruin Super Bowl Sunday with tweets.",0
RT @donnabrazile: Sunday reading: This Is How Steve Bannon (Trump's ideologist) Sees The Entire World https://t.co/bwXj3B2ZRP via @jlfeder,1
Trump Cabinet pick paid by 'cult-like' Iranian exile group https://t.co/dMZUBSRYjL,0
"RT @NickCohen4: ""Trump, modern fascism, and how to fight back"" - long read from me in the Observer

https://t.co/TZr0NiHJDI",0
RT @Impeach_D_Trump: Massive Protests In London Today Demanding the UK Withdraw Invite to Trump for Visit... https://t.co/RJEq0dztdc,0
OReilly: Liberal Sports Media Turned Trump-Brady Friendship Into Controversy #TCOT #WakeUpAmerica https://t.co/CpJkSqMU7r,0
"RT @ebonstorm: At $400,000 a day, it'll cost the nation $548,000,000 to keep Melania Trump in New York City for four years. https://t.co/U7ImUMeTSQ",1
"RT @jeremyscahill: Takeaway from Trump is not that he is wrong about US engaging in mass killing. It is that he likes it and views it as acceptable, preferable",1
"RT @StollmeyerEU: 2/3 of Britons believe #Trump is 'threat to international stability'.



#TheresaTheAppeaser #MuslimBanprotest



https://t.co/9jOWBCDSUz",0
"Oh when is the Trump nightmare going to end please make it stop can't we go back to Utopia.. Protest!

@frankieboyle

https://t.co/Ovb5fEhVvE",0
RT @Carter_PE: Thanks to 9th Circuit Court of Appeals staff for creating webpage w/filings &amp; orders in Wash./Minn. v. Trump https://t.co/BVrFLDgqjY,1
RT @Newsweek: A 9/11 survivor cheers the suspension of Trump's immigration ban | Opinion https://t.co/DKgVn7oMpw https://t.co/l7za3pymcV,1
RT @Reuters: Kuwait denies it imposed travel ban praised by Trump https://t.co/mvuwFBjfx0 https://t.co/p2MgW0eRdH,0
"RT @funder: .Exhibit 5:Gorbachev asks Trump to build Russian hotel '87



#DworkinReport #resistance #TrumpRussia #resist https://t.co/my1lRqFp6d",0
"RT @BraddJaffy: O'Reilly: Putins a killer.



Trump: ...weve got a lot of killers. What do you thinkour countrys so innocent? https://t.co/OVR4XBJq1b",0
"RT @Carter_PE: ""An Explainer on US Legal Obligation Not to Return Refugees &amp; How Trumps Order Breaks It"" via @just_security https://t.co/Ob982D4iTM",0
RT @souamesfarah: Gotta be today's best cartoon #Trump #travelban #Democracy #Constitution https://t.co/uQuRfJ1ORb,1
RT @LizaMayfield: @MrJamesMay beer is better than Trump,1
"RT @JustinWolfers: Amazing diversity as Trump's senior staff is sworn in: White men of many heights, tie colors https://t.co/bE61gSQ81B https://t.co/Gv3KFUm1HC",1
"RT @DavidAFrench: You won't see many conservatives defend Trump's Russia comment. They'll be silent, but they'll know they'd race to Fox to condemn a Dem.",0
RT @justinhendrix: Want to get rid of Bannon? Emphasize over and over again that Trump is his puppet. Then let Trump's narcissism do the rest.,0
RT @DrGrumble: Victoria Cross recipient 'humiliated' by Trump's 'Muslim ban' https://t.co/TtrAFQGYzO,0
Court Denies Trump Request to Immediately Restore Travel Ban https://t.co/kQzNaaaG3A https://t.co/fxq1ZCqTnO,0
"RT @wikileaks: Trump on US government last night: O'Reilly: ""Putin's a killer"" Trump: ""There are a lot of killers. You think our country is so innocent?""",0
"RT @nytimes: Trump says he has walked away from the day-to-day of his empire, but records show how close he remains to it https://t.co/oYuvMupTxK",0
RT @w_fightback: Retweet if you want Congress to appoint a Special Prosecutor to investigate Trump's ties to Putin . https://t.co/AFKaViuoMG,1
RT @riotwomennn: Breaking news: 9th Cir Ct of Appeals rejects Trump request to immediately restore Muslim ban. Tweets expected soon https://t.co/iKSewaufbN,0
"RT @queennn94: Kristen Stewart taking down Donald Trump and the homophobes at one go.



She has saved 2017. Play this at my funeral. https://t.co/ywlzO18FaT",0
RT @crampell: Is Trump right that banks cant lend?  Business loans made by banks as share of GDP at highest level in 50 yrs https://t.co/RjEK2GLTY8,1
RT @HAGOODMANAUTHOR: People fail to understand half the country LOVES what Trump is doing. So the media frenzy and Hitler analogies will NOT work in 2018 or 2020,0
"RT @Yair_Rosenberg: Trump keeps bringing out America's greatness, just not in the way he intends https://t.co/6aDtnfqk6x",1
"RT @DavidAFrench: You won't see many conservatives defend Trump's Russia comment. They'll be silent, but they'll know they'd race to Fox to condemn a Dem.",0
@WalterIsaacson Sitzpinklers like Isaacson whined for years about Bush killing 1000s in Iraq. Trump says we killed people. Libs throw fit.,0
RT @occdissent: President Trump is doing a great job!,1
"RT @rickjames405: There no way Trump can dislike SNL more than he already does.



Kristen Stewart: hold my beer.



#SNL",0
"RT @paulkrugman: If Trump can call Robart a ""so-called"" judge, can we call him -- with infinitely better justification -- a ""so-called"" president?",1
RT @POLSMiami: The Latest: Travelers under Trump ban head to US via Beirut: The Latest on the reaction to U.S. President Donald https://t.co/0HfwBSc0ww,0
"RT @ddale8: Donald Trump Jr. faved a tweet about how Donald Sr. would get a political boost from Quebec killer ""being Muslim"": https://t.co/rsYpVWhngk",0
@AnnCoulter so what do you have to say when trump calls USA a killer to defend Putin. You see that as normal too. Wonder how far he will go,0
"RT @ABC: Melissa McCarthy skewers Sean Spicer, Alec Baldwin reprises Trump role, Bannon portrayed as Grim Reaper on ""SNL"" https://t.co/3wlkqE4b8W",0
Trump really need study this map. https://t.co/roTuxvr6fr,1
RT @voxdotcom: Trump's immigration ban is having a broad negative effect on the security partnerships the US depends on in the Mid https://t.co/UwNVIS5HGN,0
"RT @FiveRights: Opposing Trump's travel ban is tantamount to saying you want more terrorism in USA, but Left is too hateful of Trump to think rationally.",0
"Real Patriots would like to thank ""Donald Trump Stuff"" for the follow! Keeping America Safe.",1
Court denies Justice Departments request to immediately reinstate Trump travel ban https://t.co/Xb88C7QhTl via @WSJ,1
RT @LouDobbs: Bureaucrats Attempting to Sabotage Trump with Leaks https://t.co/CGoZrCrx3I via @BreitbartNews #MAGA @POTUS #TrumpTrain #AmericaFirst #Dobbs,0
"RT @Yair_Rosenberg: Trump keeps bringing out America's greatness, just not in the way he intends https://t.co/6aDtnfqk6x",1
"RT @Impeach_D_Trump: Mr. Trump, I thought we Were ""Going to be Sick Of Winning"".  You lost the popular vote and now lost to the court TW https://t.co/OzsYT8BQVw",0
"RT @TimDynevor: @piersmorgan more disgusting than Trump's racism, his muslim ban, his policies that enrich his billionaire friends, his sex attacks? #think",0
"RT @markmobility: Monthly cost of:

Guarding Trump Tower: $30 million

Section 8 for all 15,856 homeless NYC families: $28 million",0
RT @Trump4Hope: I'm a proud Trump girl<U+203C><U+FE0F>??? https://t.co/43z18m0sof,1
@Dora_kula @ZiOrim @FoxNews the majority of the UK support the Trump visit,1
"I wonder if that's why people are so afraid of Trump, he shows the cracks in the system that have always been there. He's cold hard reality.",0
RT @BFurdyna: Trump's foreign entanglements are of grave concern and warrant investigation. @SenJohnMcCain #DworkinReport https://t.co/KO9dYLSI09,0
@SpeakerRyan @seanspicer @KellyannePolls Trump says we are killers like Putin. Where's the outrage/denial? You all afraid of Bannon? #Losers,0
"RT @vivelafra: @DanScavino @realDonaldTrump

FRONT PAGE: ""TRUMP WINS IN LANDSLIDE""

New York Times - November 9, 2016

#Trump2016 https://t.co/oAWlHoIM8E",1
RT @JSavoly: SNL Just Shredded Traitor Trump's Press Secretary Sean Spicer #NotMyPresident #TheResistance ?? https://t.co/aH4Q3B0s8X,0
"RT @dostres2324: Trump should really be worried; having the whole world hating you is one thing, Eminem is an entirely different thing.",0
"RT @immigrant4trump: Hey Liberals look in the mirror, you are guaranteeing GOP rule for the next 8 years #Maga #Trump https://t.co/yVoxpcwQ3K",0
RT @AnsarAAbbasi: For #Trump #Obama #Bush ..... of this world. #US https://t.co/IrIzXPEm1f,0
RT @Adolfhibsta: Trump transferring Billions from white retirees to Wall Street while I converted my 401k to IRA to hold cash position for the next 4 years &gt;,1
"RT @washingtonpost: Canadian scientists were followed, threatened and censored. They warn that Trump could do the same. https://t.co/MpGW9d7YQv",0
"If Donald Trump somehow got Mexico to build the wall, he would spin it that the Mexicans are taking American jobs and that the Mexicans",0
RT @MaggieJordanACN: Trump suffers another loss. A Federal Appeals Court Rejects Request to Immediately Restore His #MuslimBan https://t.co/aYplVzSElP,0
"@JoyAnnReid trump and co conveniently forget about those ""illegal"" immigrants... ?",0
RT @thehill: Appeals court rejects Trump request to restore immigration ban https://t.co/MZcqrosQTU https://t.co/062UgE8ISJ,0
RT @CanProveIt: First Clip Of O'Reilly's Interview: Trump Praises Putin While Sh*tting On America https://t.co/PDCjsUVZsG,1
"RT @nytimes: S.N.L. Goes After Trump Again, With Melissa McCarthy as Sean Spicer https://t.co/VOLvsHIWgn",0
RT @France4Hillary: BREAKING: A federal appeals court early Sunday rejected a request by the Justice Department to restore Trumps #MuslimBan! Another defeat!,0
RT @BBCWorld: Trump defends Putin over Russia killings allegations https://t.co/UvIAoFUS6n,0
RT @Carter_PE: Thanks to 9th Circuit Court of Appeals staff for creating webpage w/filings &amp; orders in Wash./Minn. v. Trump https://t.co/BVrFLDgqjY,1
Alec Baldwin's Trump is back on 'SNL': 'Prepare to go to war' https://t.co/wtzHGU9REn,0
RT @politico: A collection of leaders from Silicon Valley are quietly plotting a progressive counterattack against Trump https://t.co/vSjvdAnDXg,0
RT @activist360: The Trump brand now synonymous with the Nazi swastika: @Nordstrom drops Ivanka Trump because no one was buying it https://t.co/gwyO2KSMnK,0
Alec Baldwin's Trump is back on 'SNL': 'Prepare to go to war' https://t.co/HmNaWOoOi8,0
"Shocking outcome of Trump's stupidity.

Victoria Cross recipient Johnson Beharry 'humiliated' by Trump's 'Muslim ban' https://t.co/XAAJdWfveQ",0
RT @thehill: BREAKING: Appeals court rejects Trump administrations request to restore travel ban https://t.co/Psu7TqudOl https://t.co/LmDCwS896q,0
@realDonaldTrump - Not the 1st President to think he's ABOVE the law. But Nixon learned to his disgrace that's is not possible in the USA!! https://t.co/hJOkUocu3u,0
"RT @TeaPainUSA: Killers?  Trump has now attacked the integrity of America to defend Vladimir Putin. Brothers and sisters, this aggression will not stand!",0
RT @TheRevAl: Liz Plank and Jamal Simmons join me on #PoliticsNation to discuss the Democrats uphill battle against Donald Trump' https://t.co/yu2GfBZafY,0
"RT @jonfavs: Focus on this, every day. We win the House, we can hold Trump accountable. https://t.co/8TamdaAiTP",1
"RT @RawStory: 'Australia sucks, prepare to go to war': Alec Baldwin returns to SNL as Trump botching world leader calls https://t.co/fkvOIVuwIi",0
RT @DabAggin: Shoutout to all the Trump fans who are never sure when it's *you're* vs. *your* but who are now suddenly constitutional law scholars.,1
"RT @ChrisHewitt: I think we can officially say aliens don't exist. Because if they did,  Trump would have blurted it right out on Twitter the second he knew.",1
"RT @jonfavs: Focus on this, every day. We win the House, we can hold Trump accountable. https://t.co/8TamdaAiTP",1
Can't wait for the Spanish version. Who dares? Germany Is Trolling Donald Trump With The Most HYSTERICAL VIDEO EVER https://t.co/tZSGgkW97A,0
"RT @elisabethLDN: AP: The U.S. appeals court has denied Donald Trump's request to immediately reinstate his travel ban.



Meanwhile at https://t.co/SKxkTj8KXX",0
@realDonaldTrump YOU PEOPLE STUCK IN TWIN TOWER BOMBING COUNTRY GO BITCH AT THE PEOPLE WHO DID THIS TO US AND GET OFF OF MR TRUMP BACK,0
RT @aljwhite: Look forward to Trump having a shitfit over Kristen Stewart in a few hours https://t.co/PYy8tsM14y,1
RT @hrkbenowen: Department Of Justice Is Headed To Court To Defend the Trump Executive Order https://t.co/E7yWHUgJfM,1
RT @washingtonpost: Meet the Bush-appointed federal judge who halted Trump's executive order https://t.co/cGqiK2Ii4p,0
RT @StephenKing: Trump's tweets are both malevolent and excruciatingly dumb. He comes off sounding lie a pro wrestling bad guy from 1965.,0
"RT @docdhj: Globalists are toast! ""Davos Man Is Dead"" - Trump's EU Ambassador Slams Out Of Touch Elites | Zero Hedge https://t.co/mDWj8xluIs @lrihendry",0
RT @FrancisDMillet: 2/3rds of Britons believe #DonaldTrump is 'threat to international stability' 50%+ believe he is untrustworthy. https://t.co/B69WYp4z9Z,0
RT @DannyPKC: This is great! #NoBanNoWall #MuslimBan #Trump https://t.co/45OcbK33MI,1
"RT @DLin71: OBAMA: America is imperfect

GOP: TREASON



TRUMP: America is like a murderous thug

GOP: Shield your eyes in the presence of this patriot",0
"RT @grahamfarmelo: President Trump vs. American justice, for the moment at least: https://t.co/Zg5KSOdSsp",1
RT @jack_welch: CNN this morning wringing hands over Trump deficit proposals...Where were they when Obama was adding 10 trillion??,0
"RT @burgessev: With judge attack, Schumer says ""President Trump raises the bar even higher for Judge Gorsuch's nomination to serve on the Supreme Court""",1
"RT @funder: ""No one is above the law, not even the president."" WA Atty Gen Bob Ferguson



#resist #theresistance #impeachtrump

https://t.co/wHFll4nBwK",0
"RT @Kasparov63: Disgusting. There is nothing Trump won't do to praise Putin, comparing the US to a dictator of 17 years who murders https://t.co/pCBJolVqPz",0
RT @strummerriot: London police escorting protesters marching from the US Embassy to Downing Street. Thank you trump for uniting the https://t.co/4vngKnGh6r,0
I liked a @YouTube video https://t.co/eVa6QRN9X5 China's Top Billionaire explains what's wrong with Donald Trump's Populist rhetoric,0
RT @jack_welch: CNN this morning wringing hands over Trump deficit proposals...Where were they when Obama was adding 10 trillion??,0
RT @RONTHINKblog: Appeals court denies Trump request to immediately restore travel ban https://t.co/ZdxrCvMXLa via @usatoday,0
"RT @nytimes: Trump says he has walked away from the day-to-day of his empire, but records show how close he remains to it https://t.co/oYuvMupTxK",0
"RT @cyclingkev: School Teachers Against Trump

""We are history teachers, we know how this ends."" https://t.co/r6AH5yy3Rz",0
RT @aljwhite: Look forward to Trump having a shitfit over Kristen Stewart in a few hours https://t.co/PYy8tsM14y,1
"RT @KobyltRadioTV: Today's Show @deborahkobylt, John Eastman on Trump, David Hernandez on SAG &amp; Kitty Wallace on UBH. https://t.co/tklMlE4Zj0",0
"RT @Randombeard: @DominicFarrell @TheHirstComment

Trump = Build wall &amp; Mexicans will pay

France = Build wall &amp; UK will pay

Latvia = Build wall &amp; EU will pay",0
"RT @brianstelter: O'Reilly on his sit-down with Trump: ""I would say it's the most important interview of my life"" https://t.co/ZEKjenIlTf",0
"<U+26A1><U+FE0F> President Trump's bid to reinstate travel ban rejected by court



https://t.co/tOl9UrMvDC",0
RT @StephenKing: Trump's tweets are both malevolent and excruciatingly dumb. He comes off sounding lie a pro wrestling bad guy from 1965.,0
I liked a @YouTube video https://t.co/EkT5gfbUlM China's Top Billionaire explains what's wrong with Donald Trump's Populist rhetoric,0
"RT @RickElamArtist: Trump Twitter Rally today Feb 5th #Pray4DJT during

 #boycottSuperbowl

#liberalsuperbowl

#HalfTimeShow https://t.co/F2AyKn29Zx",0
"RT @buster: @jack: I support banning @realdonaldtrump from Twitter, for the reasons described in this thread. #doitjack https://t.co/wQEAG53LKk",0
"RT @PrisonPlanet: Turns out that you can't use Twitter to threaten Trump supporter's children, violence &amp; doxxing. This account final https://t.co/rgipGho3m9",0
"RT @RVAwonk: Just so we're clear, Trump has now tried to delegitimize:

-The press

-Scientists

-Intel community

-Election results

-The judiciary branch",1
"RT @yinkanubi: ""You think our country's so innocent"" - Trump on Putin.

The Republicans killed Obama for his Apology Tour. Wonder what they'll say abt this",1
"RT @funder: .Exhibit 5:Gorbachev asks Trump to build Russian hotel '87



#DworkinReport #resistance #TrumpRussia #resist https://t.co/my1lRqFp6d",0
"RT @NaYaKnoMi: to donald ""feces-in-chief"" trump: na na naaa na, na na naaa na, hey hey hey, good bye. #ArrestTrump #TreasonousTrump make #resistance a verb",1
"RT @dumptrump33: Bullshit @realDonaldTrump

If you thought the Women's March was bad, wait until you see the millions of retirees tha https://t.co/AoUdjzu28e",0
"RT @MMFlint: Thank you, So-Called President Trump! I've been struggling for 2 weeks over what to call you, and your tweet here g https://t.co/ZLpZLlnHV8",0
RT @aljwhite: Look forward to Trump having a shitfit over Kristen Stewart in a few hours https://t.co/PYy8tsM14y,1
RT @USATODAY: #BREAKING 9th Circuit Court of Appeals denies Trump request to immediately restore travel ban https://t.co/inTvFpSEDM,0
Court rejects Trumps bid to immediately restore travel ban https://t.co/nljwPxLeNw,0
Court Rejects Trump Bid to Quickly Restore Travel Ban https://t.co/uRP8qPCzkj,0
RT @Reuters: Kuwait denies it imposed travel ban praised by Trump https://t.co/mvuwFBjfx0 https://t.co/p2MgW0eRdH,0
"RT @TeaPainUSA: Killers?  Trump has now attacked the integrity of America to defend Vladimir Putin. Brothers and sisters, this aggression will not stand!",0
RT @ErickFernandez: I look forward to the Donald Trump tweet about this. #SNL https://t.co/xIMuxKMrxV,1
"RT @Salon: If Trump really wants to speak for forgotten Americans, he'd travel to the Mississippi Delta and rural Black Belt https://t.co/GJ5DAtRXtd",0
RT @ARnews1936: Starbucks CEO Attacks Trump And Stocks Nosedive After Boycotts Ensue (TWEETS) https://t.co/3O7ViKJVD7 #arnews1936 #feedly,0
RT @SkyNews: Super Bowl: Trump protesters and Lady Gaga prepare for Houston spectacle https://t.co/BYe4n1rqyW,1
RT @FlowersPrxncess: Kristen speaking to Trump on SNL ? a fucking legend https://t.co/b4BCEXG7Ul,0
"RT @ABC: Melissa McCarthy skewers Sean Spicer, Alec Baldwin reprises Trump role, Bannon portrayed as Grim Reaper on ""SNL"" https://t.co/3wlkqE4b8W",0
"RT @SaveOurSoulsmag: TRUMP! TRUMP! TRUMP! TRUMP! TRUMP! TRUMP! TRUMP!



Now that we have your attention, check this out... https://t.co/ajmEBmiPIk",1
"RT @AJemaineClement: Hitler - failed painter

Trump - cancelled tv host

Bannon - failed documentary maker

Conway - failed stand-up



Support the arts and media",0
"RT @MMFlint: Thank you, So-Called President Trump! I've been struggling for 2 weeks over what to call you, and your tweet here g https://t.co/ZLpZLlnHV8",0
RT @zerohedge: Trump Administration Files Appeal Against Seattle Judge's Immigration Order Block https://t.co/3XdIMoVETE,1
Travelers rush to board U.S. flights while Trump ban blocked https://t.co/vqBPJBC60r via @ReutersThis Judge made a bad move!!!!!!!!!,0
Kuwait denies it imposed travel ban praised by Trump https://t.co/TY6VnlS3qS https://t.co/Z0ub2lQjLI,0
@gellibeenz :) yes ...I can assure you that we didn't forget that you helped us to get rid of #Hitler ! We will assist with #Trump #Bannon !,1
"RT @Freedland: Having helped Trump, he now wants to do his bit for Le Pen https://t.co/9eg9nknDXl",1
RT @AGOWA: Trump Administration's request for immediate administrative stay DENIED. https://t.co/R3tTRPyv3U,0
Trump already needs a vacation.... poor baby is running a country and following he law really that hard? #NotMyPresidentTrump,1
RT @artoopio: KRISTEN MOCKED DONALD TRUMP AND CAME OUT AS GAY IN SNL MONOLOGUE WHEN WILL YOUR FAVE https://t.co/1lj07smIld,0
RT @ezlusztig: False Equivalency alert. This assimilation of Trump to previous administrations is utter garbage. Don't believe a w https://t.co/AW8EtoJhpz,0
"RT @nytimes: S.N.L. Goes After Trump Again, With Melissa McCarthy as Sean Spicer https://t.co/VOLvsHIWgn",0
RT @WelshGasDoc: Donald Trump consoles himself following the Courts latest ruling against him https://t.co/UAo9eqSqeS,0
RT @thehill: BREAKING: Appeals court rejects Trump administrations request to restore travel ban https://t.co/Psu7TqudOl https://t.co/LmDCwS896q,0
"RT @ShuaibRehmaan: U-Turn



#Trump https://t.co/wZs5FWtGyL",0
Appeals court denies Trump request to immediately reinstate travel ban https://t.co/JUG9ouxqJ5 #LovePresidentTrump #KeepAmericaSafe,0
"RT @brianefallon: What patriotic American would say these things? Congress must keep digging into Trump and Russia. Something stinks

https://t.co/ocU2lRGrvT",0
"RT @MaxBoot: ""Mr Trump... will receive reports on any profit, or loss, on his company as a whole."" https://t.co/9zrkscrSUE",0
RT @WSJ: Fiscal hole will test Donald Trumps agenda https://t.co/1pAvDEpNqc,0
RT @crampell: Is Trump right that banks cant lend?  Business loans made by banks as share of GDP at highest level in 50 yrs https://t.co/RjEK2GLTY8,1
"RT @jeremyscahill: Takeaway from Trump is not that he is wrong about US engaging in mass killing. It is that he likes it and views it as acceptable, preferable",1
RT @washingtonpost: Meet the Bush-appointed federal judge who halted Trump's executive order https://t.co/cGqiK2Ii4p,0
RT @zwanheda: LGBT supporting Donald Trump is like Jews supporting Hitler https://t.co/9QWN1l40Gn,1
RT @CNN: A federal appeals court denied the US government's initial request to resume President Donald Trump's travel ban. https://t.co/4MDk9yuold,0
"RT @markmobility: Monthly cost of:

Guarding Trump Tower: $30 million

Section 8 for all 15,856 homeless NYC families: $28 million",0
#unacceptable: Trumps draft plan to cut off food stamps for immigrants could cause some U.S. citizens to go hungry https://t.co/HNuSJgWIfB,0
RT @AP: BREAKING: Appeals court denies Trump administration request to immediately reinstate ban on travelers and refugees.,0
"RT @mashable: Alec Baldwin's Trump is back on 'SNL': 'Prepare to go to war'

https://t.co/tHS10xz46Y",0
"RT @dhrxsol1234: Robbie Knievel wants to try to jump over 1,000 anti-Trump Protesters with a Caterpillar D-9 bulldozer #tcot ??? https://t.co/8ilBowDGYX",0
"RT @HuffingtonPost: Veterans vs. Trump: Pipeline will never be completed, warriors vow https://t.co/xhKOUxRmwt https://t.co/y2YZt6dRDK",1
"@steve_hanke @WSJ Trump is reducing the cost of overall policy reform, why can't you be more generous?",1
RT @SPIEGEL_English: Trump as Nero: Europe Must Defend Itself Against America's Dangerous President https://t.co/c20DhUgiQF https://t.co/8h8Wz3LAQ8,0
"RT @RyanLizza: Imagine if a federal judge called Trump the ""so-called president""? https://t.co/IWCJYZC0oZ",0
RT @vivelafra: Murder by Islam: 3 Stories.  #BanSharia #Trump https://t.co/nz9jbUS5uh,0
"Trump Cabinet pick paid by 'cult-like' Iranian exile group, by jongambrellAP  https://t.co/T0eNvLYKWs",0
Trump bid to restore travel ban rejected #ftw #RESISTANCE #noban  https://t.co/Mno4rnUxGX,0
"RT @MMFlint: Thank you, So-Called President Trump! I've been struggling for 2 weeks over what to call you, and your tweet here g https://t.co/ZLpZLlnHV8",0
"RT @Impeach_D_Trump: Mr. Trump, I thought we Were ""Going to be Sick Of Winning"".  You lost the popular vote and now lost to the court TW https://t.co/OzsYT8BQVw",0
RT @noelogara: #Treason #Hillary #maga #msn #USA judge Robart  #GOP #FoxNews #cnn #msnbc #ABC #hannity #newyork #Trump https://t.co/YFCplPsMwe,0
"RT @TVLine: #SaturdayNightLive Video: Melissa McCarthy as Trump Press Sec. Sean Spicer Is Amazing, Period https://t.co/JKPr4DQOcn",1
"RT @tommyxtopher: Wow, so while US Navy SEAL was being killed in Yemen, Trump was trolling the NYT on Twitter, not in the Situation R https://t.co/0sr3yy7ybM",0
RT @MarketWatch: Donald Trump's 500+ potential conflicts of interest https://t.co/pb3cUbARgq  via @WSJ https://t.co/lJoqd9NNii,0
RT @UPROXX: Melissa McCarthy's Sean Spicer is even better than Alec Baldwin's Donald Trump on #SNL https://t.co/J6ZyqkwZkT https://t.co/MfQVbW87dS,1
RT @IFFConsulting: :) Trump Says He Heroically Avoided Capture in Vietnam by Staying in U.S. https://t.co/1iZfRbpTo6 via @BorowitzReport,0
"RT @SadlyCatless: #SNL is our hero rn. #KristenStewart to Donald Trump: ""...I'm gay, dude."" https://t.co/rSAasnXZT2",1
"RT @ParilloGary: @KeithOlbermann @Neversettle23 The Darkness Trump&amp;Crew R spreading,only makes the light shine brighter by contrast",1
RT @AG_Conservative: So you spent years yelling about Obama's apology tour but now defend Trump suggesting we are as bad as Putin's Russia? Trumpism corrupts.,0
RT @glendabelle_11: @CNNPolitics The people LOVE Trump's work so far-it is the Media and Liberals that are causing riots and disturbances! Trump- Winning!!!,1
RT @BeachCity55: Patriots Owner Opens Up About What President Trump Did for Him During 'Toughest Time in His Life' https://t.co/4f2fTYqZhc,1
"RT @AP: Trump Cabinet pick paid by 'cult-like' Iranian exile group, by @jongambrellAP  https://t.co/hhyDDtWjIz",0
"RT @mikandynothem: <U+2714> RETWEET<U+2714> if you are happy with President Trump and his Administration's performance so far!

Kicking butt and tak https://t.co/nCUmiIDAqu",1
RT @bayonnebernie: Not just 'bad hombres': Trump is targeting up to 8 million people for deportation https://t.co/EsS1QSpDjj,0
"RT @AynRandPaulRyan: O'Reilly: Putin is a killer.

Trump: There are a lot of killers. You think our country's so innocent?

Obama, probabl https://t.co/dX6VB0mtb1",0
RT @TrumpSuperPAC: President Trump's job is to protect we the people. The judiciary has no authority to stop the President's duty! We https://t.co/ousn1G7mXu,1
@TheView @JoyVBehar saw the episode with dr phill u n whoppi are vile humans n your show should be cancelled.Trump working hard  for America,0
On world stage: Trump Defends 'Killer' Putin in Pre-Super Bowl O'Reilly Interview #SuperBowlSunday https://t.co/VZ1OI4NEGG @thedailybeast,0
The Bush family still has not come to grips with a Trump win. The invalidated travel ban by a Seattle judge is a Bush appointee. Pay back?,0
"@piersmorgan - hole world's muslim is getting United now, this is call trump effect",1
"RT @DLin71: OBAMA: America is imperfect

GOP: TREASON



TRUMP: America is like a murderous thug

GOP: Shield your eyes in the presence of this patriot",0
How protesters plan to get under Trumps skin wherever he goes https://t.co/Fm12dXNwKM,0
RT @gagadaily: Here's why #LadyGaga won't be mentioning @realDonaldTrump during her #SuperBowl #PepsiHalftime show performance: https://t.co/be0Flt9DJa,1
"RT @brianstelter: &gt; @EdAtPost on Inside Politics: Trump ""continues to use the word 'illegals.' It is about as offensive as it gets""  https://t.co/BfmxwEgG9Q",0
"RT @GeorgeTakei: Fox's O'Reilly said to Trump, ""Putin's a killer."" Trump shrugged saying, ""You think our country is so innocent?"" Don't drink the tea, folks.",0
RT @washingtonpost: Meet the Bush-appointed federal judge who halted Trump's executive order https://t.co/cGqiK2Ii4p,0
"@PressSec YOU CAN GO FUCK YOUR SELF, YOU LYING SACK OF SHIT,, CROWD SIZE TRUMP LOST, POPULAR VOTE TRUMP LOST. GO SUCK HIS COCK YOU ASS HAT..",0
"RT @IngrahamAngle: Notice how @CNNPolitics uses word ""attack"" when @realDonaldTrump stands up for US taxpayer. https://t.co/zq3TevWIMq",0
@BigMouth1122 OMG I'm horrible because I said a bunch of people who were ok with Trump's racism also wouldn't vote for a Jewish man.,0
"RT @Lawrence: Who in Trump administration has biggest incentive to leak?

Pence?",0
"RT @MrJamesonNeat: Trump Sat: It's a ban



Spicer Sun: It's a ban



Trump Mon: It's a ban



Spicer Tues: IT'S NOT A BAN that's a media te https://t.co/8PNs1dG8v2",0
"@RogerRiga sounds more like ""unwoke but self aware"" (as much as Trump is capable of self awareness anyway)",1
"RT @NickKristof: My Sunday column: Post-Trump,  Canada may now be the country best reflecting the values of the Statue of Liberty https://t.co/GpOuenHUza",1
RT @Impeach_D_Trump: American's Have a New Way to Salute Donald Trump https://t.co/mCnI5KY48x,1
"RT @TomiLahren: If you hate Tom Brady and The Patriots because of the Trump connection, you might be one of those ""loving"" &amp; ""tolerant"" liberals.",1
@JudgeJeanine @Sheriff_Hodgson. I said from start to arrest the officials of the Sanctuary Cities. Trump must put his foot down b4 its 2late,1
RT @washingtonpost: Federal appeals court rejects request for immediate reinstatement of Trumps travel ban https://t.co/ux6yAvXg1B,0
RT @TomiLahren: Starting to catch on to this phenomenon: liberals think everyone hates Trump because liberals only talk to each other....,0
RT @artoopio: KRISTEN MOCKED DONALD TRUMP AND CAME OUT AS GAY IN SNL MONOLOGUE WHEN WILL YOUR FAVE https://t.co/1lj07smIld,0
"RT @crubeiz: Why is ""SNL goes after Trump again"" trending?  SNL has been doing political sketches  for the past 40 years and you're just noticing?",0
RT @gagadaily: Here's why #LadyGaga won't be mentioning @realDonaldTrump during her #SuperBowl #PepsiHalftime show performance: https://t.co/be0Flt9DJa,1
RT @Carter_PE: Thanks to 9th Circuit Court of Appeals staff for creating webpage w/filings &amp; orders in Wash./Minn. v. Trump https://t.co/BVrFLDgqjY,1
"President Donald Trump has brushed off a description of his Russian counterpart Vladimir Putin as a ""killer.""

https://t.co/wgKpcLEQ7V",0
"RT @PrisonPlanet: Turns out that you can't use Twitter to threaten Trump supporter's children, violence &amp; doxxing. This account final https://t.co/rgipGho3m9",0
RT @Peter_Wehner: If Obama/HRC slandered America like Trump does the right would go berserk. Yet because it's Trump many will go sotto voce. So revealing.,1
#Food #Recipes Drug bust reveals President Trump's face printed on he.. https://t.co/rgmPLS4dAu #LatestNews https://t.co/ejeXUm247F,1
@Ehmee Trump and the GOP believe in short term profit before long term protection.,1
RT @altusda: Was glad to see @HuffPostPol story noted the the head of Trump's USDA transition team's ties to puppy mills https://t.co/qKbd8C4qa7 #resist,1
RT @thehill: WATCH: GOP lawmaker escorted by police after meeting erupts into anti-Trump protest https://t.co/PZE2CTt3vU https://t.co/UCnIA1yhtb,0
RT @AdanNada6: Just a reminder that Trump has already cost taxpayers $14M in security for his NYC home. I never want to hear SHIT https://t.co/hZrPTCDHrP,0
"Trump defends Putin: ""You think our country's so innocent?"" Trump Respects Putin, Even If  https://t.co/lgy2Jw22JR https://t.co/VgMQBvSrTC",1
"RT @queennn94: Kristen Stewart taking down Donald Trump and the homophobes at one go.



She has saved 2017. Play this at my funeral. https://t.co/ywlzO18FaT",0
"RT @ezlusztig: Wow. This is what it's like for California Republicans in the Trump era. Get used to it, folks. It will only get wo https://t.co/ioa8wBzcFg",1
"RT @BraddJaffy: Dec. 18, 2015



@JoeNBC: Putin ""kills journalists that don't agree with him""



Trump: ""our country does plenty of kil https://t.co/5fZUliL1QP",0
"RT @NPR: BREAKING: Appeals court denies Trump admin. request for stay of injunction on immigration order, meaning the Trump order remains suspended.",0
RT @JayS2629: Middle School Student Attacked on Bus for Wearing Trump #MAGA Hat - Then Schools Suspends Him (VIDEO) https://t.co/WRbHg3pIf4,0
RT @ndtv: US Court Refuses To Immediately Restore Donald Trump's Immigration Ban https://t.co/vWRiftXpE7 #NDTVNewsBeeps https://t.co/0SrMROVnAk,0
"RT @__nicoNicoNICO: Trump building walls , some of ya bitches needa holla at him ??<U+200D><U+2640><U+FE0F> ijs",0
"RT @HuffingtonPost: Veterans vs. Trump: Pipeline will never be completed, warriors vow https://t.co/xhKOUxRmwt https://t.co/y2YZt6dRDK",1
"RT @DLin71: OBAMA: America is imperfect

GOP: TREASON



TRUMP: America is like a murderous thug

GOP: Shield your eyes in the presence of this patriot",0
RT @DavidJo52951945: Judge who blocked Trump's immigration ban totally biased.Judges are not interpreting law but enforcing their view https://t.co/eS5ZAzZQ2i,0
"RT @20committee: Can't wait for the Trumpers to discover Tonkin Gulf '64 and the Phoenix Program. Consider Chomsky your Cliff Notes.



https://t.co/Ck9EtJdDkR",0
RT @FoxNews: Experts: Social media giants fight Trumps anti-terror plan while providing platform for terrorists https://t.co/skMzy0FcC9,1
RT @aljwhite: Look forward to Trump having a shitfit over Kristen Stewart in a few hours https://t.co/PYy8tsM14y,1
"RT @mcspocky: Appeals Court Denies Request For ""Immediate"" Order Bringing Back Trump's Travel Ban https://t.co/L0Qnl8Aew3

Heh heh https://t.co/N2dCxbNxuO",0
American law better start catching up to the Trump administration soon... https://t.co/yzOljOwyz8,1
RT @TrumpSuperPAC: President Trump's job is to protect we the people. The judiciary has no authority to stop the President's duty! We https://t.co/ousn1G7mXu,1
Trump Plans To Ban Controversial Flashlight! Manufacturer Gives Away Inventory For FREE - https://t.co/kWVTFGDsCt https://t.co/rc1XF9TZcx,0
@SkyNews Of course she will take a shot at Trump. That was obvious since Election night due to her tweets.,0
"@KremlinRussia_E So What ,,,,Trump sanctioned Iran for being Muslim and for paying for the wall Mexico border ,,Trump extorts",0
"RT @edinburghpaper: Hundreds protest against Donald Trump in Edinburgh



Read more at: https://t.co/rcOMv9vAfX https://t.co/Evq1pbQlf8",0
Trump Short Circuits Washington https://t.co/fXFtqhqb9S,0
"Unhinged New York Leftist Freaks Out on Judge Jeanine: 'F*ck Trump! F*ck These White People!"" (VIDEO) https://t.co/yMBJnU8gJY",0
"RT @TheMarkRomano: Thanks, George W. Bush:



Your judges have upheld Obamacare and halted President Trump's travel ban.



I wonder how t https://t.co/MrEgVJLiwx",1
Amazing that Turnbull agreed to the refugee deal AFTER Trump won election and he knew Obama was leaving in 30 days &amp; Trump was against this. https://t.co/lX7oDTuvgq,1
"RT @MMFlint: Thank you, So-Called President Trump! I've been struggling for 2 weeks over what to call you, and your tweet here g https://t.co/ZLpZLlnHV8",0
"RT @ezlusztig: Wow. This is what it's like for California Republicans in the Trump era. Get used to it, folks. It will only get wo https://t.co/ioa8wBzcFg",1
"RT @MOVEFORWARDHUGE: ""TRUMP WAS RIGHT : Experts say California Voter Registration HIGHLY SUCEPTIBLE to Fraud"" #mustread #feedly https://t.co/95qC8Msuga",0
"RT @NickKristof: My Sunday column: Post-Trump,  Canada may now be the country best reflecting the values of the Statue of Liberty https://t.co/GpOuenHUza",1
"RT @VoteTrumpPics: Trump Twitter Rally?



RT? and show your support for DJT this Sunday, Feb 5th during Super Bowl Half Time Show at https://t.co/okPb11YbQw",1
RT @BBCBreaking: US appeals court rejects Trump administration request to immediately reinstate travel ban https://t.co/nDvCfpmAFK,0
RT @gagadaily: Here's why #LadyGaga won't be mentioning @realDonaldTrump during her #SuperBowl #PepsiHalftime show performance: https://t.co/be0Flt9DJa,1
RT @piersmorgan: Reposting this photo from yesterday's London anti-Trump march. Staggering. https://t.co/aAvJ6yJXID,0
"RT @ANOMALY1: Navy SEAL convoy flew a Trump flag proudly ! We Love Our Military Men &amp; Women,Vets!????#AmericaFirst #FREEDOM https://t.co/GOssPrORX7",1
"RT @kristinrawls: But you said Hillary was hawkish and Trump was an isolationist, @theintercept. https://t.co/4lB0dydgXU",0
"@DonaldJTrumpJr .

.

.

Trump Baseball Camp



""BIG LEAGUE""



https://t.co/0HEpkUPuNd

.

.

.

.",1
@SenateGOP  @HouseGOP   Trump is still keeping Obama's people on staff...FIRE THEM !,0
"RT @ebonstorm: At $400,000 a day, it'll cost the nation $548,000,000 to keep Melania Trump in New York City for four years. https://t.co/U7ImUMeTSQ",1
"RT @funder: .Exhibit 4:Trump talks about his travels to Moscow in 1987



#DworkinReport #resistance #TrumpRussia #resist https://t.co/W07X7S2S3C",0
RT @artoopio: KRISTEN MOCKED DONALD TRUMP AND CAME OUT AS GAY IN SNL MONOLOGUE WHEN WILL YOUR FAVE https://t.co/1lj07smIld,0
"For a more aesthetically pleasing environment at the White House, Trump should wear a bag on his head.

#DressLikeAWoman",1
"RT @USMC3rdBnMCo: No, Trump supporters try to claim he is conservative, but even Trump syncophant Sean Hannity admits he is not conse https://t.co/M1JEXKranf",1
RT @Reuters: Kuwait denies it imposed travel ban praised by Trump https://t.co/mvuwFBjfx0 https://t.co/p2MgW0eRdH,0
"RT @bobsacard: FLORIDA RESIDENTS, YOUR SENATOR IS  BLOCKING TRUMP NOMINEES- HE'S UP FOR RE-ELECTION IN 2018. CALL HIS OFFICE (202) https://t.co/hsRkq21AVF",0
REUTERS TV - Iraqi family flies to New York after blow to Trump ban https://t.co/9L3362knYy #PaginaNuova #TV,1
"RT @funder: .Exhibit 4:Trump talks about his travels to Moscow in 1987



#DworkinReport #resistance #TrumpRussia #resist https://t.co/W07X7S2S3C",0
"trump thought @CNN would adore &amp; support of him however, since election, they're keeping it real. Trump is SAD #TrumpSpeak #Action2GethrTB https://t.co/NmFWOeClG6",1
RT @LouDobbs: Most Left-Wing Appeals Court in Nation Denies Trump Request to Reinstate Travel Ban https://t.co/hHnr6ZsWoF #MAGA #TrumpTrain #AmericaFirst,0
"RT @shannoncoulter: .@elonmusk: the longer you associate w/ Trumps, the more you &amp; your companies will be associated w/ the persecution https://t.co/tlIEjCpTIN",0
Judge Jeanine Pirro Opening Statement Goes Off on Judge Blocking Trump Travel Ban ! https://t.co/rrQCrzN3jd,0
RT @immigrant4trump: NEW VIDEO: Senator Chuck Schumer in 2015 said a Refugee Pause May Be Necessary #Maga #trump https://t.co/vUQKo5sV76,1
RT @KeithOlbermann: Even the Deputy Editorial Page editor of The Wall Street Journal and I agree: @realDonaldTrump has slandered this c https://t.co/9JUxa45ntD,0
RT @bobsacard: DONALD TRUMP SUPPORTERS TELL NFL HOW MUCH IT WILL COST THEM IF LADY GAGA GOES AFTER @POTUS AT SUPER BOWL GOODELL 21 https://t.co/uA6FlAlt5s,1
@nancyhutchings @ariherzog @ericbolling @POTUS @WhiteHouse @DanScavino Obama left a lot of damage! Trump with his great mind will fix it!,0
"RT @jaketapper: Trump defends Putin: ""You think our country's so innocent?"" https://t.co/nW65mtBp0C",1
Trump is going to fight to keep the country a float. Most lost minds don't see it. Either way 4 more years definitely,0
"RT @jlsinc: You could genuinely change ""Trump"" to ""Brexiteer"" in every single instance here. https://t.co/nHevNPcph9",1
"RT @NPR: BREAKING: Appeals court denies Trump admin. request for stay of injunction on immigration order, meaning the Trump order remains suspended.",0
"RT @brianstelter: Kristen Stewart is ""just the latest in a string of SNL hosts seemingly plucked just to rile Trump"" https://t.co/n7LJKiJZfj Baldwin next week",0
"RT @HuffingtonPost: Veterans vs. Trump: Pipeline will never be completed, warriors vow https://t.co/xhKOUxRmwt https://t.co/y2YZt6dRDK",1
"RT @CNNPolitics: President Trump quickly condemns the Louvre attack, but is still quiet on Quebec https://t.co/8n9pBxr9UL https://t.co/v0xJ2fWjlQ",0
RT @LibyaLiberty: This is what I mean about the American people sending a message louder than Trump: https://t.co/8WXVFhZSfk,0
12-year-old gets attacked by peers for wearing Trump hat https://t.co/Tt05EG0TXp via @MailOnline,0
"RT @PPPDetroit: If Obama had said what Trump said about our country not being so innocent, and equating us with Russia, the GOP would have lost their minds!",0
RT @FoxNews: Experts: Social media giants fight Trumps anti-terror plan while providing platform for terrorists https://t.co/skMzy0FcC9,1
RT @altusda: Here's another petition for those looking to fight back against Trump's #animalwelfare info blackout. #transparency https://t.co/fd6zjGQqf6,0
"RT @DevlinBarrett: Appeals court rejects bid to immediately reinstate Trump travel ban - more filings due Sun, Mon https://t.co/sYkQJRC68f",0
@SouthTX_ @wikileaks  every were...go trump...make america great again!,1
RT @AP: BREAKING: Appeals court denies Trump administration request to immediately reinstate ban on travelers and refugees.,0
RT @WestWingReport: Federal court has denied Trump admin appeal to have @realDonaldTrump's travel ban reinstated. Second legal defeat in three days for POTUS,0
"RT @mikandynothem: <U+2714> RETWEET<U+2714> if you are happy with President Trump and his Administration's performance so far!

Kicking butt and tak https://t.co/nCUmiIDAqu",1
"RT @maggieNYT: Chill, America. Not every Trump outrage is outrageous. - The Washington Post https://t.co/dbTzidHVzc",0
"RT @TVLine: #SaturdayNightLive Video: Melissa McCarthy as Trump Press Sec. Sean Spicer Is Amazing, Period https://t.co/JKPr4DQOcn",1
RT @dailykos: Trump on women in the workplace: Don't bother asking women because men know better https://t.co/DclTer8Ud1,0
"RT @docrocktex26: Someone please get @realDonaldTrump the Schoolhouse Rock episode on how American government works, b/c he still doe https://t.co/G4gLKlg3dA",1
"RT @WilliamsJon: 64% of UK thinks #Trump threat to global security: dangerous, unstable &amp; bigot. Time to rethink #StateVisit?

https://t.co/BVypKtMy9R",0
"RT @AP: Trump Cabinet pick paid by 'cult-like' Iranian exile group, by @jongambrellAP  https://t.co/hhyDDtWjIz",0
RT @ScottErnst0331: All of the academics collecting a government paycheck while engaging in seditious anarchy should be FIRED!  #Trump #MAGA #GOP,0
RT @funder: @robreiner trump &amp; associates absolutely committed treasonous acts but he also has violated the constitution from e https://t.co/svGviw5CQB,0
More Than 100000 Visas Revoked After Trumps Travel Ban https://t.co/ev8NDUKmu9 https://t.co/uZxhA7iWTy,0
"RT @red_winger: ""So called"" President #Trump wants to control the media..don't worry though it's just how you make America great ag https://t.co/AhXENLWttq",0
RT @immigrant4trump: Viral Video: Fan made Video Celebrates President Trump Win! He is My President! #TrumpTrain #Maga #GoTrump https://t.co/ge6jVxdYLl,1
"RT @RickElamArtist: Trump Twitter Rally

RT and show your support for DJT this Sunday, Feb 5th during Super Bowl Half Time Show at https://t.co/5SdrJ8cprz",1
Donald Trump Jr. stumbled while trying to make a mark in the business world https://t.co/Wh4SXGGlY8,0
RT @antonnewcombe: Trump thought he was clever with his stupid slogan.. mine is better: Make Everything Great Again #MEGA starting with his impeachment ??,1
RT @PlainSite: The WA v. Trump district and appellate dockets are here: https://t.co/FbQJ1VOkYd,0
"RT @HRHCatherine: I anoint you Dame @jk_rowling, for services to literature, charity, and throwing the most epic shade at Trump suppo https://t.co/MNxTydjvEB",1
"RT @Kasparov63: Disgusting. There is nothing Trump won't do to praise Putin, comparing the US to a dictator of 17 years who murders https://t.co/pCBJolVqPz",0
@ezlusztig @YouTube   trump is likely a double agent......thanks Putin...,0
"RT @TheMarkRomano: Thanks, George W. Bush:



Your judges have upheld Obamacare and halted President Trump's travel ban.



I wonder how t https://t.co/MrEgVJLiwx",1
RT @armandodkos: Timely too. Trump was not crazy the whole day yesterday. Just 90%. I don't know what is wrong with you people. https://t.co/u3BUu79o9D,0
RT @grudging1: How many times does Trump have to go to the mat for Putin before we all admit it's more than admiration??,1
"RT @nytimes: Trump says he has walked away from the day-to-day of his empire, but records show how close he remains to it https://t.co/oYuvMupTxK",0
"RT @Impeach_D_Trump: Fox Interview:



O'Reilly: ""He's a Killer, Putin's a Killer!""



Trump: ""There are a lot of Killers.  Do you think Our https://t.co/UeiXzpUQRC",0
"@JoeNBC tell Trump to ""put America first"" and dump BANNON.",0
When people mention Donald Trump Jr. I think they're talking about @realDonaldTrump 's younger ego. Does he have kids other than Ivanka?,0
RT @thehill: #BREAKING: Washington State judge halts Trump immigration ban nationwide https://t.co/Vg9Ebckrxc https://t.co/D7XhbcduGi,0
"RT @NPR: BREAKING: Appeals court denies Trump admin. request for stay of injunction on immigration order, meaning the Trump order remains suspended.",0
"RT @larryelder: Those upset with Trump for saying, ""You think America is so innocent?"" had no problem when Obama repeatedly apologized for America.",0
"RT @ddale8: Donald Trump Jr. faved a tweet about how Donald Sr. would get a political boost from Quebec killer ""being Muslim"": https://t.co/rsYpVWhngk",0
RT @Nascar_Tom: Biggest  #hypocrite in the world. #shumer you should resign #trumptrain #trump @realDonaldTrump https://t.co/VyrRA8H9iV,0
"Village: ""it'd be wrong to kill Trump""



Redmond: ""OMG I condemn this!""",0
"RT @thehill: WATCH: Trump and Bannon as Grim Reaper go to war with foreign leaders on SNL

https://t.co/Z7MeikBTzh https://t.co/vtCsLEMJ0h",0
"RT @ABC: Melissa McCarthy skewers Sean Spicer, Baldwin reprises Trump role, Bannon portrayed as Grim Reaper on ""SNL"" https://t.co/PABReoOKRx",0
RT @carlbernstein: Journalists need to google #@kellyannePolls' repeated attacks on trump before she became his propaganda minister--and air/publish them now.,0
"RT @asamjulian: The Left has Trump derangement syndrome so bad, ISIS could announce a date they will send soldiers, and they'd still want borders wide open.",0
"RT @darinnstacy: Trump did say he would unite the people and true to his word be did, they are uniting to #impeachTrumpnow  for trea https://t.co/tIWbtMChOM",1
"RT @phil200269: The Politicians Who Repeatedly Oppose Trump Are On George Soros Payroll.



Now it Makes Sense.



#MAGA https://t.co/6bZslGZDG9",0
RT @nytimes: The trust President Trump set up to address conflicts? New records show he remains closely tied to his empire: https://t.co/rPb4jn1bBD,1
RT @iainandjane: Feels like every Tweet about Trump needs a so far on the end of it. https://t.co/qtS2tZzVlL,1
RT @StephensWSJ: Trump puts US on moral par with Putin's Russia. Never in history has a President slandered his country like this.  https://t.co/LrP8ycG1Y9,1
"RT @NPR: BREAKING: Appeals court denies Trump admin. request for stay of injunction on immigration order, meaning the Trump order remains suspended.",0
"RT @nytimes: S.N.L. Goes After Trump Again, With Melissa McCarthy as Sean Spicer https://t.co/VOLvsHIWgn",0
"RT @Tennessean: Sorry, Donald Trump, you're no Andrew Jackson https://t.co/4CxhypWmLG",0
RT @MichaelGodwinNY: @SheriffClarke @DailySignal Those who want to bitch about President Trump should pack up &amp; move out of the country.,0
@stacy_friday @simonhedlin @realDonaldTrump The constitution is a piece of paper. Trump is a God-like figure who alone will fix America.,1
"RT @JoyAnnReid: The Republicans won't rein In Trump, but the judiciary just might. https://t.co/C1VQDnYZAH",0
RT @yashar: In honor of Kristen Stewart hosting SNL - here are the 8 tweets President Trump posted about her in the past. https://t.co/0m24xxhGSg,1
"RT @PalmerReport: #SaturdayNightLive SNL lampoons Steve Bannon as grim reaper, Donald Trump as little white bitch https://t.co/ixrCIhjGf4",0
Trump Shared A Fake News Story To Fool Americans About His Muslim Ban via @politicususa https://t.co/4JhvZWIEkg,0
"Trump Hair Plugs Now .0.99$ Each. Early Signs Suggest Trumps Actions Are Taking a Toll on Trump Brand, via @nytimes https://t.co/kcVVeOuIbA",0
"RT @JohnJHarwood: Trump: ""I do respect Putin""

O'Reilly: ""But he's a killer""

Trump: ""We've got a lot of killers. What do you think? Our country's so innocent?""",0
RT @scarylawyerguy: Former COO of Goldman standing over Trump's left shoulder as he signed EO weakening Dodd-Frank is about as big a fu https://t.co/HeETmj0F06,0
RT @AGOWA: Trump Administration's request for immediate administrative stay DENIED. https://t.co/R3tTRPyv3U,0
"RT @ABC: Melissa McCarthy skewers Sean Spicer, Alec Baldwin reprises Trump role, Bannon portrayed as Grim Reaper on ""SNL"" https://t.co/3wlkqE4b8W",0
RT @CNN: A federal appeals court denied the US government's initial request to resume President Donald Trump's travel ban. https://t.co/4MDk9yuold,0
"RT @funder: #Breaking:Trump Defends Putins Murder of Journalists on O'Reilly



#trumprussia #dworkinreport #resist #theresistance https://t.co/Bd5l7HbIpH",0
RT @CNNPolitics: An avalanche of phone calls is thundering across Capitol Hill as the Senate considers Donald Trump's nominations https://t.co/N7gtyLaNOe,0
RT @artoopio: KRISTEN MOCKED DONALD TRUMP AND CAME OUT AS GAY IN SNL MONOLOGUE WHEN WILL YOUR FAVE https://t.co/1lj07smIld,0
"RT @BonnieSue05060: This is for ALL trump fans!

#TheResistance #Indivisible #ImpeachmentSoon https://t.co/Bjvfe3pcPb",1
RT @LibyaLiberty: This is what I mean about the American people sending a message louder than Trump: https://t.co/8WXVFhZSfk,0
RT @DailyLiberal1: https://t.co/5hdZbkNrRd Can you talk like @realDonaldTrump at work. Dare all #Trump supporters to Take The Talk Like Trump Challenge.,1
@JohnKingCNN What I don't understand about trump is his unabashed lying juxtaposed with truthtelling about implementing his campaign pledges,0
"RT @Independent: Ken Clarke brands UK's position as 'shambles' made worse by Donald Trump

https://t.co/zxOkPfCUmw",0
RT @JuliaAdair: Donald Trumps disastrous Yemen raid may have been attempt at getting Dubai golf course built https://t.co/qEhwjsZcg6 via @PalmerReport,0
RT @NPR: BREAKING: The Trump travel ban remains suspended after the 9th Circuit denied a stay on an earlier court order. https://t.co/GxVe0n9H3S,0
"RT @harrisalexc: Anti-Trump protestors start walking toward Mar-a-Lago. Got to be at least 1,000 people in this crowd https://t.co/k9ZQe2BlpJ",0
"RT @AJemaineClement: Hitler - failed painter

Trump - cancelled tv host

Bannon - failed documentary maker

Conway - failed stand-up



Support the arts and media",0
RT @jonlovett: How about get worked up about the fact that trips to Trump properties generate income for the president and kids di https://t.co/HIh7W10Ean,1
RT @antofields: #DressLikeAWoman best one today #Trump https://t.co/JAuZMmII3V,1
RT @AllenWest: WHOA: Look what we found about the judge who BLOCKED Trump's travel ban https://t.co/QqJO8FyIAF https://t.co/j79LAuuKaQ,0
RT @gagadaily: Here's why #LadyGaga won't be mentioning @realDonaldTrump during her #SuperBowl #PepsiHalftime show performance: https://t.co/be0Flt9DJa,1
RT @ActualEPAFacts: Trust Records Show Trump Is Still Closely Tied to His Empire https://t.co/pHQR8aGR3h,1
"Trump is the racist's Rev. Jeremiah Wright, without the moral clarity. Boy does the US need a shrink. #oreillyfactor #Trump #GOP_RIP #Resist https://t.co/uXTka7oowI",0
"RT @jonfavs: Focus on this, every day. We win the House, we can hold Trump accountable. https://t.co/8TamdaAiTP",1
#SuperBowl #Islamocrats get the Hello out of #AMERICA #PresidentTrump #KeepTheBan #DeportIllegals #NoRadicalIslamInAmerica #PepsiHalftime https://t.co/TA19U2Dbnz,0
"Kurtz: Unnamed sources try to undermine Trump https://t.co/7G8d31rtpT via @YouTube

TRAITORS!!!!!!!",0
"RT @chrisgeidner: BREAKING: APPEALS COURT DENIES REQUEST FOR IMMEDIATE STAY OF TRO, Trump travel ban will stay on hold for now. https://t.co/PFpAKFxRfP",0
RT @politico: Poll: Trump has worst disapproval rating of any newly elected president https://t.co/y4PiRpjcmI https://t.co/kVb5WFcdxj,0
"RT @scotusreporter: Appeals court won't immediately restore Trump travel ban, calls for quick briefing https://t.co/tCh4byeDLw",0
"<U+26A1> Thousands attend rally at Stonewall monument to protest Trump



https://t.co/cDs8ye2tLn",0
@delicatejenny ok so why didn't Trump select Saudi Arabia in his travel ban?,0
"RT @RepAdamSchiff: What are we to understand from Trump's quotes around ""evil""? Refugees are evil? Only Muslim refugees? How about bigotry? That's pretty evil.",0
"RT @floridarocket: Rather than take ownership for his failed  EO decision,Trump is now claiming the travel ban was a Department of Homeland Security decision.",1
RT @tribelaw: 2/ business with Trump but sent the 9/11 terrorists here,0
"RT @ReaganBattalion: Donald J. Trump: America is not exceptional.



#AmericaLast",1
"RT @AG_Conservative: @KurtSchlichter @RadioFreeTom If Trump excusing Putin's atrocities by suggesting America is guilty too doesn't outrage you, nothing will.",0
"RT @NPR: BREAKING: Appeals court denies Trump admin. request for stay of injunction on immigration order, meaning the Trump order remains suspended.",0
RT @rsirrobbie: I pray nothing happens in the mean time. @realDonaldTrump #KeepAmericaSafe https://t.co/qQppLJc94O,1
"RT @pbpost: UPDATES: Anti-Trump protesters march through West Palm Beach

https://t.co/eej7yvKSj0 https://t.co/5Dzhe0AkAo",0
"RT @funder: .Exhibit 3:Trump planned to build hotel in Russia in 87



#DworkinReport #resistance #TrumpRussia #resist https://t.co/Wllg37WhGG",0
RT @kylegriffin1: Trump just tweeted his 7TH tweet of the day about his travel banmaybe just this once someone should take his phone https://t.co/gRgE5qhF4C,0
RT @pmm526: Me rn waiting for this Trump tweetstorm... #SNL https://t.co/Ad3DgVjjXA,0
RT @thehill: Appeals court rejects Trump request to restore immigration ban https://t.co/MZcqrosQTU https://t.co/062UgE8ISJ,0
"So, how much of America's honor are we going to flush down the toilet before Trump is done? @SenateMajLdr @SpeakerRyan @LindseyGrahamSC",1
RT @MichaelAusiello: And then 3 weeks in the silver lining of a Trump presidency reveals itself... https://t.co/qmW6RYDl2K,0
Trumps Enemies Within https://t.co/9Rjx99mlhs,0
"@HuffingtonPost  CNN, You helped the Trump Klan get https://t.co/KbzDRF8eoq you're getting a taste of their villainous rhetoric &amp; actions.",0
"RT @julianborger: Bizarre readout of Trump/Poroshenko call, as if conflict was a border dispute between Russia and Ukraine. https://t.co/eCGzfkM35a",0
"RT @freep: Our top read this morning: The story of Hamtramck, Michigan's Ellis Island, and how it's steeling itself for Trump. https://t.co/7KBUZUZMRb",0
"Seven Ways Obama Is Trying to Sabotage the Trump Administration https://t.co/UQ7txz4f9B

 #TeaParty #tcot",0
"RT @funder: .Exhibit 3:Trump planned to build hotel in Russia in 87



#DworkinReport #resistance #TrumpRussia #resist https://t.co/Wllg37WhGG",0
"RT @Lrihendry: Let's set the narrative straight!



They're not Anti-Trump protestors, they're Anti-American rioters. https://t.co/ckzHwRuxDd",1
"RT @SteveComisar: If you oppose Donald Trump please RT.  @jack  @ladygaga  @KatyPerry

@Madonna  @AshleyJudd  @americaferr  @GloriaSteinem  #GetHimOut",1
RT @JessieJaneDuff: Now this is an interesting revelation: Judge Who Halted Trump Ban Once Declared Black Lives Matter From The Bench https://t.co/aQeQnJhEuo,1
RT @cj_disabled: Donald Trump travel ban: US court denies justice department's appeal just hours after President expresses confidence https://t.co/4jqbdIlT5u,1
"RT @SenSanders: Trump has to learn the very important truth stated by Washington AG Bob Ferguson: ""No one is above the law, not eve https://t.co/XvSnHY2N9g",1
RT @donnabrazile: Sunday reading: This Is How Steve Bannon (Trump's ideologist) Sees The Entire World https://t.co/bwXj3B2ZRP via @jlfeder,1
"RT @ThePlumLineGS: Trump's ban is on hold.



Bigger story: This is first real test of whether our institutions can restrain Trump: https://t.co/tFUNJZHufG",0
RT @prchovanec: The problem with Trump's remarks isn't just the insult to US. It's the implication he'd see no real barrier to applying Putin's methods.,0
"RT @mikandynothem: <U+2714> RETWEET<U+2714> if you are happy with President Trump and his Administration's performance so far!

Kicking butt and tak https://t.co/nCUmiIDAqu",1
"""Trumps most dangerous enemies are people who ostensibly work for him.""

https://t.co/Xdw93A8RZf",0
@anneapplebaum at what point do we conclude that the 'hundred monkeys' metaphor either does or does not apply to Trump utterings?,0
"RT @Impeach_D_Trump: RT if you think Trump should be impeached.



LIKE if you think Trump should be impeached.",1
"RT @JustinWolfers: Amazing diversity as Trump's senior staff is sworn in: White men of many heights, tie colors https://t.co/bE61gSQ81B https://t.co/Gv3KFUm1HC",1
"RT @kylegriffin1: Trump: I've had a long day. I'm tired &amp; cranky &amp; feel like I could just freak out on somebody.

Bannon: Then maybe y https://t.co/PmyAK2Xn7E",0
RT @alexburnsNYT: Key Trump ally w some constructive feedback &gt; https://t.co/t8GJEO8jWx,1
RT @deanbarker: Good morning. Today is the 17th day Mr. Trump violates the Constitution's Emoluments clause &amp; the 17th day Paul Rya https://t.co/O50Ix6fd4D,0
"RT @sjohoIt: rt for 2 boys kissing, like for donald trump https://t.co/2NqrgPkb86",1
RT @CNNPolitics: An avalanche of phone calls is thundering across Capitol Hill as the Senate considers Donald Trump's nominations https://t.co/N7gtyLaNOe,0
"RT @alwaysthedutydr: What sort of supposed ""President"" has a bearer of the Victoria Cross interrogated for 3 hours @realDonaldTrump?



https://t.co/042NBSXDGb",0
RT @caxtman: @ChelseaClinton so did trump supporters do this? https://t.co/OW1RJv9scW,0
Huffington Post: Justice Department Appeals Order Blocking Trump Travel Ban -  https://t.co/1Dj8codh3f https://t.co/J1ZTl6o43v,0
"RT @intheknow1798: Former Visa Officer  Trump Must Correct Obamas Dont Bother Checking Vetting System

https://t.co/ctycbyGjsL  https://t.co/UQqZj9Cpsf",0
RT @globalhalifax: Donald Trump's appeal on judge's travel ban decision denied by federal court https://t.co/4h4nsqyDVc,0
"RT @queennn94: Kristen Stewart taking down Donald Trump and the homophobes at one go.



She has saved 2017. Play this at my funeral. https://t.co/ywlzO18FaT",0
"RT @mashable: Alec Baldwin's Trump is back on 'SNL': 'Prepare to go to war'

https://t.co/tHS10xz46Y",0
@lori_catz @LaceySm88791881 @Phil_Lewis_ @DanAdamini your all killers and not in a trump good way eithet,0
"Per 4: If Trump's laziness continues to cause unnecessary military deaths, that may be what brings him down. Nothing like an angry mother... https://t.co/kOU06UaZi6",0
RT @Reuters: BREAKING: Judge's block of Trump's travel ban harms the public by 'thwarting enforcement of executive order': Justice Dept. appeal filing,0
"Super Bowl LI, Refugee Ban, Trumps Cabinet: Your Weekend Briefing https://t.co/N4QFPRrSuG",1
RT @vivelafra: Murder by Islam: 3 Stories.  #BanSharia #Trump https://t.co/nz9jbUS5uh,0
"@scottmstringer Why are you supporting the Republican-allied, Trump-enabling IDC? You do know this will be remembered? https://t.co/jp0dQVGlEV",0
RT @artoopio: KRISTEN MOCKED DONALD TRUMP AND CAME OUT AS GAY IN SNL MONOLOGUE WHEN WILL YOUR FAVE https://t.co/1lj07smIld,0
@tribelaw  Trump's list of scapegoats distracts from his favored list of customers who did send us terror.,0
Business and Donald Trump: Here's what some of the biggest US companies are saying about the new president https://t.co/S48jRonfGx via @FT,1
RT @thehill: Schumer torches Trump for attacking judge who halted his immigration ban https://t.co/4KceIJq5oG https://t.co/Mmy7Zwwn98,0
"RT @prasunmaitra: For liberals, @priyankachopra is an expert to criticise Trump's decision but Aishwarya can't support #Demonitization

https://t.co/CR4FwxaZxG",0
"RT @mashable: Alec Baldwin's Trump is back on 'SNL': 'Prepare to go to war'

https://t.co/tHS10xz46Y",0
RT @Sophia4Trump: BREAKING : BuzzFeed Being Sued Over Trump Russia FAKE NEWS Story https://t.co/RIFiVvzDy4 https://t.co/GQVwP8cjZw,0
"RT @intifada: Gaza siege fence ""a key sales prop"" for Israeli firm that wants to build Trump's Mexico border wall https://t.co/JjwgOakvFq",0
"@AP_Politics @AP the fact check is not just on Trump and friends, but w. extraordinary situation-the blatant lies spread, it's needed daily",0
"RT @jeremyscahill: Takeaway from Trump is not that he is wrong about US engaging in mass killing. It is that he likes it and views it as acceptable, preferable",1
RT @LibyaLiberty: This is what I mean about the American people sending a message louder than Trump: https://t.co/8WXVFhZSfk,0
"RT @DLin71: OBAMA: America is imperfect

GOP: TREASON



TRUMP: America is like a murderous thug

GOP: Shield your eyes in the presence of this patriot",0
"@realDonaldTrump Actually, bad people are already here. American citizens who are white supremacists and trump supports like Quebec shooter.",1
RT @nycjayjay: The 9th Cir declined to immediately reinstate Trump's immigration ban. Bam! It has asked instead for plaintiffs to respond to the appeal.,0
Experts: Social media giants fight Trumps anti-terror plan while providing platform for terrorists |  https://t.co/i1cU2Fzg1h,1
I've just pledged to march against Trump's visit to Britain #StopTrump https://t.co/mzKvTUYlwC,1
RT @justinhendrix: Want to get rid of Bannon? Emphasize over and over again that Trump is his puppet. Then let Trump's narcissism do the rest.,0
RT @washingtonpost: Federal appeals court rejects request for immediate reinstatement of Trumps travel ban https://t.co/ux6yAvXg1B,0
RT @souamesfarah: Gotta be today's best cartoon #Trump #travelban #Democracy #Constitution https://t.co/uQuRfJ1ORb,1
Kristen Stewart Addresses Donald Trumps Twitter Obsession (And Drops an F-Bomb) on SNL - Slate SO FUNNY https://t.co/IQJPEs7T9E,1
RT @davebernstein: Trump is on vacation this weekend. Please dn't remind him of these tweets... we wouldn't want to ruin his vacation. ?https://t.co/szsKOTDHWf,1
RT @ditzkoff: If only we'd had some warning during the campaign that Trump wouldn't respect an independent judiciary. https://t.co/dxo0vHK4LC,0
"RT @501Awani: #AWANInews #HariIni8 U.S. court refuses to immediately restore Trump travel ban



https://t.co/HzEzxqnV6o https://t.co/7LMoFLQMl0",0
"RT @KobyltRadioTV: Today's Show @deborahkobylt, John Eastman on Trump, David Hernandez on SAG &amp; Kitty Wallace on UBH. https://t.co/tklMlE4Zj0",0
Chrissy Teigen: 'I've been trolling Trump for 5 to 7 years' https://t.co/SYsFzKLvm9 https://t.co/cuJl5asO2D,0
"If I were #Trump, I would deal with this ruling by shutting down the entire Immigration Services workforce. Put them on leave.



#MAGA",0
RT @labordeolivier: #Google #Apple #Facebook and #Microsoft draft a joint letter opposing Trumps travel ban https://t.co/NEO5hynfsF vi https://t.co/ZFCqEWh9LG,0
"RT @ajplus: Loud and clear, Democrats aren't giving in to Pres. Trump's immigration ban. https://t.co/fmINB2aOo2",0
Michael Moore had the perfect response to Trump's attack on the judge who blocked his Muslim ban https://t.co/kx5kGwzdBz,0
"RT @SandraTXAS: Anyone surprised? Judge Who Blocked Trump Action Has Activist Past https://t.co/IkIfWJExEc



#DNCforum

#MAGA https://t.co/0ipDtHM9tZ",0
"RT @MaggieJordanACN: Trump Administration's request for immediate administrative stay DENIED.

#MuslimBan https://t.co/UJvOh7CSkx",0
"RT @feministabulous: Trump's tweetstorm is authoritarianism 101: stroke fear, weaken institutions and discredit anyone who criticizes you https://t.co/re6CQWRDm3",0
RT @funder: @robreiner trump &amp; associates absolutely committed treasonous acts but he also has violated the constitution from e https://t.co/svGviw5CQB,0
RT @RedHotSquirrel: More than 500 people in Speaker John Bercow's constituency of Buckingham have now signed the petition supporting Trump's visit.,1
RT @vlazlo2020: #Trump UNFIT for service as Commander in Chief. This is NOT the America our military fights and dies for. https://t.co/2bZa66cQNS,0
RT @KurtSchlichter: Leftists attack cons in front of police held back by A lib govt. Let's get mad at Trump for not being mean enough to Putin on TV. #caring,0
"RT @larshurst: A Profile of Courage! How Washington State Upended Trumps Travel Ban, via @nytimes https://t.co/s2YDaaSEBb",1
"RT @HuffingtonPost: Veterans vs. Trump: Pipeline will never be completed, warriors vow https://t.co/xhKOUxRmwt https://t.co/y2YZt6dRDK",1
RT @dailydot: Alec Baldwin as Donald Trump meets up with grim Steve Bannon in 'SNL' cold open: https://t.co/2l7DpCP2Ug https://t.co/exzWexcKpt,0
"RT @TheMarkRomano: See how the courts work...



When Obama issues a travel ban, it is perfectly fine.



When Trump does the exact same thing, it is illegal.",0
"RT @Ava_Jae: Winter is coming. Storm is brewing. Buckle up, Trump. This isn't going anywhere. #resist https://t.co/Uqyzn5G8vQ",0
Just maybe Trump knew this. If not his advisors are not up to snuff. Remember may be my POTUS but he is a populist https://t.co/g5XLAFavhV,0
"K. Perry 95.6 m, Rihanna 70.0 m, B. Spears 50.4 m, D. Trump 23.8 m, T. Woods 6.1 m, A. Stubb 0.3 m followers on Twitter",0
"@LaCatholicState @WilliamsJon so how do you justify Trump and, apparently, you seeming to believe that all Muslims are terrorists?",0
RT @Trump4Hope: I'm a proud Trump girl<U+203C><U+FE0F>??? https://t.co/DdXIWSciN4,1
"RT @rafshmatko: 20.1.2017, Donald Trump, 45th President of the United States #DonaldTrump #President #Trump #USA https://t.co/D45XdW86Xr",1
RT @Taniel: ACLU cited Giuliani's statement that Trump asked him how to make Muslim ban legal as evidence of anti-Muslim intent https://t.co/9OdRQKrR2S,0
"RT @TheDailyEdge: Trump has 4 kinds of supporters: immoral rich, openly racist, religious extremists, and those who don't realize they've been conned yet",0
RT @DiscreetEarbud: Trump has taken the fun out of Twitter.,1
RT @IngrahamAngle: Everything Trump does will be challenged in fed courts. Better get #Gorsuch confirmed fast. https://t.co/zqsGxZEkrQ,1
"RT @DLin71: OBAMA: America is imperfect

GOP: TREASON



TRUMP: America is like a murderous thug

GOP: Shield your eyes in the presence of this patriot",0
"RT @AltStateDpt: If Melania Trump stays at Trump Tower through a 4yr term, it will cost taxpayers approx. $1.4B. Is this what populist Trump voters wanted?",0
RT @Penguin60Scot: Judge that block TRUMP ban is a supporter for BLM.  How is this justice https://t.co/PZedM3BnuF,0
"RT @queennn94: Kristen Stewart taking down Donald Trump and the homophobes at one go.



She has saved 2017. Play this at my funeral. https://t.co/ywlzO18FaT",0
Just How Close Is Donald Trump to Becoming a Full-Blown Dictator? @alternet https://t.co/xVdCniNePj,0
"RT @ARnews1936: HYPOCRISY: Saudi Arabia is building a 600 mile border wall to keep out Islamic terrorists, yet they slam Trump via https://t.co/ZlgX2dnGDQ",0
@BradMossEsq @jbarro Imagine a competent Trump? Isn't that an oxymoron?,1
"RT @We_R_TheMedia: UK Muslims Protesting Trump's #TravelBan ?USA! YOU WILL PAY! CALIPHATE IS ON THE WAY!



THIS Is Why They Need 2B Kep https://t.co/VU26D5d50a",0
RT @FoxNews: Trump voices hope Russia can help in fight against ISIS  https://t.co/0W55YNRMLz https://t.co/L3EZj65ZxR,0
@ABC what a disgrace! These people should be ashamed ! President Trump won and he is protecting our country from disaster.,0
Arty ft Donald trump - The Wall ? <U+266B> https://t.co/1KtDafDgid,0
"RT @peterdaou: This holds true for all the gun-toting, tough-talking Trump voters who seem petrified of 5-year-old refugees, but a https://t.co/5LbR1xAtMU",0
RT @jack_welch: CNN this morning wringing hands over Trump deficit proposals...Where were they when Obama was adding 10 trillion??,0
"RT @Impeach_D_Trump: RT if you think Trump should be impeached.



LIKE if you think Trump should be impeached.",1
RT @Reuters: BREAKING: Homeland Security suspends rules that flag travelers under Trump's immigration order,0
RT @nycjayjay: The 9th Cir declined to immediately reinstate Trump's immigration ban. Bam! It has asked instead for plaintiffs to respond to the appeal.,0
"RT @TheMarkRomano: President Trump is out front taking the arrows, while the pathetic Republicans in Congress cower in fear.



I'm looking at you @SpeakerRyan!!",0
@thehill Michael Moore live out of reality. Somebody needs to tell him that Donald Trump won election more than 2 months ago.,1
"Mr. Trump:   read this: ISAIAH 58:7-10.

Thus says the LORD: Share your bread with the hungry, shelter the oppressed and the homeless.",0
RT @AP: A federal appeals court has refused to immediately reinstate Trump's travel ban on people from seven countries. https://t.co/wE89YDavhE,0
"New York Strong!  Trump is a fake New Yorker, #FakePresident jackass POS.  #Hater https://t.co/6eLWYqOI4D",0
RT @voguemagazine: Donald Trump is currently engaged in at least five of the same exact behaviors he had attacked Hillary Clinton over. https://t.co/x61BycXqmZ,0
"RT @JeffMontes5: Trump on immigration appeal: ""We'll win. For the safety of the country we'll win."" - Yes,we MUST win! have no choice https://t.co/Zgl9AKUfAM",1
"12-Year-Old Boy With Trump Hat Attacked On School Bus, Suspended #TCOT #WakeUpAmerica https://t.co/q7v90mqiai",0
RT @ezlusztig: False Equivalency alert. This assimilation of Trump to previous administrations is utter garbage. Don't believe a w https://t.co/AW8EtoJhpz,0
no offence to the American people but that's the one thing Trump got right,0
Just How Close Is Donald Trump to Becoming a Full-Blown Dictator? @alternet https://t.co/a75YV1yQro,0
RT @CBCAlerts: US federal court denies Trump request to immediately restore travel ban: https://t.co/yPvNMS1N4o,0
"RT @LOLGOP: Mike Pence says this Supreme Count seat belongs to the ""American people"" -- 54% of whom voted against Donald Trump.",1
RT @JesseLaGreca: Anyone else notice how Fox News has become a fucking safe space for Trump? Sad,0
RT @BBCWorld: Trump bid to reinstate travel ban fails https://t.co/E6r5dH2IO3,0
RT @nycjim: BIG: Appeals Court Rejects Trump's Request to Immediately Restore Muslim Travel Ban. https://t.co/kkLnfMjBGe,0
"RT @DrDavidDuke: White Americans need to understand that those opposing President Trump want to take our rights, our property, humiliate us and destroy us.",0
Lets Get Real About the Trump Travel Ban https://t.co/UpD8kZBhDs,0
RT @TrumpSuperPAC: President Trump's job is to protect we the people. The judiciary has no authority to stop the President's duty! We https://t.co/ousn1G7mXu,1
"RT @ManfredWeber: Things are serious now. Without a strong joint position, Europe will only be a puppet in the hands of #Trump and https://t.co/vpRGZFzuFi",1
"RT @phbarratt: I think we can file Trump's ""I love Australia"" in the same folder as ""No one has more respect for women than me"".",1
@paulkrugman @politico so many who voted for Trump will be devastated,0
"RT @DLin71: OBAMA: America is imperfect

GOP: TREASON



TRUMP: America is like a murderous thug

GOP: Shield your eyes in the presence of this patriot",0
"RT @thehill: WATCH: Trump and Bannon as Grim Reaper go to war with foreign leaders on SNL

https://t.co/M6W9SsF3Ew https://t.co/HmKouPe45k",0
RT @Slate: Department of Homeland Security suspends Trump Muslim ban following court order: https://t.co/s4BoosngbJ https://t.co/29w5D6WsyV,0
"RT @nytimes: ""So-called"" judge who blocked Trumps immigration order is described by colleagues as a ""mainstream"" Republican https://t.co/7n9z0DUBXE",0
"You ""so called President Trump"" should quit twitter!@realDonaldTrump",0
"RT @AlfGarnettTil: It's not so much a march against Trump now.

More like a weekly mental illness convention. https://t.co/EpHf642p3V",1
RT @ezlusztig: False Equivalency alert. This assimilation of Trump to previous administrations is utter garbage. Don't believe a w https://t.co/AW8EtoJhpz,0
RT @AP: BREAKING: Appeals court denies Trump administration request to immediately reinstate ban on travelers and refugees.,0
@JoyAnnReid President who murders vs. citizens who murder-NOT THE SAME. Can we somehow force Trump to make that distinction?,0
RT @thehill: Hundreds of protesters march on Trump's Mar-a-Lago resort https://t.co/HurPJwGMCy https://t.co/6ePWC7qZza,0
@Gingrich_of_PA @AGOWA It will be great when Trump gets to shift the balance of that court. Liberals will jump off the deep end.,1
RT @DabAggin: Shoutout to all the Trump fans who are never sure when it's *you're* vs. *your* but who are now suddenly constitutional law scholars.,1
RT @ArobertB: Trump protest in West Palm Beach. They are marching all the way to Mar-a-Lago where the Pres is staying this wknd. https://t.co/f1XWErkiJS,0
RT @deanbarker: Good morning. Today is the 17th day Mr. Trump violates the Constitution's Emoluments clause &amp; the 17th day Paul Rya https://t.co/O50Ix6fd4D,0
RT @MollyOShah: Everyone praising Trump for not tweeting before 8 AM... he's on the West Coast right now...,1
RT @AnaLisaRococo: Trump Denied! https://t.co/7D87Wv4ovX,0
"RT @dzhray: <U+26A1> President Trump's bid to reinstate travel ban rejected by court

https://t.co/EQAMsT1jpy",0
"Kristen Stewart blasts Donald Trump AGAIN as she hosts SNL: ""He tweeted about me 11 times!"" https://t.co/gTqhEGpdcB",0
"RT @TheMarkRomano: Thanks, George W. Bush:



Your judges have upheld Obamacare and halted President Trump's travel ban.



I wonder how t https://t.co/MrEgVJLiwx",1
RT @AP: BREAKING: Appeals court denies Trump administration request to immediately reinstate ban on travelers and refugees.,0
"RT @NickCohen4: ""Trump, modern fascism, and how to fight back"" - long read from me in the Observer

https://t.co/TZr0NiHJDI",0
RT @dcexaminer: Anti-Trump judge gave free legal help to refugees https://t.co/6Zy5MaGXW2 https://t.co/EOHI4cC533,1
"RT @jaketapper: Trump defends Putin: ""You think our country's so innocent?"" https://t.co/nW65mtBp0C",1
RT @JayS2629: Middle School Student Attacked on Bus for Wearing Trump #MAGA Hat - Then Schools Suspends Him (VIDEO) https://t.co/WRbHg3pIf4,0
RT @domdyer70: Trump is a compulsive liar but it's his compulsive believers we should be worried about says Nick Cohen  https://t.co/rdIH4kM8R6,0
"RT @RVAwonk: .@seanspicer So if we're demanding apologies, does Trump owe the American people an apology for this? https://t.co/V4KhYEi5Oa",0
"RT @Impeach_D_Trump: Mr. Trump, I thought we Were ""Going to be Sick Of Winning"".  You lost the popular vote and now lost to the court TW https://t.co/OzsYT8BQVw",0
RT @Newsweek: A 9/11 survivor cheers the suspension of Trump's immigration ban | Opinion https://t.co/DKgVn7oMpw https://t.co/l7za3pymcV,1
RT @LibyaLiberty: This is what I mean about the American people sending a message louder than Trump: https://t.co/8WXVFhZSfk,0
RT @JimPethokoukis: Trump vs. global supply chains | One Tiny Widget's Dizzying Journey Shows Just How Critical Nafta Has Become https://t.co/GSqObKDeF1,0
RT @marty10707: Mr. Trump has made it clear that he regards any judge who thwarts his designs as a personal enemy. https://t.co/cAmYw3pdou,0
RT @Rosie: U law prof Richard Painter sues Trump over ethics https://t.co/mPihMLfPoY - THANK U RICHARD PAINTER !!!,0
RT @lizzjones18: They say that one of the signs of bereavement is anger well I'm still angry Mrs.May #brexitshambles #trump and appeasement on both !,0
RT @OwenJones84: Don't stay silent in the face of hatred. Don't let Britain become Donald Trump's client state. Sign up @UKStopTrump https://t.co/0vfniQCb0p,0
RT @JolyonRubs: TRUMP IS A DICTATOR. RT! #DictatorTrump https://t.co/qsUI42D9Gd,0
"RT @RVAwonk: Just so we're clear, Trump has now tried to delegitimize:

-The press

-Scientists

-Intel community

-Election results

-The judiciary branch",1
Their first Horrible move was the CEO speaking again against Trump after election! Corporations publicly should stay out of politics! https://t.co/qqItdE3yDS,0
"RT @ComplexMusic: ""Can't no government handle a commando/Your man don't want it, Trump's a bitch/I'll make his whole brand go under"" https://t.co/JG5dHoJnQo",0
Leader of Al-Qaida in Yemen Mocks Trump After Raid https://t.co/z3H3USLiIB,0
RT @yashar: In honor of Kristen Stewart hosting SNL - here are the 8 tweets President Trump posted about her in the past. https://t.co/0m24xxhGSg,1
RT @adbridgeforth: As the Trump-Con Continues... https://t.co/EqaJKwBMFd,0
RT @AaronBlake: Constitutional crisis? What happens if Trump decides to ignore a judge's ruling. https://t.co/krezo0T1H9 https://t.co/HahxJX3Vna,0
RT @MaryBernstein14: @un @realDonaldTrump @mike_pence @radiobiafralive @AmbazoniaGc @bekelegerba @cliffiroanya @ChoAyaba @mefonna  10 Bi https://t.co/8thbFiDbFL,0
RT @Impeach_D_Trump: What could Possibly Go Wrong By Electing Donald Trump?? https://t.co/9qR6CTWYqm,0
RT @DeplorableYes: Howdy Trumpers. Please take a peek at our site! #MAGA! #Trump https://t.co/dZJZqF2RAq,1
"Trump should dissolve many federal agencies (DOE/IRS/NSA/DEA...) and create a Dept. of Rationality. Yes, he needs it - but so do we all.",1
RT @ahmednasirlaw: What is the most important achievement of Pres Trump so far? demystified American democracy &amp; showed it is a glorified 3rd world prototype,1
"Donald trump still has a twitter, your fine https://t.co/Dnh0VO99FW",1
RT @ObsoleteDogma: Trump saying we're no better than Putin's Russia is a big test for conservatives. Pay attention to who denounces this &amp; who doesn't.,1
RT @Anomaly100: Trump STILL Trying To Say He Won The Popular Vote https://t.co/Rgl3fyugU6 #SundayMorning https://t.co/uHazZvqpt4,1
RT @decorrespondent: This is how we can fight Donald Trumps attack on democracy https://t.co/L582UhTyxi https://t.co/5Qmcmhv3Ri,0
"RT @RBReich: Weirder and weirder. Trump apparently believes Putins Russia is morally equivalent to America.



In an interview... https://t.co/fpIcZvkiZF",0
RT @AdanNada6: Just a reminder that Trump has already cost taxpayers $14M in security for his NYC home. I never want to hear SHIT https://t.co/hZrPTCDHrP,0
Kristen Stewart Mocks Trumps Obsession with Her on SNL: The President Tweeted About Me 11 Times https://t.co/YsPX2ijyZ2 via @thedailybeast,0
RT @DabAggin: Shoutout to all the Trump fans who are never sure when it's *you're* vs. *your* but who are now suddenly constitutional law scholars.,1
Leader of Al-Qaida in Yemen Mocks Trump After Raid https://t.co/aA5BbnqYOB,0
"RT @JustSchmeltzer: Damn, @realDonaldTrump, court is handing your ass to you in a sling! Running DOJ badly! Sad! https://t.co/TH6wqhY9N6",0
RT @david_j_roth: No bigger own on Trump than knowing he's wearing premium steak pajamas and watching SNL with the volume at like 88 and getting really mad.,0
"RT @markmobility: Monthly cost of:

Guarding Trump Tower: $30 million

Section 8 for all 15,856 homeless NYC families: $28 million",0
"RT @PrisonPlanet: Turns out that you can't use Twitter to threaten Trump supporter's children, violence &amp; doxxing. This account final https://t.co/rgipGho3m9",0
RT @ezlusztig: False Equivalency alert. This assimilation of Trump to previous administrations is utter garbage. Don't believe a w https://t.co/AW8EtoJhpz,0
RT @HahnAmerica: How long before Trump starts hammering the Ninth Circuit Court via Twitter? I'll give him about two hours.,0
"#Trump uses #Reagan slogan: #Peace Through #Strength

  https://t.co/Qg9dC33ipf.",1
RT @piersmorgan: Reposting this photo from yesterday's London anti-Trump march. Staggering. https://t.co/aAvJ6yJXID,0
RT @StopStopHillary: BREAKING: George Soros Tied to  Campaign to Impeach  President Trump. https://t.co/uVnIZkBEtE via @YouTube,0
RT @Future_of_West: Trump is no fascist. He is a champion for the forgotten millions | John Daniel Davidson https://t.co/WfwUXrUbIK,0
Washington  Appeals Court Refuses To Immediately Restore Trump Travel Ban -  - See More @ https://t.co/UjvOW503oJ,0
"Unhinged New York Leftist Freaks Out on Judge Jeanine: 'F*ck Trump! F*ck These White People!"" (VIDEO) https://t.co/iqbaBPJS6n",0
Leader of Al-Qaida in Yemen Mocks Trump After Raid https://t.co/8rmeREaCt3,0
"RT @Impeach_D_Trump: RT if you think Trump should be impeached.



LIKE if you think Trump should be impeached.",1
"RT @ThePlumLineGS: Appeals court rejects Trump admin's demand that court lift hold on travel ban, after Trump raged at judge all day: https://t.co/ouULrgBTt9",0
RT @cioccolanti: Dems want to vote on if #Trump's #immigration #ban is illegal. I dunno. Is illegal immigration illegal?,0
"@LisaBloom @nytimes Piss off the media, piss off the judicial system. Neither is going to let Trump walk all over them. Neither is powerless",0
RT @jelani9: The logical follow up question is to ask Trump if he's had anyone killed.,0
"RT @funder: .Exhibit 2:Article cites Trump was in Russia for biz in 87



#DworkinReport #resistance #TrumpRussia #resist https://t.co/8pV3HG0x6Y",0
"RT @Maathevan: Okay people! We do not have any Quality a.k.a ARUGADHAI to crack jokes or share memes about TRUMP! Time to blow our own TRUMPet!

Karma is a",1
"RT @globalnewsto: Donald Trump channels Hitler, gets dominated by Steve Bannon in latest SNL skit https://t.co/ymnb6QS6DE",1
RT @AG_Conservative: So you spent years yelling about Obama's apology tour but now defend Trump suggesting we are as bad as Putin's Russia? Trumpism corrupts.,0
RT @RealNews_World: Donald Trumps appeal on judges travel ban decision denied by federal court https://t.co/N43LnM75I5 https://t.co/et367r3nFD,0
"RT @BecketAdams: So about Trumps call with Putin.



Woof, man. Just woof. https://t.co/TDghBrBjb1",0
This was almost as good as alecs trumpoverall SNL has this administration pegged https://t.co/RsLDHseeon,1
RT @soldbygail: @AmyMek Trump is only one separating LGBT community from being tossed off a side of a bldg.Hey idiots: support Trum https://t.co/ql5dz6gVee,0
"RT @Trumpnado2016: ALL the Republicans standing by while Trump defiles the US Constitution.

#StopTheBannonTrumpRegime https://t.co/VA8ScbpjHb",0
US court DENIES Trumps request to immediately reinstate Muslim travel ban: THE US appeals court has denied US https://t.co/RpABykqtPJ https://t.co/aKdp0LgH2b,0
RT @cnnbrk: A federal appeals court denied the US government's initial request to resume President Donald Trump's travel ban. https://t.co/gB70irt1AX,0
RT @aliamjadrizvi: Appeals court blocks Trump's request to block the block on his ban: https://t.co/RVi1an5kKP https://t.co/j6Mme5q4Zq,0
RT @HeraldNG: Revealed: Donald Trump has a White House secret code for sex with his wife - https://t.co/fqwYYsep6q,1
Trump and the Militarization of America   - World Beyond War . . . https://t.co/G6QNaMzTue,0
RT @SusanMaylone: New reports confirm Trumps plan to disentangle from his business is a farce by @kileykroh https://t.co/Wr1JpE2iQM,0
RT @haaretzcom: The 'so-called judge' who stymied Trump's ban: Tough conservative who fostered 6 at-risk kids https://t.co/CALh8pf85e,0
"RT @NickKristof: My Sunday column: Post-Trump,  Canada may now be the country best reflecting the values of the Statue of Liberty https://t.co/GpOuenHUza",1
"RT @EsotericCD: No excuse for Trump running down US like he did. Dem hypocrisy, blah blah, don't care. Doesn't matter. He's Prez. You don't talk like that.",0
"RT @DLin71: OBAMA: America is imperfect

GOP: TREASON



TRUMP: America is like a murderous thug

GOP: Shield your eyes in the presence of this patriot",0
"Trump ducks press pool again, goes for impromptu golf trip https://t.co/ZI0DXaNSCo @MailOnline

This little vacation costs US $3 billion!",1
RT @artoopio: KRISTEN MOCKED DONALD TRUMP AND CAME OUT AS GAY IN SNL MONOLOGUE WHEN WILL YOUR FAVE https://t.co/1lj07smIld,0
Leader of Al-Qaida in Yemen Mocks Trump After Raid https://t.co/dXmidN3W2D,0
"RT @AJemaineClement: Hitler - failed painter

Trump - cancelled tv host

Bannon - failed documentary maker

Conway - failed stand-up



Support the arts and media",0
RT @funder: @robreiner trump &amp; associates absolutely committed treasonous acts but he also has violated the constitution from e https://t.co/svGviw5CQB,0
RT @thehill: Schumer torches Trump for attacking judge who halted his immigration ban https://t.co/4KceIJq5oG https://t.co/Mmy7Zwwn98,0
RT @RawStory: Donald Trump Jr. liked tweet hoping Quebec shooter was a Muslim because it would help his dad https://t.co/ZlaH0bRG0a,1
RT @jbarro: @mattyglesias goal is different here. It's to make Trump jealous of all the attention his employee is getting.,0
Please Share This: .@pontifex just threw shade at Trump in the classiest way possible https://t.co/fTrgDj57oC via @HuffPostRelig,1
"RT @scotusreporter: Appeals court won't immediately restore Trump travel ban, calls for quick briefing https://t.co/tCh4byeDLw",0
"RT @naretevduorp: Any Trump supporter that still backs him after he equates our great nation to a tyrannical, murderous nation like R https://t.co/6WNyXHl4UX",0
"RT @Impeach_D_Trump: RT if you think Trump should be impeached.

LIKE if you think Trump should be impeached.",1
"RT @PrisonPlanet: Turns out that you can't use Twitter to threaten Trump supporter's children, violence &amp; doxxing. This account final https://t.co/rgipGho3m9",0
"RT @evagolinger: He needs to be impeached. Whatever his relationship may or may not be with Putin, Trump is a liar and he's mentally https://t.co/b9kWwvOQng",0
"RT @PolitiBunny: Repeat after me:



If I wouldn't accept this from a Democrat I shouldn't accept it from Trump.",1
RT @EdwinArendes: Really? Almost 16K families could be housed for less than the cost of securing Trump Tower? Let him pay for his own https://t.co/dYK7nR1VMU,0
"RT @IngrahamAngle: Notice how @CNNPolitics uses word ""attack"" when @realDonaldTrump stands up for US taxpayer. https://t.co/zq3TevWIMq",0
"Well played #SNL - love the Russian flag pin on ""our so-called President"" #Trump. https://t.co/EG0IuZcRbP",1
"RT @ANOMALY1: Navy SEAL convoy flew a Trump flag proudly ! We Love Our Military Men &amp; Women,Vets!????#AmericaFirst #FREEDOM https://t.co/GOssPrORX7",1
RT @justinhendrix: Want to get rid of Bannon? Emphasize over and over again that Trump is his puppet. Then let Trump's narcissism do the rest.,0
"RT @OrangeLeaderUSA: EMERGENCY ALERT FOR REPUBLICANS:



Donald Trump tonight: Putin as ""killer"" OK, USA no better.



AVOID PRESS



TURN OFF PHONES



SHELTER IN PLACE",0
"RT @AustinDarbo: ""BREAKING: Appeals court denies Trump administration request to immediately reinstate ban on travelers and refugees https://t.co/bN19vtgiBO",0
RT @Martin_Indyk: More than you want to know about Stephen Miller: How rise of one young policy adviser explains the Trump White House https://t.co/3TD3CW0W2u,1
"@JoyAnnReid @washingtonpost one word out of @KellyannePolls' mouth can do damage. We don't all believe her, we're not all Trump voters.",0
"RT @Radiocop: President Trump did not create all this hate with the Libs, he exposed it.

They have always been an angry mob of people.",0
RT @Reuters: Kuwait denies it imposed travel ban praised by Trump https://t.co/mvuwFBjfx0 https://t.co/p2MgW0eRdH,0
"US Economy Adds Over 200,000 New Jobs | https://t.co/gxCzhSX9OV  not due to Trump 20 days in office https://t.co/J3mZiiswlS",0
"RT @MaxBoot: ""Mr Trump... will receive reports on any profit, or loss, on his company as a whole."" https://t.co/9zrkscrSUE",0
"RT @rashadalaiyan: When someone says ""give Trump a chance"" https://t.co/qUnPHz2WAO",1
"RT @mashable: Alec Baldwin's Trump is back on 'SNL': 'Prepare to go to war'

https://t.co/tHS10xz46Y",0
RT @LouDobbs: Most Left-Wing Appeals Court in Nation Denies Trump Request to Reinstate Travel Ban https://t.co/hHnr6ZsWoF #MAGA #TrumpTrain #AmericaFirst,0
RT @TomthunkitsMind: Where Is Trump's Investigation Into Russian Hacking He Promised? https://t.co/DWNmoO4W4U,1
Trump travel ban: Mike Pence defends president https://t.co/ThaJF3IbxM,0
"""Rejoice in the Lord"" Please don't critizie, I prayed to heal the land...and we got Trump...I believe &amp; will not doubt. https://t.co/303jpyksgq",1
"RT @AP: Trump Cabinet pick paid by 'cult-like' Iranian exile group, by @jongambrellAP  https://t.co/hhyDDtWjIz",0
RT @France4Hillary: BREAKING: A federal appeals court early Sunday rejected a request by the Justice Department to restore Trumps #MuslimBan! Another defeat!,0
RT @CNNPolitics: An avalanche of phone calls is thundering across Capitol Hill as the Senate considers Donald Trump's nominations https://t.co/N7gtyLaNOe,0
How about you don't hold yourself up as a moral arbiter and the post pro-Trump guff just to bait your audience?,1
RT @YoungDems4Trump: ?Retweet if @CNN is also to blame for the hate crimes committed last night against Trump supporters!? https://t.co/wjKpTrKqPN,0
"RT @Radiocop: President Trump did not create all this hate with the Libs, he exposed it.

They have always been an angry mob of people.",0
RT @BernieSanders: Friday's order by a federal judge in Seattle blocking President Trump's immigration ban was a victory for rule of law and the Constitution.,0
Kristen Stewart Mocks Trumps Obsession with Her on SNL: The President Tweeted About Me Eleven Times https://t.co/AP8Mlhgagp,0
RT @CelinePajon: Trump card: Japan casts a wary eye on future with new U.S. president | The Japan Times https://t.co/56YjAaWPlY,0
"RT @Kasparov63: Disgusting. There is nothing Trump won't do to praise Putin, comparing the US to a dictator of 17 years who murders https://t.co/pCBJolVqPz",0
"RT @wikileaks: Trump on US government last night: O'Reilly: ""Putin's a killer"" Trump: ""There are a lot of killers. You think our country is so innocent?""",0
RT @mahdi: I wrote a simple C# code to explain Trump's policy! #TrumpLoop #TrumpBan https://t.co/4D6LGVcM1t,0
RT @JennyKayNZ: According to media @authenticpaint Trump anti-LGBT Edict halted by @ivankatrump and husband. Maybe @theadvocatemag can confirm,0
RT @DTrumpExposed: What will Donald Trump do this #SundayMorning in order take the attention off of #SuperBowlSunday and put it on him https://t.co/59sY7Y38uF,1
Leader of Al-Qaida in Yemen Mocks Trump After Raid https://t.co/bEH3jQ8H99,0
RT @DonaldTrumpNewz: Maxine Waters: My Greatest Desire Is to Lead Trump Right Into Impeachment https://t.co/qiK5IdGF57 https://t.co/dK6NtMcrZh,1
"RT @ThePlumLineGS: Trump's ban is on hold.



Bigger story: This is first real test of whether our institutions can restrain Trump: https://t.co/tFUNJZHufG",0
RT @LibyaLiberty: Trump will blame overturn of his ban for any future terrorism - but he's responsible for protecting America within https://t.co/iWpIl5XDnU,0
RT @hdevreij: British intelligence asks for guarantees that its spies in Russia will remain anonymous under the Trump administrat https://t.co/QzRCDofb9d,1
Meet the Bush-appointed federal judge who halted Trump's executive order https://t.co/tN1jfq5CpR by #washingtonpost via @c0nvey,0
RT @klew24: I really hope Atlanta beats Trump's team later today,1
"RT @Impeach_D_Trump: November 6, 2018:

-39 governors (!!)

-33 senate seats

-435 house seats

We know what to do!!!



#dncforum #DNCForums #Trump",0
BERTON: This is no time to shut out Trump news https://t.co/zdklFCLEW1 https://t.co/910vMM3fvT,0
@RoyCalbeck Trump may drain the swamp but it'll never look as beautiful as when the Dutch did it https://t.co/DGArh2c6UP,1
Leader of Al-Qaida in Yemen Mocks Trump After Raid https://t.co/SfIvR5gNrN,0
RT @StopTrump2020: Neiman Marcus Drops Ivanka Trump Jewelry - 2nd store to drop #Trump merchandise THIS WEEK #GrabYourWallet https://t.co/0tXUbjEbzT,0
RT @nprparallels: Trump's Immigration Ban Leaves Syrian Family Stuck In Jordan https://t.co/EtO0le5Pu6,0
"RT @funder: .Exhibit 2:Article cites Trump was in Russia for biz in 87



#DworkinReport #resistance #TrumpRussia #resist https://t.co/8pV3HG0x6Y",0
RT @Lawrence: The judge who said NO to Trump travel ban tonight was appointed G W Bush. @TheLastWord 10pm,0
"Romney: No Regrets Criticizing Trump, but Time to Recognize His 'Strong Start'



https://t.co/Hpq8JRGxAF",0
maybe the spy is dodging bullets trump is a deadman walking everyone knows #bye Free Melania  From Our Expectations https://t.co/L6sTR4bpGD,1
"RT @funder: Why is Putin the only person in the world that Trump has never criticized?



#dworkinreport #trumpleaks #resist #theresistance #trumprussia",0
"RT @EdwardTHardy: For those claiming Trump's executive order wasn't a ban, here is the President of the United States calling it a ba https://t.co/MkueKmyNsL",0
"RT @ajplus: Loud and clear, Democrats aren't giving in to Pres. Trump's immigration ban. https://t.co/fmINB2aOo2",0
RT @JayS2629: Middle School Student Attacked on Bus for Wearing Trump #MAGA Hat - Then Schools Suspends Him (VIDEO) https://t.co/WRbHg3pIf4,0
"RT @DKMatai: Poll: Who's RIGHT in #Trump v #AppealsCourt #TravelBan #Case?



9th Circuit Court #SundayMorning Melissa McCarthy #SNL Goes After Trump Again",1
"RT @tribelaw: I'm trying to imagine how people would react if a Judge Robart had called Trump ""this so-called president.""",0
#News Leader of Al-Qaida in Yemen Mocks Trump After Raid https://t.co/JiniURNL83,0
"RT @AP: Trump Cabinet pick paid by 'cult-like' Iranian exile group, by @jongambrellAP  https://t.co/hhyDDtWjIz",0
"RT @funder: #Trump just made up a Polish battle. Hitler did the same thing before WWII



#DworkinReport #ImpeachTrump #resist https://t.co/oIO5UlrfZX",0
RT @Sk1ny: #Gutfeld if gaga starts talking trash about Trump at half time I hope she gets booed by the whole stadium. Imagine how that would sound!,0
RT @AP: BREAKING: Appeals court denies Trump administration request to immediately reinstate ban on travelers and refugees.,0
RT @LouDobbs: Most Left-Wing Appeals Court in Nation Denies Trump Request to Reinstate Travel Ban https://t.co/hHnr6ZsWoF #MAGA #TrumpTrain #AmericaFirst,0
RT @AGOWA: Trump Administration's request for immediate administrative stay DENIED. https://t.co/R3tTRPyv3U,0
"RT @DKMatai: Poll: Who's RIGHT in #Trump v #AppealsCourt #TravelBan #Case?



9th Circuit Court #SundayMorning Melissa McCarthy #SNL Goes After Trump Again",1
I'm still riding on that TRUMP train ? #choochoo,0
"President #Trump: denigrating the #Republic, step by step. Anti-#Americanism always operated with this false equilibrium. #Russia #US https://t.co/xXAJdGnxe0",0
RT @artoopio: KRISTEN MOCKED DONALD TRUMP AND CAME OUT AS GAY IN SNL MONOLOGUE WHEN WILL YOUR FAVE https://t.co/1lj07smIld,0
RT @scarylawyerguy: Former COO of Goldman standing over Trump's left shoulder as he signed EO weakening Dodd-Frank is about as big a fu https://t.co/HeETmj0F06,0
RT @harpus88: Lady Gaga is getting ready to slam Trump at #NFL half time and they know it. I will never watch a football game aga https://t.co/qPyGyM4zZE,0
RT @aljwhite: Look forward to Trump having a shitfit over Kristen Stewart in a few hours https://t.co/PYy8tsM14y,1
RT @mcgilh: Tech Firm Suing BuzzFeed for Publishing Unverified Trump Dossier - Breitbart https://t.co/uZHCyoarH3,0
"RT @DKMatai: Poll: Who's RIGHT in #Trump v #AppealsCourt #TravelBan #Case?



9th Circuit Court #SundayMorning Melissa McCarthy #SNL Goes After Trump Again",1
How Donald Trump Can Save Africa https://t.co/T4MXgBmRJu,1
RT @bayonnebernie: Not just 'bad hombres': Trump is targeting up to 8 million people for deportation https://t.co/EsS1QSpDjj,0
Leader of Al-Qaida in Yemen Mocks Trump After Raid https://t.co/znHbbbxOzk,0
"RT @DKMatai: Poll: Who's RIGHT in #Trump v #AppealsCourt #TravelBan #Case?



9th Circuit Court #SundayMorning Melissa McCarthy #SNL Goes After Trump Again",1
Nuke Kim Jong Un is Job One for Trump Administration. That'll scare the shit out of Iran Ayatollah too. Trump stomaches the mass destruction,0
RT @DavidJo52951945: Judge who blocked Trump's immigration ban totally biased.Judges are not interpreting law but enforcing their view https://t.co/eS5ZAzZQ2i,0
RT @donnabrazile: Sunday reading: This Is How Steve Bannon (Trump's ideologist) Sees The Entire World https://t.co/bwXj3B2ZRP via @jlfeder,1
RT @LawyerRogelio: Trump:My family has come a long way... this right here is a picture of my Granpa. https://t.co/J18A1aZ2As,1
The Netherlands welcomes Trump in his own words https://t.co/mzsjV9d54L,1
Leader of Al-Qaida in Yemen Mocks Trump After Raid https://t.co/luKrA2Sm0V,0
RT @starfirst: Trumps Nightmare: Women Opposing Him https://t.co/qPlyFUvdqP via @thecut,0
Leader of Al-Qaida in Yemen Mocks Trump After Raid https://t.co/K9kqLrdmS9,0
RT @thehill: Warren shreds GOP for supporting Trump's rhetoric https://t.co/p5XpbZ7N4q https://t.co/QBS0qhVgcH,0
"RT @nytimes: Trump says he has walked away from the day-to-day of his empire, but records show how close he remains to it https://t.co/oYuvMupTxK",0
RT @crampell: Is Trump right that banks cant lend?  Business loans made by banks as share of GDP at highest level in 50 yrs https://t.co/RjEK2GLTY8,1
RT @FoxNews: Experts: Social media giants fight Trumps anti-terror plan while providing platform for terrorists https://t.co/skMzy0FcC9,1
"RT @brithume: This is a terrific piece by @RadioFreeTom --&gt; Chill, America. Not every Trump outrage is outrageous. https://t.co/3HnG2VLoIq",0
RT @UncleRodge: David Brocks Shareblue to Be Nucleus of Multi-Platform Anti-Trump Media Entity https://t.co/ewUtyD3IM8,1
Appeals court denies Trump request to immediately reinstate travel ban via the @FoxNews App https://t.co/fA8FYQUMlP,0
RT @G140 THE #Trump anthem! ?We will defend our home land!? https://t.co/NPhXbfZ92g,1
Leader of Al-Qaida in Yemen Mocks Trump After Raid https://t.co/SliePp5qAB,0
"RT @DKMatai: Poll: Who's RIGHT in #Trump v #AppealsCourt #TravelBan #Case?



9th Circuit Court #SundayMorning Melissa McCarthy #SNL Goes After Trump Again",1
"RT @ChristiChat: Goodbye Nordie!

Nordstrom drops Ivanka Trump clothing and accessories line.

#MAGA

https://t.co/nW0reVgyeb",0
"RT @jlsinc: You could genuinely change ""Trump"" to ""Brexiteer"" in every single instance here. https://t.co/nHevNPcph9",1
Leader of Al-Qaida in Yemen Mocks Trump After Raid https://t.co/e6M9mtdNEj,0
Oi @realDonaldTrump do you still continue to believe that @SeanSpicer is capable of rational talk with the media? #NoBanNoWall #Trump #MAGA https://t.co/1yvqWpDGEr,1
RT @newcrescent47: You think our country is so innocent?  Trump asks after OReilly calls Putin a killer https://t.co/F3tf2abwUn Trump telling the truth,1
RT @JayS2629: Middle School Student Attacked on Bus for Wearing Trump #MAGA Hat - Then Schools Suspends Him (VIDEO) https://t.co/WRbHg3pIf4,0
So-Called Judge Criticized by Trump Is Known as a Mainstream Republican https://t.co/yD79DEdHyp,0
@SkyNews Let's hope this doesn't turn out to be an anti-democratic rent-a-mob !! Anti Trump = Anti democracy !!,1
Leader of Al-Qaida in Yemen Mocks Trump After Raid https://t.co/5GiPtOPTFt,0
Schumer slams Trump for attacking federal judge https://t.co/Ko9gLmZZfw https://t.co/DVjmHNCTCS,0
RT @ed_hooley: HOW RONALD REAGAN HANDLED THE UC BERKELEY PROTESTS #MAGA #MiloYiannapoulos #milo #Trump #PepsiHalftime #SuperBowl https://t.co/rbalLaRUki,0
"RT @jpodhoretz: if Trump knows of an American president who has seen to it that independent press and broadcasters are shuttered, he should let us know.",0
RT @MaryWestFashion: God handpicked Trump for America ! God Bless Him and keep praying for him. Twitter Prayers at Super Bowl Halftime t https://t.co/tM3NZeqO96,1
"RT @DKMatai: Poll: Who's RIGHT in #Trump v #AppealsCourt #TravelBan #Case?



9th Circuit Court #SundayMorning Melissa McCarthy #SNL Goes After Trump Again",1
Leader of Al-Qaida in Yemen Mocks Trump After Raid https://t.co/utzLtuaGrE,0
"RT @AynRandPaulRyan: An Unprecedented New Lawsuit Could Force Trump to Release His Tax Returns

#theResistance #SundayMorning

https://t.co/s4MlAkyuau",0
RT @KeithOlbermann: The Deputy Editorial Page editor of The Wall Street Journal and I agree on the only word that fits @realDonaldTrump https://t.co/F7Z3LA6Om7,1
Leader of Al-Qaida in Yemen Mocks Trump After Raid https://t.co/0Jau8oex8Z,0
RT @crampell: Is Trump right that banks cant lend?  Business loans made by banks as share of GDP at highest level in 50 yrs https://t.co/RjEK2GLTY8,1
Leader of Al-Qaida in Yemen Mocks Trump After Raid: The leader of al-Qaida's affiliate in Yemen has released an https://t.co/tBFHiFCqyU,0
RT @CauseWereGuys: this guys trump impersonation is spot on ?  https://t.co/nIecTaMF4h,0
"RT @CitizensFedUp: Harley-Davidson told Trump to buzz off with all his baggage &amp; cancels meeting w/him https://t.co/RQbMlX06ur

#ThanksTrump",0
Leader of Al-Qaida in Yemen Mocks Trump After Raid https://t.co/GrzNivhO0e,0
RT @BBCBreaking: US appeals court rejects Trump administration request to immediately reinstate travel ban https://t.co/nDvCfpmAFK,0
@baseballcrank They are more focused on grinding the anti Trump axe than publishing accurate information. Don't expect them to change.,1
"New lawsuits against Trump since inauguration cite personal conflicts of interest &amp; unconstitutional EOs:

https://t.co/KcTUmKZ5R7",1
RT @Reuters: Kuwait denies it imposed travel ban praised by Trump https://t.co/mvuwFBjfx0 https://t.co/p2MgW0eRdH,0
Leader of Al-Qaida in Yemen Mocks Trump After Raid https://t.co/bQeNWHoQYY,0
"RT @crimethinc: Who Are the Anarchists? And why are both Trump and the Democrats so afraid of them?



https://t.co/yhgVke5oun https://t.co/f8SUl7LXzm",0
RT @NPR: It's hard to keep track of all's that's happened during the first two weeks of Trump's administration. Here's  recap https://t.co/VBVyr6L9cL,0
Leader of Al-Qaida in Yemen Mocks Trump After Raid https://t.co/bCqGMw1mJ1,0
Leader of Al-Qaida in Yemen Mocks Trump After Raid https://t.co/LLH5uQr91F,0
RT @yashar: In honor of Kristen Stewart hosting SNL - here are the 8 tweets President Trump posted about her in the past. https://t.co/0m24xxhGSg,1
"RT @arbolioto: ""Trump, Bannon, Farage, Boris and the Tory right want to polarise societies""  https://t.co/jRIM0J64tf",1
RT @LibyaLiberty: This is what I mean about the American people sending a message louder than Trump: https://t.co/8WXVFhZSfk,0
Leader of Al-Qaida in Yemen Mocks Trump After Raid https://t.co/7Ymt8smYCx,0
Leader of Al-Qaida in Yemen Mocks Trump After Raid https://t.co/biIoNDr90Y,0
Leader of Al-Qaida in Yemen Mocks Trump After Raid https://t.co/4flkLX7wzn,0
"Things have started off well under DHS Sec Kelly - Morale at Homeland Security has 'skyrocketed' under Trump

https://t.co/d1TV8OjRQX",1
"RT @ViewFromWise: I guess you have no choice when he has a Golden Shower video of you - ""Trump repeats his respect for killer Putin"" https://t.co/mW2F9NZOjk",1
"And when challenged that the Russian president is ""a killer"" Trump pushed back that the U.S. is not innocent.(Hero) https://t.co/1MYN0O4yaK",0
Leader of Al-Qaida in Yemen Mocks Trump After Raid https://t.co/1WcbRctw2S,0
"RT @DKMatai: Poll: Who's RIGHT in #Trump v #AppealsCourt #TravelBan #Case?



9th Circuit Court #SundayMorning Melissa McCarthy #SNL Goes After Trump Again",1
RT @Holbornlolz: Trump is no fascist. He is a champion for the forgotten millions | John Daniel Davidson https://t.co/a6MtbxSSVR,0
"RT @NickCohen4: ""Trump, modern fascism, and how to fight back"" - long read from me in the Observer

https://t.co/TZr0NiHJDI",0
Leader of Al-Qaida in Yemen Mocks Trump After Raid https://t.co/WYmzLIuYs6,0
Leader of Al-Qaida in Yemen Mocks Trump After Raid https://t.co/l578druD6L,0
"@nikkihaley you're doing great despite the problems with your boss (Trump), too bad you're not the President.",0
RT @hrkbenowen: MILO on Judge Jeanine: Donald Trump Should Withdraw Funding from Berkeley https://t.co/RUrwMMcZDU,0
"RT @ric_cole: An interesting analysis of #Trump's tweets.

via @gibilisco https://t.co/Jq6ZHOSh6Q",1
drop Nordstrom they disrespect our potus's family to hell with them they want us dead and disrespect all Trump voters #MAGA https://t.co/3EVjvGxaFy,0
RT @DannyPKC: This is great! #NoBanNoWall #MuslimBan #Trump https://t.co/45OcbK33MI,1
"RT @ABC: Australian PM Malcolm Turnbull reiterates he and Trump had a ""frank and forthright"" phone call; denies Trump hung u https://t.co/Iso7kFUDSF",0
"RT @markmobility: Monthly cost of:

Guarding Trump Tower: $30 million

Section 8 for all 15,856 homeless NYC families: $28 million",0
RT @WorldEventsNews: #Trump This is HUGE. Get all hands on deck for this. https://t.co/mSBn4VeW70 https://t.co/nlidGIV2GU,0
Uber CEO quits Trump advisory board amid criticism https://t.co/VqPyH4l3WD https://t.co/x9zlyavMDN,0
"RT @TeaPainUSA: Thanks to Trump, we're learnin' about how the Constitution provides checks for the unbalanced.",1
Leader of Al-Qaida in Yemen Mocks Trump After Raid https://t.co/giLf8oAIeI,0
"RT @funder: #Trump just made up a Polish battle. Hitler did the same thing before WWII



#DworkinReport #ImpeachTrump #resist https://t.co/oIO5UlrfZX",0
Dickface Donald Trump Is Spreading Racism  Not Fighting Terrorism https://t.co/uECaWiEEWt,0
"RT @ebonstorm: At $400,000 a day, it'll cost the nation $548,000,000 to keep Melania Trump in New York City for four years. https://t.co/U7ImUMeTSQ",1
"RT @markmobility: Monthly cost of:

Guarding Trump Tower: $30 million

Section 8 for all 15,856 homeless NYC families: $28 million",0
Leader of Al-Qaida in Yemen Mocks Trump After Raid https://t.co/Mm5ciUDj9o,0
RT @ObsoleteDogma: Trump saying we're no better than Putin's Russia is a big test for conservatives. Pay attention to who denounces this &amp; who doesn't.,1
Trump travel ban: Mike Pence defends president https://t.co/VsuuiB4Na8,0
RT @leahmcelrath: Trump has said climate change is a hoax created by the Chinese to make U.S. manufacturing less competitive. https://t.co/UWi8XVDO7L,0
RT @ZaibatsuNews: US appeals court denies request to restore Trumps immigration ban https://t.co/BOCuCj8cRu #p2 #ctl https://t.co/K0q6ArmHOy,0
OReilly told Trump  Putin is a killer. Trumps reply: You think our countrys so innocent? https://t.co/ZoAmSaR559 https://t.co/nCWM7yaPwh,0
"RT @DKMatai: Poll: Who's RIGHT in #Trump v #AppealsCourt #TravelBan #Case?



9th Circuit Court #SundayMorning Melissa McCarthy #SNL Goes After Trump Again",1
"RT @ddale8: Donald Trump Jr. faved a tweet about how Donald Sr. would get a political boost from Quebec killer ""being Muslim"": https://t.co/rsYpVWhngk",0
Constitutional crisis? What happens if Trump decides to ignore a judge's ruling. https://t.co/Mw0XAuDDOH,0
Trump travel ban: Mike Pence defends president https://t.co/5giK1clNTj,0
RT @AllenWest: WHOA: Look what we found about the judge who BLOCKED Trump's travel ban https://t.co/QqJO8FyIAF https://t.co/j79LAuuKaQ,0
RT @IngrahamAngle: Everything Trump does will be challenged in fed courts. Better get #Gorsuch confirmed fast. https://t.co/zqsGxZEkrQ,1
"RT @MomentumOx: Ken Clarke: Theresa #May &amp; Donald #Trump are no Margaret Thatcher &amp; Ronald Reagan

Post-#Brexit freedom is laughable https://t.co/kO8xRs5Cw8",1
Kim Jong Trump today announced that all American males must sport his haircut #Trump #DressLikeAWoman  #DumpTrump  #NoFascistBan,0
"To commemorate Black History Month, Trump administration decrees that white supremacists cant be terrorists https://t.co/X2sS98q9Ao",1
RT @adamjohnsonNYC: Here's what Jeff Cohen said about the media's coverage of Trump's bellicose foreign policy--which has thus far been https://t.co/ZyiRoDR503,0
"Set Your Clocks Back To 1950, Two White Men Are Advising Trump On Women In The Workforce  https://t.co/xaq33raQcB https://t.co/hLwducUfxe",1
US appeals court denies request to restore Trump's immigration ban after Trump spends day tweeting at federal judge https://t.co/9nLkWxu4do https://t.co/VPJ937qKex,0
RT @PIX11News: Federal appeals court denies Trump administration request to restore travel ban https://t.co/XRQtC9JMPF https://t.co/BV7NDOGl7H,0
"RT @KenRoth: Trump may be indifferent to kids from 7 mainly Muslim countries needing urgent surgery, but Canada opens its doors. https://t.co/reuKIAQFDE",0
RT @thehill: BREAKING: Appeals court rejects Trump administrations request to restore travel ban https://t.co/Psu7TqudOl https://t.co/LmDCwS896q,0
"RT @ChristiChat: Best vote I ever cast!

<U+2764> Trump



WATCH what @POTUS did in week two of his presidency to #MAGA

#AmericaFirst



https://t.co/4bzM3s8Tej",1
RT @AP: BREAKING: Appeals court denies Trump administration request to immediately reinstate ban on travelers and refugees.,0
"RT @AP: Trump Cabinet pick paid by 'cult-like' Iranian exile group, by @jongambrellAP  https://t.co/hhyDDtWjIz",0
"RT @mcspocky: Trump's so proud of Air Force 1, even though it doesn't have cool gold plating inside like his jet. #TheResistance

https://t.co/OlylwzhTL7",1
"RT @meanpIastic: Ellen DeGeneres' response to Donald Trump screening ""Finding Dory"" at The White House is everything: https://t.co/e0z8Rvm9Un",1
Trump defends Putin over Russia killings allegations - BBC News https://t.co/7AiCFNQHdK,0
"RT @VoteTrumpPics: Trump Twitter Rally?



RT? and show your support for DJT this Sunday, Feb 5th during Super Bowl Half Time Show at https://t.co/okPb11YbQw",1
"RT @MichaelAusiello: #SNL Video: @melissamccarthy as Trump Press Sec. Sean Spicer Is Amazing, Period https://t.co/5N0vG1ODp0 https://t.co/Tj9VczfJXY",1
RT @SenSanders: Taking on Trump will not be easy. We have to be smart about it and we have to stand together. https://t.co/x0BMtnQssW,1
RT @NPR: BREAKING: The Trump travel ban remains suspended after the 9th Circuit denied a stay on an earlier court order. https://t.co/GxVe0n9H3S,0
RT @souamesfarah: Gotta be today's best cartoon #Trump #travelban #Democracy #Constitution https://t.co/uQuRfJ1ORb,1
RT @AGOWA: Trump Administration's request for immediate administrative stay DENIED. https://t.co/R3tTRPyv3U,0
RT @mcspocky: Dems Tell Trump: Disclose Mar-A-Lago Guests To Dispel 'Pay-To-Play' Charges https://t.co/kr7g5qPi2Y https://t.co/iISE6ZPwlD,0
"RT @TheMarkRomano: Thanks, George W. Bush:



Your judges have upheld Obamacare and halted President Trump's travel ban.



I wonder how t https://t.co/MrEgVJLiwx",1
"RT @GerrishLisa: Watch: Trump Defends ""Killer"" Putin in Bill O'Reilly Pre-Super Bowl Interview - Everyday, Trump is a train wreck. https://t.co/QXIWAdhhUA",0
RT @theonlyadult: It's Trump's America Va. America. Pick a side. https://t.co/RKl63B8EId,0
Court Denies Trump Request To Immediately Restore Travel Ban #Pittsburgh https://t.co/SnlGZws7uB,0
RT @IngrahamAngle: Everything Trump does will be challenged in fed courts. Better get #Gorsuch confirmed fast. https://t.co/zqsGxZEkrQ,1
RT @patcondell: I was anti-Trump until I listened to the anti-Trump media and anti-Trump protesters. Now Im 100% pro-Trump and I h https://t.co/gmiYl3othY,0
"RT @Lawrence: Who in Trump administration has biggest incentive to leak?

Pence?",0
"RT @alyssabereznak: yep, theres ivanka trump just casually sitting in on trump's economic advisory council meeting https://t.co/qLh5VDpEq9",1
RT @aljwhite: Look forward to Trump having a shitfit over Kristen Stewart in a few hours https://t.co/PYy8tsM14y,1
"RT @DKMatai: Poll: Who's RIGHT in #Trump v #AppealsCourt #TravelBan #Case?



9th Circuit Court #SundayMorning Melissa McCarthy #SNL Goes After Trump Again",1
"RT @DKMatai: Poll: Who's RIGHT in #Trump v #AppealsCourt #TravelBan #Case?



9th Circuit Court #SundayMorning Melissa McCarthy #SNL Goes After Trump Again",1
RT @EricAPosner: Neil Gorsuch must condemn Trump for so-called judge remark; his friends in the legal community must withhold their support until he does.,0
"RT @rafshmatko: Nikolai #Shmatko: ""A new epoch is emerging, one that is called ""the time of US President #Trump""! https://t.co/oWXggfa9Bm",1
"RT @RuneRaabye: Extremely interesting analysis.

If Trump Hands Over Ukraine, He Will Make Russia Great Again - Jamestown https://t.co/NySipQDL4z",1
"RT @Trump_Pence16: HEY CHUCK, WE WON! CRYBABY SCHUMER Leads Chant Dump Trump! During NYC Protest https://t.co/Wh0YbaUHma https://t.co/uZGikNgq9g",0
RT @EricBoehlert: shorter Trump: Putin could stand in the middle of 5th Ave and shoot somebody and not lose my support https://t.co/v1qoGRVNJ5,0
"South of the border, Mexicans are puzzled by Trump's relentless and pointless antagonism - Los Angeles Times  https://t.co/Un4yW50JLT",0
Leader of Al-Qaida in Yemen Mocks Trump After Raid https://t.co/e7MaZ4npC2,0
Giuliani withdraws Trump cabinet candidacy https://t.co/68JSAG3G4A #TrumpTransition #PresidentElectTrump #MAGA,0
RT @Stimulus4U: The 30 mile no-fly zone around the #SuperBowl isn't there to protect you from Trump supporters.,1
@WOTCHA999 @THEBALDEAGLE2 @caterhamcr3 @realDonaldTrump trump is part of truth movement fyi,1
Not just 'bad hombres': Trump is targeting up to 8 million people for ... - Los Angeles Times https://t.co/jMoukyA51S,0
"@marlahohner @realDonaldTrump even if she did jump a fence, trump clearly didn't mind while she was scrubbing his floors, feeding his kids",1
@oteyblunt @IvankaTrump boycott bc she stands by her dad and his policy.Her husb is by his side and the trump business isnt in a blind trust,0
RT @KaraCalavera: One thing I forgot to add: I am more terrified of what Trump &amp; Bannon are doing to the United States now than I wil https://t.co/oN3OSMaHcy,0
"RT @RawStory: 'Australia sucks, prepare to go to war': Alec Baldwin returns to SNL as Trump botching world leader calls https://t.co/fkvOIVuwIi",0
"RT @dailykos: Trump couldn't shut up about Obama's vacations, but he's headed to Mar-a-Lago after just two weeks https://t.co/umzsNfhaZd",1
RT @drsarah13: @tjmaxx - trump products being sold by you? I'll shop elsewhere. Put yourself on the right side of history!#GrabYourWallet #resist,0
"RT @AP: Trump Cabinet pick paid by 'cult-like' Iranian exile group, by @jongambrellAP  https://t.co/hhyDDtWjIz",0
RT @ed0rable: Donald Trump hasn't tweeted anything today is he dead,0
RT @artoopio: KRISTEN MOCKED DONALD TRUMP AND CAME OUT AS GAY IN SNL MONOLOGUE WHEN WILL YOUR FAVE https://t.co/1lj07smIld,0
"RT @avram: my name is Trump,

and wen its nite,

or wen my teevees

shiyning brite,

i want to shar

the thot ive had.

i stay up late

&amp; tweet it. sad.",0
RT @HvstheD: US appeals court denies request to restore Trumps immigration ban #TeamHillary #vs #TeamDonald https://t.co/EOjgH5RjnN,0
I liked a @YouTube video from @vigalantee https://t.co/kYYOcH6DZw Was It Worth It? Fox Dumps Stacey Dash in Trump Era,0
"RT @TomthunkitsMind: Trump supporters got played, will pay thru 401k's, foreclosures, predatory lending, higher gas prices, sale of publ https://t.co/8Ieih6hJdl",0
RT @GopAaron2: Watch as 2 men are killed just for being gay. This is what Trump is trying to keep out! #Stonewall #MuslimBan https://t.co/fL1D2dzm7g,0
"RT @Lawrence: Who in Trump administration has biggest incentive to leak?

Pence?",0
RT @JohnTDolan: Wouldn't it be GREAT if when Gaga starts into her ?? Anti Trump rhetoric the crowd drowns her out with Boooos.  ReT https://t.co/vdvKFgG8kx,0
RT @PolitikMasFina: Trump and neo cons are dumb enough to fall for this I think https://t.co/ECjCuKAeaL,0
"RT @GeorgeTakei: Fox's O'Reilly said to Trump, ""Putin's a killer."" Trump shrugged saying, ""You think our country is so innocent?"" Don't drink the tea, folks.",0
Anti-Trump protesters planning MASSIVE nationwide action to https://t.co/48fIsBxBX2,0
"RT @tribelaw: It would be good strategy for Judge Gorsuch to condemn Trump's ""so-called judge"" remark. If he doesn't, that in itself would be troubling.",0
"RT @HuffingtonPost: Veterans vs. Trump: Pipeline will never be completed, warriors vow https://t.co/xhKOUxRmwt https://t.co/y2YZt6dRDK",1
"Alec Baldwin returns as President Trump  in hilarious SNL Cold Open 02/04/17 - February 4, 2017 https://t.co/IFXOPkK6Ua",1
"RT @30SecKnockouts: Donald Trump really got people bold, called him a nigger then folded when he asked him to say it again ? https://t.co/IjI6TGqWMs",0
RT @maggieNYT: So-Called Judge Criticized by Trump Is Known as a Mainstream Republican - https://t.co/pA75X6UWJg https://t.co/quBFLYtbvM,0
Donald Trump attempt to reinstate US travel ban fails https://t.co/7la2AF3sBp via @FT,0
"RT @ezlusztig: 2. The Republican representative McClintock, to his credit, repeatedly threw Trump and the GOP under the bus at thi https://t.co/JhOe5QgnoQ",1
Trump travel ban: Mike Pence defends president https://t.co/zQjYUeMXrV,0
RT @piersmorgan: Reposting this photo from yesterday's London anti-Trump march. Staggering. https://t.co/aAvJ6yJXID,0
"RT @markmobility: Monthly cost of:

Guarding Trump Tower: $30 million

Section 8 for all 15,856 homeless NYC families: $28 million",0
"RT @RyanLizza: In 1 tweet Trump contradicts his spokesman, shows lack of basic knowledge about our constitutional structure, and m https://t.co/EcKHPefAYY",1
"RT @wikileaks: Trump on US government last night: O'Reilly: ""Putin's a killer"" Trump: ""There are a lot of killers. You think our country is so innocent?""",0
"RT @SandraTXAS: So Soros resistance anarchist are pissed that Trump blocked immigration from countries that Obama bombed? ??



#MAGA https://t.co/c9Lmsns9Zn",0
RT @Carter_PE: Thanks to 9th Circuit Court of Appeals staff for creating webpage w/filings &amp; orders in Wash./Minn. v. Trump https://t.co/BVrFLDgqjY,1
"RT @TheTrumpLady: DON'T UNDERESTIMATE TRUMP AS #potus45. Everyone did this entire past 18 mos. 17 candidates, Clintons, MSM, Celebrit https://t.co/h6ZKEkwwmL",0
"RT @thehill: WATCH: Trump and Bannon as Grim Reaper go to war with foreign leaders on SNL

https://t.co/M6W9SsF3Ew https://t.co/HmKouPe45k",0
"RT @luisbotello41: my dad's friend owns a restaurant and he got this today in one of the receipts.

This is Trump's America, disgustin https://t.co/Mi2wRgVuMh",1
"RT @RobPulseNews: The moment Trump lawyer tells judge Robart of travel ban: ""We actually don't think you're supposed to look at wheth https://t.co/6ZVmXeUsM0",0
"RT @RiskyLiberal: #Impeach this asshole ""No readout of Trump-Putin call because White House turned off the recording"" in violation of Presidential Records Act",0
RT @crampell: Is Trump right that banks cant lend?  Business loans made by banks as share of GDP at highest level in 50 yrs https://t.co/RjEK2GLTY8,1
"RT @wikileaks: Trump on US government last night: O'Reilly: ""Putin's a killer"" Trump: ""There are a lot of killers. You think our country is so innocent?""",0
RT @StephenKing: Trump's tweets are both malevolent and excruciatingly dumb. He comes off sounding lie a pro wrestling bad guy from 1965.,0
"RT @YouGiveMeFever7: With Trump's sudden rush to ban Muslims, one must wonder how Obama managed to keep us safe from major attacks for 8 years without a ban.",1
Trump travel ban: Mike Pence defends president https://t.co/FFTa6ma6Fx,0
RT @donnabrazile: Sunday reading: This Is How Steve Bannon (Trump's ideologist) Sees The Entire World https://t.co/bwXj3B2ZRP via @jlfeder,1
"RT @os4185: A Berkeley rioter, he beat Trump supporters and bragged about it, which led to his identity. Guess who he works for? https://t.co/TwgEUfL2tJ",1
RT @aljwhite: Look forward to Trump having a shitfit over Kristen Stewart in a few hours https://t.co/PYy8tsM14y,1
RT @WelshGasDoc: Donald Trump consoles himself following the Courts latest ruling against him https://t.co/UAo9eqSqeS,0
Live updates: The latest in Washington state since judge halted Trump's travel ban - The Seattle Times https://t.co/4mF6VJvGl2,0
RT @hectormorenco: Replacing Ruth Bader Ginsberg with a constitutionlist &amp; conservative justice will be one of Trump's biggest accompl https://t.co/Lqwqo22DCc,1
RT @DavidJo52951945: Former Archbishop of Canterbury blasts hysterical protests against Trump &amp; says we should pursue a US trade deal https://t.co/Pu3TsR5YL7,0
"RT @IMPL0RABLE: #TheResistance #ImpeachTrump #SNL



SNL Saturday Night Live.

It's amazing how:

Seeing real Trump = nausea.

Seeing Ba https://t.co/flBbSYfuqE",1
President Trump's do-it-himself approach just suffered a big  and unusual  early setback - Washington Post https://t.co/L1Pft3DvWh,0
RT @IngrahamAngle: Everything Trump does will be challenged in fed courts. Better get #Gorsuch confirmed fast. https://t.co/zqsGxZEkrQ,1
"RT @markmobility: Monthly cost of:

Guarding Trump Tower: $30 million

Section 8 for all 15,856 homeless NYC families: $28 million",0
"mashable: Alec Baldwin's Trump is back on 'SNL': 'Prepare to go to war'

https://t.co/XkuNcAmP4X",0
Leader of Al-Qaida in Yemen Mocks Trump After Raid https://t.co/ttaXR0aMGs,0
RT @peter_temel: BREAKING: Donald Trump has been reset to the settings of the manufacturer. https://t.co/srWWCoo6Rk,0
RT @JustSchmeltzer: So @ABFalecbaldwin as Trump wearing a Russian Flag pin is an excellent touch. https://t.co/4HCYZInlrP,1
@dsltwitt @sddickerson Get your facts right. He passed due to insufficient intelligence. And he was proven right. Trump blames others as per,1
RT @michele86455429: How much more fucking stupid can you possibly make your worthless self sound Trump?? WE'RE NOT GOING BACK. Wrap you https://t.co/a0UtFGAud4,0
Leader of Al-Qaida in Yemen Mocks Trump After Raid https://t.co/3D3febAdzS,0
RT @starfirst: Via @NPR: Ethics Lawyers Call Trump's Business Conflicts 'Nakedly Unconstitutional' https://t.co/72wMFq4Iic,0
Leader of Al-Qaida in Yemen Mocks Trump After Raid https://t.co/5ly1V2PjuJ,0
Preview of the Sunday Train: The Steel Interstate &amp; Sustainable Transport in the Age of Trump https://t.co/F5FvP6kXab via @VotSquare,1
"Alec Baldwin Revives His Trump, With SNL Cast As World Leaders https://t.co/2swULkePms via @YahooNews",1
RT @amcallingyouout: The Pope just SLAPPED Trump in the face #hesnotmypresident #TheResistance #GrabYourWallet @realDonaldTrump https://t.co/B5sZWR7bKo,0
"RT @AndrewzCooper: La la land latest



Trump defends Putin over Russia killings allegations - https://t.co/lq0lRVouoX",0
Elon Musk says he put travel ban on Trump's council meeting agenda https://t.co/U5EqtRsdXh https://t.co/uaiodJ8gr2,0
"RT @peterdaou: This holds true for all the gun-toting, tough-talking Trump voters who seem petrified of 5-year-old refugees, but a https://t.co/5LbR1xAtMU",0
<U+2714> Court Denies Trump Request to Immediately Restore Travel Ban https://t.co/V8sBBCzSe4 #NewsIglesia https://t.co/GQ3YYoVL0J,0
Leader of Al-Qaida in Yemen Mocks Trump After Raid https://t.co/1c7IKsQydW,0
RT @Skepticsrebutt: @milesjreed What we really need to ban is Trump supporters. https://t.co/GWehMQkj22,0
RT @StephensWSJ: Trump puts US on moral par with Putin's Russia. Never in history has a President slandered his country like this.  https://t.co/LrP8ycG1Y9,1
"RT @PatVPeters: Make Argentina Great Again? South America Leader Follows Trump, Cracks Down On Illegal Immigration And Mulls

 https://t.co/pzIfYqB2Uz",0
RT @ScottAdamsSays: The anti-Trump protests are in chaos. The #fakenews biz has turned them into violent clickbait hamsters for $$$. The top 1% wins again.,0
"RT @mcspocky: Appeals Court Denies Request For ""Immediate"" Order Bringing Back Trump's Travel Ban https://t.co/L0Qnl8Aew3

Heh heh https://t.co/N2dCxbNxuO",0
I am energetically mixed about my smearing of trump.,0
RT @ARnews1936: Starbucks CEO Attacks Trump And Stocks Nosedive After Boycotts Ensue (TWEETS) https://t.co/3O7ViKJVD7 #arnews1936 #feedly,0
"RT @BraddJaffy: O'Reilly: Putins a killer.



Trump: ...weve got a lot of killers. What do you thinkour countrys so innocent? https://t.co/OVR4XBJq1b",0
"RT @AP: Trump Cabinet pick paid by 'cult-like' Iranian exile group, by @jongambrellAP  https://t.co/hhyDDtWjIz",0
"I'm Donald Trump and I approve this message!""



https://t.co/e25eOCO0C1 https://t.co/Y2cru87ePH",1
Leader of Al-Qaida in Yemen Mocks Trump After Raid https://t.co/tlXSn5FsZj,0
RT @br_uk: Even Trump knows its time. https://t.co/OgRJNO2ne3,0
@ChelseaClinton you hypocrite. Had to throw in that comment about trump. Nvr mind that his daughter is jewish. Son in law too. U r a loser,0
"RT @thehill: WATCH: Trump and Bannon as Grim Reaper go to war with foreign leaders on SNL

https://t.co/Z7MeikBTzh https://t.co/vtCsLEMJ0h",0
"RT @SupermanHotMale: Dear friends, do you want to stick your thumb in #Trump's eye?

Good, then follow @nbcsnl like I did.

THANK YOU !!!",1
RT @Newsweek: A 9/11 survivor cheers the suspension of Trump's immigration ban | Opinion https://t.co/DKgVn7oMpw https://t.co/l7za3pymcV,1
RT @starfirst: Caroline Kennedy: Donald Trump's 'America first' approach is 'alarming' https://t.co/aKtWKTBor7 via @todayshow,0
RT @AllenWest: WHOA: Look what we found about the judge who BLOCKED Trump's travel ban https://t.co/QqJO8FyIAF https://t.co/j79LAuuKaQ,0
RT @artoopio: KRISTEN MOCKED DONALD TRUMP AND CAME OUT AS GAY IN SNL MONOLOGUE WHEN WILL YOUR FAVE https://t.co/1lj07smIld,0
Leader of Al-Qaida in Yemen Mocks Trump After Raid https://t.co/qOzTFDookj,0
"RT @NegarMortazavi: Trumps #MuslimBan will help Americas enemies abroad &amp; weaken potential allies in fight against extremists. @borzou

https://t.co/KpPQJqz4vC",0
Leader of Al-Qaida in Yemen Mocks Trump After Raid https://t.co/VxjRtiC7jI,0
RT @matthaig1: As much as I am pessimistic about Trump and Brexit I am massively optimistic about the millions of open-minded people rising up to resist.,0
"Angelina Jolie Just Responded To Trumps Muslim Ban, And Its Perfect - https://t.co/16B8X4tH9F",1
"RT @SaveOurSoulsmag: TRUMP! TRUMP! TRUMP! TRUMP! TRUMP! TRUMP! TRUMP!



Now that we have your attention, check this out... https://t.co/ajmEBmiPIk",1
Justice Department Asks Appeals Court to Restore Trump Immigration Order - Wall Street Journal https://t.co/QMothceFgc,1
RT @SADGllRL: THE BRITISH PARLIAMENT ROASTING DONALD TRUMP IS MY FAVORITE THING. https://t.co/4jF9Z6niXF,1
Leader of Al-Qaida in Yemen Mocks Trump After Raid https://t.co/LEjBtcdKNc,0
RT @gagadaily: Here's why #LadyGaga won't be mentioning @realDonaldTrump during her #SuperBowl #PepsiHalftime show performance: https://t.co/be0Flt9DJa,1
"RT @thehill: Michael Moore trolls Trump over tweet attacking judge: ""Thank you, So-Called President Trump!"" https://t.co/tFHGVnzngt",0
"RT @daclarenceclark: I am looking at quite a few photos of @POTUS Trump's #InaugurationDay crowds,and they are MASSIVE! #Hannity",0
RT @patcondell: I thought Trumps campaign was a joke at first. Then I listened to him &amp; his opponents and changed my mind. He gets it on Islam. They dont.,1
"RT @anneapplebaum: Macron has 78 days to hold out against Trump/Putin trolls, Assange and Wikileaks, and combined forces of the Fascis https://t.co/XeJoDZHNj2",0
RT @CauseWereGuys: this guys trump impersonation is spot on ?  https://t.co/nIecTaMF4h,0
RT @tribelaw: 2/ business with Trump but sent the 9/11 terrorists here,0
RT @artoopio: KRISTEN MOCKED DONALD TRUMP AND CAME OUT AS GAY IN SNL MONOLOGUE WHEN WILL YOUR FAVE https://t.co/1lj07smIld,0
"RT @AJemaineClement: Hitler - failed painter

Trump - cancelled tv host

Bannon - failed documentary maker

Conway - failed stand-up



Support the arts and media",0
#USA Leader of Al-Qaida in Yemen Mocks Trump After Raid: The leader of al-Qaida's affiliate in Yemen has https://t.co/7f2F3xAFzx #News,0
Leader of Al-Qaida in Yemen Mocks Trump After Raid https://t.co/A8LCiZP2uk,0
RT @NathanDWilsonFL: Trump's toughest problem (and our biggest threat): The incredible rise in Christian persecution |  https://t.co/di8F2f2Nvm @Love_The_Donald,0
RT @starfirst: Via @NPR: Ethics Lawyers Call Trump's Business Conflicts 'Nakedly Unconstitutional' https://t.co/72wMFq4Iic,0
"@JohnKingCNN re Inside Politics comment: Trump is making good on his campaign promises...Yes, except one: To unify the country....",1
US court rejects bid to immediately restore Trump's travel ban https://t.co/v89d9yEl1d https://t.co/jUDEORbFPA,0
"RT @davidwchen: ""So-called judge"" blasted by Trump is an ""even-tempered"" Republican, appointed by Bush and approved 99-0 https://t.co/BTLXk1csQw",1
"RT @MariaVukmir: Donald Trump Suffers From Pen Dysfunction



The Jimmy Dore Show 2/5/17



https://t.co/Dn64GR5aOW via @youtube",0
"RT @RealAlexJones: Donald Trump Basher Khan Is Muslim Brotherhood



Full Video: https://t.co/955DI92Vly https://t.co/gXK8CFXfsd",1
Leader of Al-Qaida in Yemen Mocks Trump After Raid https://t.co/84jVRROlEW,0
"RT @Yahktoe: Fascist n-dimensional chess aside, the Trump administration feels like a 5th grade book report from a shitty kid who never read the book.",0
"RT @WoodardColin: I asked @SenatorCollins (and others) about her role in Trump age for this @PressHerald profile:

https://t.co/wyhIieoCwn",0
"RT @satanseyebrows: 'Hey, Donald Trump! I wanna know why you're such a cunt!' https://t.co/7zkFF1LgSp",0
Leader of Al-Qaida in Yemen Mocks Trump After Raid https://t.co/RpmVvfUYHd,0
Leader of Al-Qaida in Yemen Mocks Trump After Raid: The leader of al-Qaida's affiliate in Yemen has released an https://t.co/yApQw0mDG0,0
Leader of Al-Qaida in Yemen Mocks Trump After Raid https://t.co/qeKZfiflhZ #International,0
#9thCircuit #9thciruitcourt Federal judge Vs. Trump travel ban https://t.co/RQpnpbOiTn,0
Leader of Al-Qaida in Yemen Mocks Trump After Raid https://t.co/PGBdjmkAcH,0
RT @DTrumpExposed: What will Donald Trump do this #SundayMorning in order take the attention off of #SuperBowlSunday and put it on him https://t.co/59sY7Y38uF,1
"RT @funder: Trump defends Putin



#DworkinReport #resistance #TrumpRussia #resist #theresistance #muslimban #amjoy #nobannowall https://t.co/R4QnGZhuUE",0
"RT @jaketapper: Trump defends Putin: ""You think our country's so innocent?"" https://t.co/nW65mtBp0C",1
Leader of Al-Qaida in Yemen Mocks Trump After Raid https://t.co/1L8Wz4rIln,0
"RT @jeneps: Trump on immigration appeal: ""We'll win. For the safety of the country we'll win."" https://t.co/ffOPCgtPBv",1
"RT @theMattachines: The moment Donald Trump suggests anyone disobey the federal court order then we will be in a constitutional crisis.



https://t.co/4YyTEj6g1n",0
RT @artoopio: KRISTEN MOCKED DONALD TRUMP AND CAME OUT AS GAY IN SNL MONOLOGUE WHEN WILL YOUR FAVE https://t.co/1lj07smIld,0
RT @Impeach_D_Trump: The majority of Britain now says Trump's visit should be cancelled. (53%) is now larger than Brexit (51.9%) Referendum!,1
Like trump can make the differents hahaahahhah,1
RT @AdamsFlaFan: #ImpeachTrumpNOW       Donald Trump Is Unraveling Decades of Foreign Policy in a Manner of Weeks @alternet https://t.co/fls4QVzlRh,0
RT @vivelafra: Murder by Islam: 3 Stories.  #BanSharia #Trump https://t.co/nz9jbUS5uh,0
NEW THIS MORNING: Appeals court denies Trump administration request to immediately reinstate ban on travelers and refugees.,0
"RT @NickKristof: My Sunday column: Post-Trump,  Canada may now be the country best reflecting the values of the Statue of Liberty https://t.co/GpOuenHUza",1
Leader of Al-Qaida in Yemen Mocks Trump After Raid https://t.co/fzDQRC4Out,0
RT @ezlusztig: False Equivalency alert. This assimilation of Trump to previous administrations is utter garbage. Don't believe a w https://t.co/AW8EtoJhpz,0
"RT @paulkrugman: If Trump can call Robart a ""so-called"" judge, can we call him -- with infinitely better justification -- a ""so-called"" president?",1
RT @LibyaLiberty: This is what I mean about the American people sending a message louder than Trump: https://t.co/8WXVFhZSfk,0
RT @UPROXX: Melissa McCarthy's Sean Spicer is even better than Alec Baldwin's Donald Trump on #SNL https://t.co/J6ZyqkwZkT https://t.co/MfQVbW87dS,1
RT @ezlusztig: Let's take a moment to be grateful that Trump and Bannon are such incompetent fools. This was the wrong time to pic https://t.co/vcQrGWO4kz,0
#6 Sat @ NewsHound.ca - @timescolonist: US suspends enforcement of travel ban; Trump bashes judge https://t.co/Rc66Z4LmQO #cdnpoli,0
"RT @HamiltonElector: If impeaching Donald Trump is the first thing you think about in the morning, and the last thing you think about at night, we understand.",0
"RT @Impeach_D_Trump: 9th Cir. Appeals court denies immediate ""administrative"" stay of Judge Robart's order on immigrant ban. Another los https://t.co/Xo60XhxULc",0
"RT @PrisonPlanet: Turns out that you can't use Twitter to threaten Trump supporter's children, violence &amp; doxxing. This account final https://t.co/rgipGho3m9",0
RT @Reuters: Kuwait denies it imposed travel ban praised by Trump https://t.co/mvuwFBjfx0 https://t.co/p2MgW0eRdH,0
"RT @brianklaas: Trump is going on his first taxpayer-funded vacation this weekend, which will cost $3 million &amp; Melania's security https://t.co/5Qj41kV1zr",1
RT @EricSpracklen: Who are Trump supporters? RETWEET if you agree! https://t.co/sKkEyWETVo,1
Super Bowl: Trump protesters and Lady Gaga prepare for Houston spectacle https://t.co/uGkHZR2cZO,1
"@TorontoStar Power to the people, Fuck Trump. #justice",0
"RT @KenThackerey: Try telling #Trump that......

Don't think he'd agree with you https://t.co/Nc5rEAVVFV",1
Leader of Al-Qaida in Yemen Mocks Trump After Raid https://t.co/JYxtpEGoz1 #TEAMFOLLOWBACK,0
"RT @larryelder: Those upset with Trump for saying, ""You think America is so innocent?"" had no problem when Obama repeatedly apologized for America.",0
"RT @Yair_Rosenberg: Trump keeps bringing out America's greatness, just not in the way he intends https://t.co/6aDtnfqk6x",1
#UCWRadio  Leader of Al-Qaida in Yemen Mocks Trump After Raid https://t.co/7enuUlvDtM #news,0
"RT @anneapplebaum: Macron has 78 days to hold out against Trump/Putin trolls, Assange and Wikileaks, and combined forces of the Fascis https://t.co/XeJoDZHNj2",0
RT @AP: BREAKING: Appeals court denies Trump administration request to immediately reinstate ban on travelers and refugees.,0
#StarNEnews Super Bowl: Trump protesters and Lady Gaga prepare for Houston spectacle https://t.co/hvjWuagLiS,1
RT @StephenKing: Trump's tweets are both malevolent and excruciatingly dumb. He comes off sounding lie a pro wrestling bad guy from 1965.,0
RT @Carter_PE: Thanks to 9th Circuit Court of Appeals staff for creating webpage w/filings &amp; orders in Wash./Minn. v. Trump https://t.co/BVrFLDgqjY,1
US court rejects bid to immediately restore Trump's travel ban https://t.co/tcZYJ6NfO7 https://t.co/fwXpySl0wi,0
"RT @jayjayfrench: The Trump phenomenon finally explained

Thanks to Blazing Saddles https://t.co/hwIepE4pgu",1
"Big Sean raps about murdering Trump, Why isn't the the story: Secret Service visits Big Sean?  https://t.co/TPbqOWj0gd",0
"RT @ggawronski: the progressive movement has decided that @realDonaldTrump is the embodiment of pure evil and must be opposed, howe https://t.co/zZMFiz8Ohs",0
US court rejects bid to immediately restore Trump's travel ban https://t.co/Uo3g7hn5GW https://t.co/6X6mSkpOg8,0
Reader Questions Answered On Trump's Travel Ban - https://t.co/Un2WywyyAT https://t.co/IR8T3X6O3R,0
"RT @Khanoisseur: 1. Deutsche Bank which loaned Kushner, Trump $700+ million was fined (again) 2 days ago for helping Russians launde https://t.co/N7kvzu8cet",1
"Erdoganist Turks nd Fethullahist Turks got trillion dollars by deceiving Muslims with islam, Trump is right when he says ""islamic terror"" :D",0
"No I understand. I was like that once. However, very glad Trump is keeping his campaign promises &amp; Im fighting #DNC hypocrisy against him. https://t.co/77nhawBZ2j",0
RT @IngrahamAngle: Everything Trump does will be challenged in fed courts. Better get #Gorsuch confirmed fast. https://t.co/zqsGxZEkrQ,1
Will the Supreme Court Stand Up to Trump? https://t.co/bmEjJxNsUD,1
Trump repeats respect for 'killer' Putin: 'Do you think our country's so innocent?' There are a lot of killers.' https://t.co/2KBiB7hSU2,0
"RT mashable ""Alec Baldwin's Trump is back on 'SNL': 'Prepare to go to war'

https://t.co/QGxkoH1dHJ""",0
RT @nytimes: Stage is set for showdown over Trump's authority to tighten borders in the name of protecting U.S. from terrorism https://t.co/b945i9yjhb,1
@LibyanBentBladi @jfreewright Trump nor the White House has said one word about this. Not one. Shameful.,0
RT @AGOWA: Trump Administration's request for immediate administrative stay DENIED. https://t.co/R3tTRPyv3U,0
"Trump Cabinet pick paid by 'cult-like' Iranian exile group, by jongambrellAP  https://t.co/9R5EV3XzIm https://t.co/Eo3sNva1ld",0
RT @washingtonpost: Meet the Bush-appointed federal judge who halted Trump's executive order https://t.co/cGqiK2Ii4p,0
RT @theonlyadult: It's Trump's America Va. America. Pick a side. https://t.co/RKl63B8EId,0
Trump asylum policy could upend US-Mexico relations - CNN https://t.co/OfXownZxyg,0
"RT @cjwerleman: Canadian MP gets standing ovation for calling Trump's #MuslimBan ""fascist behavior."" https://t.co/rnQRs0BLBH",1
"RT @ChristiChat: Best vote I ever cast!

<U+2764> Trump



WATCH what @POTUS did in week two of his presidency to #MAGA

#AmericaFirst



https://t.co/4bzM3s8Tej",1
"RT @tribelaw: I'm trying to imagine how people would react if a Judge Robart had called Trump ""this so-called president.""",0
Leader of Al-Qaida in Yemen Mocks Trump After Raid https://t.co/1n8jEUPte7,0
#Trump Travelers rush to board U.S. flights while Trump ban blocked https://t.co/7267If2Uci,0
. @GovMikeHuckabee and Trump supporters are boycotting over a COMMERCIAL. a commercial - you know - those things that aren't real.,0
RT @France4Hillary: BREAKING: A federal appeals court early Sunday rejected a request by the Justice Department to restore Trumps #MuslimBan! Another defeat!,0
RT @yashar: In honor of Kristen Stewart hosting SNL - here are the 8 tweets President Trump posted about her in the past. https://t.co/0m24xxhGSg,1
"RT @Impeach_D_Trump: Mr. Trump, I thought we Were ""Going to be Sick Of Winning"".  You lost the popular vote and now lost to the court TW https://t.co/OzsYT8BQVw",0
RT @LawyerRogelio: Trump today disrespected  Federal Judge Robart by accusing him of granting outrageous order. https://t.co/zbfniSJmGX,0
"RT @DLin71: OBAMA: America is imperfect

GOP: TREASON



TRUMP: America is like a murderous thug

GOP: Shield your eyes in the presence of this patriot",0
"Thousands protest in US, Europe over Trump travel ban New York, United States, Feb 5  From London and Paris to Ne https://t.co/r1Me6XkOeD",1
The days of pretending that this isnt serious are over: GOP adviser calls on media to expose Trumps treason https://t.co/OE3TOhRJ8N,0
#Trump Leader of Al Qaeda in Yemen mocks Trump after raid https://t.co/6orI3aMHLL,0
"RT @alyssabereznak: yep, theres ivanka trump just casually sitting in on trump's economic advisory council meeting https://t.co/qLh5VDpEq9",1
RT @CheriJacobus: 1. One of the positive aspects of Trump/Bannon extremism in the first 2 weeks is that it's harder to deny the trouble we're in &amp; can act,0
"RT @MaximEristavi: Ukraine's #Avdiivka is microcosm, case study of the kind of chaos Trump's administration already brings to the worl https://t.co/x7Hc4xD1ZM",0
"RT @thehill: WATCH: Trump and Bannon as Grim Reaper go to war with foreign leaders on SNL

https://t.co/M6W9SsF3Ew https://t.co/HmKouPe45k",0
RT @aljwhite: Look forward to Trump having a shitfit over Kristen Stewart in a few hours https://t.co/PYy8tsM14y,1
"RT @TheMarkRomano: See how the courts work...



When Obama issues a travel ban, it is perfectly fine.



When Trump does the exact same thing, it is illegal.",0
RT @thehill: Warren shreds GOP for supporting Trump's rhetoric https://t.co/p5XpbZ7N4q https://t.co/QBS0qhVgcH,0
RT @jack_welch: CNN this morning wringing hands over Trump deficit proposals...Where were they when Obama was adding 10 trillion??,0
RT @pnehlen: Bureaucrats Attempting to Sabotage Trump with Leaks - Breitbart https://t.co/M6tbZN0sxS via @BreitbartNews,0
Tech Firm Suing BuzzFeed for Publishing Unverified Trump Dossier https://t.co/pC2ZTgeIwq https://t.co/HyTswIumSa,0
Appeals court denies Trump on travel ban https://t.co/Zgt8UBo1io via @yahoo,0
Most Left-Wing Appeals Court in Nation Denies Trump Request to Reinstate Travel Ban https://t.co/wLRoC9ZQQB #MAGA https://t.co/Ye8DNqYQfx,0
"RT @BeauWillimon: Also important, send valentines of love &amp; solidarity to people you know &amp; orgs endangered by Trump's policies. Share pics.

#LoveTrumpsHate",1
"RT @coinabs: I STAND WITH PM #NETANYAHU + @POTUS #TRUMP



AGAINST #ISLAMIC, #HAMAS, #ISIS, #HEZBOLAH, #MUSLIM BROS,  #IRAN TERRO https://t.co/eK3vI2xsKJ",0
Greenhouse:  Will the Supreme Court Stand Up to Trump? https://t.co/FcnQ5DYZuH,1
"RT @bobsacard: FLORIDA RESIDENTS, YOUR SENATOR IS  BLOCKING TRUMP NOMINEES- HE'S UP FOR RE-ELECTION IN 2018. CALL HIS OFFICE (202) https://t.co/hsRkq21AVF",0
"RT @AngryBlackLady: Apparently, in donald trump's America, I wake up at 5 in the goddamn morning with an anxiety attack.",0
"New Administration, Age-Old Battle: Native American Rights Under Obama and Trump - The Yale Politic - https://t.co/stH4xinSZO",1
RT @chessninja: The new normal cycle: Russian propaganda repeating Trump repeating Russian propaganda. https://t.co/QQP9Dp87KY,0
Uber CEO quits Trump advisory board amid criticism https://t.co/VqPyH4l3WD https://t.co/x9zlyavMDN : Charles Myr https://t.co/dxszOplIRK,0
Petition: Donald Trump should make a State Visit to the United Kingdom. https://t.co/IAxDnwljLl,1
"RT @funder: .Exhibit 1:249 businesses in Russia w/#Trump in the name



#DworkinReport #TrumpLeaks #TrumpRussia #resist https://t.co/8iM8MM8sAT",0
RT @JuddLegum: How many elected Republicans have spoken out against Trump's unhinged attack on a federal judge appointed by George W. Bush?,0
RT @bmangh: Just How Close Is Donald Trump to Becoming a Full-Blown Dictator? @alternet https://t.co/a75YV1yQro,0
"RT @Impeach_D_Trump: Mr. Trump, I thought we Were ""Going to be Sick Of Winning"".  You lost the popular vote and now lost to the court TW https://t.co/OzsYT8BQVw",0
RT @cnnbrk: A federal appeals court denied the US government's initial request to resume President Donald Trump's travel ban. https://t.co/gB70irt1AX,0
#Trump US appeals court denies Donald Trumps request to reinstate travel ban https://t.co/dPcYnyrcU1,0
RT @UltramanBG: I think Trump should be made to undergo a psychiatric evaluation. #politicsnation,0
RT @AP: BREAKING: Appeals court denies Trump administration request to immediately reinstate ban on travelers and refugees.,0
RT @PaulClark2005: TRUMP AND MAY ARE BEING SABOTAGED BY ENEMIES WITHIN THEIR RESPECTIVE GOVERNMENTS THAY NEED TO ACT QUICKLY &amp; FIRE THE TREACHEROUS DESSINTERS,0
"RT @evagolinger: He needs to be impeached. Whatever his relationship may or may not be with Putin, Trump is a liar and he's mentally https://t.co/b9kWwvOQng",0
"RT @MohamedGhilan: Dear Muslims,



If you think nothing good can come out of the insanity that is Trump, here's a spiritual lesson from https://t.co/4KWsriYmmn",1
RT @SheriffClarke: Pres Trump takes weekend away from D.C. @ABC goes apoplectic but silent when Obama vacationed during Louisiana floo https://t.co/6zZA48Dx80,0
"How Drugs Will Get Under, Over, and Around Trump's Wall - VICE https://t.co/GN6vZbHoov",0
"New Administration, Age-Old Battle: Native American Rights Under Obama and Trump - The Yale Politic - https://t.co/AmQ6HAhLKW",1
Uber CEO quits Trump advisory board amid criticism https://t.co/VqPyH4l3WD https://t.co/x9zlyavMDN,0
RT @RobPulseNews: Just a reminder that Trump has already cost taxpayers $15 million in security for his NYC home. I never want to hea https://t.co/6vQo9pXiU9,0
#Trump WRAPUP 3-Travellers rush to board U.S. flights while Trump ban blocked https://t.co/h8UDJdzYl8,0
"RT @DLin71: OBAMA: America is imperfect

GOP: TREASON



TRUMP: America is like a murderous thug

GOP: Shield your eyes in the presence of this patriot",0
Trump travel ban: Mike Pence defends president https://t.co/No0S3Gy6Ag,0
RT @starfirst: Via @NPR: Ethics Lawyers Call Trump's Business Conflicts 'Nakedly Unconstitutional' https://t.co/72wMFq4Iic,0
RT @kzshabazz: No. The real prob are the millions who think Trump is ruining America. America has always been rotten to its core. https://t.co/KTMy27o3P3,0
Wall Street Journal Reporters Concerned About Paper's Softer Trump Coverage https://t.co/dYsEfCDDo5,0
RT @CheriJacobus: 1. One of the positive aspects of Trump/Bannon extremism in the first 2 weeks is that it's harder to deny the trouble we're in &amp; can act,0
RT @renegadecut: Don't get too comfortable just because it looks like the good guys won this time. Trump administration is going to https://t.co/Qj3AEJbgdD,1
@ggreenwald It's also why Trump won. Everyone thought he was toast after attacking Bushes for Iraq/911. Die-hard GOP voters acknowledge this,0
"RT @LawyerRogelio: Donald Trump Jr. faved a tweet about how Donald Sr. would get a political boost from Quebec killer ""being Muslim"": https://t.co/sFRWB0DMMc",0
#Trump 'Uncertainty shock': How Donald Trump will corrode jobs and growth https://t.co/bCobXJrNDn,0
RT @jaylen_nv: I love how Libs are always calling Trump supporters uneducated. How educated do you have to be not to vote for a criminal?? #GoHillary,0
Trump's missile deadline TESTING ban to...Iran...has came and passed...NOW WHAT,0
"New Administration, Age-Old Battle: Native American Rights Under Obama and Trump - The Yale Politic - https://t.co/LyAnJa4exD",1
RT @nw_nicholas: If FCA/HSBC think issuing press release on day of Trump inauguration would bury #HSBCfraud they were wrong. Much bigger revelations to come,1
RT @sherrishavon: SNL Goes After Trump Again like they have gone after every president since they've been on. Trump's the only one that whines about it.,0
"RT @GeorgeTakei: Fox's O'Reilly said to Trump, ""Putin's a killer."" Trump shrugged saying, ""You think our country is so innocent?"" Don't drink the tea, folks.",0
"RT @jibingfirin: ""'Dumb deal' drags Australia-U.S. ties to new low after tense Trump call"" - https://t.co/uF3XS3Z0xk",0
"RT @KurtSchlichter: ""Get all upset at something Trump said that will help liberals!""

""No.""

""Traitor!""

*sips tea* https://t.co/O8qoErYc8j",0
RT @DabAggin: Shoutout to all the Trump fans who are never sure when it's *you're* vs. *your* but who are now suddenly constitutional law scholars.,1
#Trump Steve Bannon: What Trump strategist believes https://t.co/IeROL0XDUz,1
"RT @funder: Why is Putin the only person in the world that Trump has never criticized?



#dworkinreport #trumpleaks #resist #theresistance #trumprussia",0
RT @EmmyA2: ever notice how Trump seems to use words in quotations when he really wants to say a racist slur? https://t.co/EOy7zyqx1Y,0
"New Administration, Age-Old Battle: Native American Rights Under Obama and Trump - The Yale Politic - https://t.co/rxMCg3kMZK",1
RT @patcondell: I was anti-Trump until I listened to the anti-Trump media and anti-Trump protesters. Now Im 100% pro-Trump and I h https://t.co/gmiYl3othY,0
RT @ErickFernandez: I look forward to the Donald Trump tweet about this. #SNL https://t.co/xIMuxKMrxV,1
"RT @ddale8: Donald Trump Jr. faved a tweet about how Donald Sr. would get a political boost from Quebec killer ""being Muslim"": https://t.co/rsYpVWhngk",0
"RT @TRUMPMOVEMENTUS: Financed by Obamas $1.7 B Cash

Missiles will fall on their HEADS Iran threatens Donald Trump in 'showcase of POWER  https://t.co/cX9i9KWzhK",0
RT @mcspocky: PPP Poll: Forty Percent Of Voters Would Support Impeaching Trump https://t.co/ZvRgKUNN4P https://t.co/6KMbyw4EVc,0
@SoCal4Trump @JudgeJeanine very sad ?... what has America become... the world is laughing at us.... get over it LIBTARDS.. TRUMP IS POTUS!,1
RT @donnabrazile: Sunday reading: This Is How Steve Bannon (Trump's ideologist) Sees The Entire World https://t.co/bwXj3B2ZRP via @jlfeder,1
"RT @mattmfm: Five days ago, a terrorist -- a Trump-supporting white nationalist -- murdered 6 in a Quebec City mosque.



The Whit https://t.co/qa7mYbOAMx",1
RT @washingtonpost: Federal appeals court rejects request for immediate reinstatement of Trumps travel ban https://t.co/ux6yAvXg1B,0
RT @Reuters: Kuwait denies it imposed travel ban praised by Trump https://t.co/mvuwFBjfx0 https://t.co/p2MgW0eRdH,0
"@InsidePolitics  You should rename your show to ""Trash Trump Round Table"".",0
"RT @nytimes: ""So-called"" judge who blocked Trumps immigration order is described by colleagues as a ""mainstream"" Republican https://t.co/7n9z0DUBXE",0
"RT @yarotrof: Trump praised Kuwait on FB for banning Syrians, Iranians, Iraqis. Kuwait says @POTUS acted on the basis of fake news https://t.co/mNFwFqVL9a",0
"RT @GeorgeTakei: Fox's O'Reilly said to Trump, ""Putin's a killer."" Trump shrugged saying, ""You think our country is so innocent?"" Don't drink the tea, folks.",0
RT @michaelcdeibert: A country that's always had some identity issues: #Argentinas #Trump-Like #Immigration Order Rattles South America https://t.co/j3UZhFJgcq,0
"#Trump How 'pussyhat protesters"" are crafting a resistance to Trump https://t.co/Fm4KFqUVHZ",0
"RT @Lucian_Kim: ""Pro-American guys in Bulgaria are turning against US because they cannot tell difference between Putin and Trump."" https://t.co/4oJQPbeZ9C",0
"RT @queennn94: Kristen Stewart taking down Donald Trump and the homophobes at one go.



She has saved 2017. Play this at my funeral. https://t.co/ywlzO18FaT",0
"New Administration, Age-Old Battle: Native American Rights Under Obama and Trump - The Yale Politic - https://t.co/W0F3jzOGWw",1
Full text of documents (so far) in Trump travel ban appeal: https://t.co/4Q2AsuoRVu and follow links from there.,0
RT @EricLiptonNYT: Covers of The Economist &amp; Der Spiegel. Opinion in Europe re Trump seems reasonably clear. https://t.co/5RIUC8JfrL,1
"#MAGA Russian prop repeats Trump repeating Russian prop



link is literally .../...trump-fox-news-russia-innocent/



https://t.co/Ck1FmfQHua",0
"RT @NickKristof: My Sunday column: Post-Trump,  Canada may now be the country best reflecting the values of the Statue of Liberty https://t.co/GpOuenHUza",1
RT @Babylon_MBA: Trump's travel ban sparks global protests - A federal judge may have blocked Trumps controversial travel... https://t.co/j88x2vh4qf,0
"@xor Trump is looting the country to enrich himself. If he didn't want to pay taxes, why would he want to serve?",1
"RT @ScottErnst0331: #TomBrady kept a #MAGA hat in his locker.  Suck it, New England liberals!  #Superbowl #Trump #GOP #Dems https://t.co/q53hKdz7e6",1
"RT @DLin71: OBAMA: America is imperfect

GOP: TREASON



TRUMP: America is like a murderous thug

GOP: Shield your eyes in the presence of this patriot",0
Ban @realDonaldTrump @POTUS  from Britain! He is dangerous! https://t.co/QDLXKswSAZ,0
@Proud2Progress @sel0619 @PolitiFact . Thanks.  As an observer from outside US I'm surprised your electoral system produced President Trump,0
"RT @DavidAFrench: You won't see many conservatives defend Trump's Russia comment. They'll be silent, but they'll know they'd race to Fox to condemn a Dem.",0
"RT @TheMarkRomano: See how the courts work...



When Obama issues a travel ban, it is perfectly fine.



When Trump does the exact same thing, it is illegal.",0
"RT @brianefallon: What patriotic American would say these things? Congress must keep digging into Trump and Russia. Something stinks

https://t.co/ocU2lRGrvT",0
RT @Impeach_D_Trump: The majority of Britain now says Trump's visit should be cancelled. (53%) is now larger than Brexit (51.9%) Referendum!,1
RT @thehill: BREAKING: Appeals court rejects Trump administrations request to restore travel ban https://t.co/Psu7TqudOl https://t.co/LmDCwS896q,0
RT @LibyaLiberty: This is what I mean about the American people sending a message louder than Trump: https://t.co/8WXVFhZSfk,0
"#Trump's bad dudes come from Gulf States, Pakistan, Afghanistan, Egypt, former USSR, and Turkey. Not on #MuslimBan list. BAD! Dangerous!",0
RT @LibyaLiberty: This is what I mean about the American people sending a message louder than Trump: https://t.co/8WXVFhZSfk,0
"RT @LeoKapakosNY: Sorry bigots, but the American people will not be silenced by you and Herr Trump. #Trumphate #SundayMorning https://t.co/7oSPnEdcMs",0
"RT @Impeach_D_Trump: 9th Cir. Appeals court denies immediate ""administrative"" stay of Judge Robart's order on immigrant ban. Another los https://t.co/Xo60XhxULc",0
RT @ABC7NY: Breaking overnight: Federal appeals court denies DOJ's request to reinstate Trump's immigration travel ban. https://t.co/gU6zsK3My2,0
RT @NoahCRothman: Trump's day began with attacking a federal judge's allegiance to the country and ended by morally equating America with revanchist Russia.,0
"New Administration, Age-Old Battle: Native American Rights Under Obama and Trump - The Yale Politic - https://t.co/Vn4fzJlnln",1
"Trump appeals but travel ban block remains in place, for now The department had earlier said up to 60,000 people h https://t.co/k2mYbk3cwZ",0
RT @GopAaron2: Watch as 2 men are killed just for being gay. This is what Trump is trying to keep out! #Stonewall #MuslimBan https://t.co/fL1D2dzm7g,0
RT @ajplus: The U.S. federal appeals court has rejected President Trumps attempt to reinstate the immigration ban. https://t.co/goQFj49qFa,0
The facts about Dodd-Frank: Will Wall Street Regulation Survive Under Trump? https://t.co/jjzK5DpBPB via @msnbc #FB,1
Trump to Sign Orders Today Making Wall Street More Dangerous https://t.co/RdwRSxF4Tu,0
"RT @MaxBoot: ""Mr Trump... will receive reports on any profit, or loss, on his company as a whole."" https://t.co/9zrkscrSUE",0
RT @fragile122: @MrJamesMay tequila is better than trump,1
RT @warrenunitednew: @cooperbeard12 @KaShaeHolliday @keithboykin @CNN FoxNews has fed their hate.  My community is 80% Trump. FoxNews is their university.,1
RT @DrTomMartinPhD: PLEASE ADDRESS: No recordingTrump's talk with Putin. ALL Country Leader's Calls Recorded. NOT PUTIN! https://t.co/uw3V37r0dg #PoliticsNation,1
RT @Reuters: BREAKING: Judge's block of Trump's travel ban harms the public by 'thwarting enforcement of executive order': Justice Dept. appeal filing,0
RT @JohnTDolan: Wouldn't it be GREAT if when Gaga starts into her ?? Anti Trump rhetoric the crowd drowns her out with Boooos.  ReT https://t.co/vdvKFgG8kx,0
RT @Impeach_D_Trump: The majority of Britain now says Trump's visit should be cancelled. (53%) is now larger than Brexit (51.9%) Referendum!,1
#Trump Do You Have News to Share? Get It Published. https://t.co/lH0yoQZ3Ei,1
"RT @DavidYankovich: Two things I know &amp; hate:



Trump is in bed with Russia, and his supporters are unable to grasp that global conflict https://t.co/0e8LwmNBmq",0
"RT @latimes: South of the border, Mexicans are puzzled by Trump's relentless and pointless antagonism https://t.co/MkWOpg63zB https://t.co/iDrvTAn1Rn",0
RT @armandodkos: Timely too. Trump was not crazy the whole day yesterday. Just 90%. I don't know what is wrong with you people. https://t.co/u3BUu79o9D,0
"RT @julianborger: Bizarre readout of Trump/Poroshenko call, as if conflict was a border dispute between Russia and Ukraine. https://t.co/eCGzfkM35a",0
RT @AGOWA: Trump Administration's request for immediate administrative stay DENIED. https://t.co/R3tTRPyv3U,0
"RT @DroneVictory: Because you picked a fight with FREEDOM. #ThatWhyTheresAHitOnYou, #ISIS.



#Drones #MAGA #KAG #Terrorism #TRUMP https://t.co/gU0x5oiTPB",0
"RT @DLin71: OBAMA: America is imperfect

GOP: TREASON



TRUMP: America is like a murderous thug

GOP: Shield your eyes in the presence of this patriot",0
"RT @PrisonPlanet: Turns out that you can't use Twitter to threaten Trump supporter's children, violence &amp; doxxing. This account final https://t.co/rgipGho3m9",0
"New Administration, Age-Old Battle: Native American Rights Under Obama and Trump - The Yale Politic - https://t.co/5bQ8EGRxbV",1
RT @gerfingerpoken2: Did IRS Leak Trump Returns To Help Hillary? https://t.co/oQcemCSDYm American Thinker https://t.co/hZWUObC9ja  https://t.co/XStCYkD1Ky #MAGA,0
RT @artoopio: KRISTEN MOCKED DONALD TRUMP AND CAME OUT AS GAY IN SNL MONOLOGUE WHEN WILL YOUR FAVE https://t.co/1lj07smIld,0
"RT @DiegoUK: .@FreeRepublicUSA Cheating isn't winning, deplorable morons. Neither is signing 'trumped up' executive orders. #p2 https://t.co/kTwdHrOE0a",0
"RT @nytimes: Trump says he has walked away from the day-to-day of his empire, but records show how close he remains to it https://t.co/oYuvMupTxK",0
"RT @pbpost: UPDATES: Anti-Trump protesters march through West Palm Beach

https://t.co/eej7yvKSj0 https://t.co/5Dzhe0AkAo",0
RT @NoahCRothman: Trump's day began with attacking a federal judge's allegiance to the country and ended by morally equating America with revanchist Russia.,0
"RT @AgendaOfEvil: Chicago Teens Kidnap, Tie Up, Gag and Scalp #Trump Supporter Live On Facebook https://t.co/WtHm5rdID8",0
RT @titodinzey: Thousands March In London Demanding The British Government Withdraw Invitation To Trump via @politicususa https://t.co/ORtm7dXkQz,0
The media such as @CNN blow things way out of proportion...They should be thankful for a Trump Presidency?? #NoMedia #CNN #Sucks,1
RT @washingtonpost: Meet the Bush-appointed federal judge who halted Trump's executive order https://t.co/cGqiK2Ii4p,0
"New Administration, Age-Old Battle: Native American Rights Under Obama and Trump - The Yale Politic - https://t.co/M8L2QXpPsx",1
RT @PatVPeters: Trump Authorizes Congress To Pursue Criminal Charges Against Hillary https://t.co/VyGiO7NO8z,0
@SenToomey you better start listening to the people and impeach Trump. GROW A SPINE AND DIGNITY.,1
"RT @nytimes: Trump says he has walked away from the day-to-day of his empire, but records show how close he remains to it https://t.co/oYuvMupTxK",0
"Trump Respects Putin, Even If He's A Killer (VIDEO) https://t.co/d4ZOEo02iq",0
RT @amjoyshow: #Trump AG firing recalls Nixons Saturday Night Massacre | More @amjoyshow this #SundayMorning 10 AM ET on @MSNBC https://t.co/8OmebJL1de,0
"RT @BraddJaffy: OReilly: Putins a killer



Trump: There are a lot of killers. Weve got a lot of killers. What do you thinkou https://t.co/bJrwCjDC5I",0
"RT @SheWhoVotes: Let me be clear: you're not necessarily a traitor if you voted for Trumpbut if you continue to support him in light of his treason, you are",0
RT @LBC: Is your child being brainwashed by liberal teachers about Trump? #KatieOnLBC https://t.co/XgOqI5tnTR,1
RT @itsQueenMelanin: I feel like Trump &amp; Hilary are two divorced parents fighting over custody of us but we kinda just wanna go live with grandma.,0
"Japan readies package for Trump to help create 700,000 US jobs https://t.co/o7hmdeGeX8  Japan working in America's interest.WHERE IS Capitol",1
"RT @paulkrugman: If Trump can call Robart a ""so-called"" judge, can we call him -- with infinitely better justification -- a ""so-called"" president?",1
RT @JuddLegum: How many elected Republicans have spoken out against Trump's unhinged attack on a federal judge appointed by George W. Bush?,0
"New Administration, Age-Old Battle: Native American Rights Under Obama and Trump - The Yale Politic - https://t.co/366kCn7bOx",1
"RT @Impeach_D_Trump: Mr. Trump, I thought we Were ""Going to be Sick Of Winning"".  You lost the popular vote and now lost to the court TW https://t.co/OzsYT8BQVw",0
US appeals court rejects Trump administration request to immediately reinstate... https://t.co/SBcZxqjGGu by #BBCBreaking via @c0nvey,0
"RT @queennn94: Kristen Stewart taking down Donald Trump and the homophobes at one go.



She has saved 2017. Play this at my funeral. https://t.co/ywlzO18FaT",0
RT @Trump4Hope: I'm a proud Trump girl<U+203C><U+FE0F>??? https://t.co/2tLOXAaPP9,1
RT @DearAuntCrabby: The complete list of all 33 false things Donald Trump has said as president so far | Toronto Star https://t.co/DnPoTy0pFl @realDonaldTrump,1
#socalledpresident @REALdonaldtrump Olbermann Resign Or Be Removed (VIDEO) https://t.co/92KvpFGog1 via @Bipartisan Report #noBANnoWALL RT,0
RT @mcspocky: Two-thirds of Britons believe Trump is 'threat to international stability' https://t.co/CHUX6YXJWT https://t.co/uK3OMxe51g,0
"mashable : Alec Baldwin's Trump is back on 'SNL': 'Prepare to go to war'

https://t.co/iJd0nd113s (via Twitter  https://t.co/TYGhVpYdcq",0
"RT @nytimes: Trump says he has walked away from the day-to-day of his empire, but records show how close he remains to it https://t.co/oYuvMupTxK",0
"RT @amandawoodbury2: Why can we all see that history is repeating itself, yet the GOP are hell bent on kissing @realDonaldTrump ass? https://t.co/f7ed01KAie",0
NEED PRAYERS NOW! TRUMP ASKED AMERICANS TO PRAY FOR SCHWARZENEGGER AFTER... https://t.co/75OiNTC1hv,0
RT @aljwhite: Look forward to Trump having a shitfit over Kristen Stewart in a few hours https://t.co/PYy8tsM14y,1
"RT @BryanDawsonUSA: In case you wondered why Donald Trump and the Republicans love #ThePoorlyEducated - Karl Rove explains:



Look up th https://t.co/TRwqRirSWv",1
"RT @hunterw: According to the pool report, President Trump is spending the morning on a ""golf outing"" in Palm Beach. ??? https://t.co/vY8YP5lBUq",0
RT @ranman09: #NotMyPresident Trump is one of the most disliked political leaders in the entire world. Thousands March In London: https://t.co/5tgXx6Zl9K,0
RT @artoopio: KRISTEN MOCKED DONALD TRUMP AND CAME OUT AS GAY IN SNL MONOLOGUE WHEN WILL YOUR FAVE https://t.co/1lj07smIld,0
"RT @jpodhoretz: If Trump knows of an American leader who has had rivals poisoned on foreign soil with radiation, by all means let us now who that was or is.",0
"RT @AP: Trump Cabinet pick paid by 'cult-like' Iranian exile group, by @jongambrellAP  https://t.co/hhyDDtWjIz",0
RT @ChannelNewsAsia: Kuwait denies it imposed travel ban praised by Trump https://t.co/wfxEdH6tYQ,0
RT @rosterman99: @nytimes Trump is losing it. KEEP UP THE PRESSURE. RETWEET RETWEET RETWEET RETWEET RETWEET RETWEET RETWEET RETWEET https://t.co/kqDpi50lXC,0
"RT @funder: .Exhibit 1:249 businesses in Russia w/#Trump in the name



#DworkinReport #TrumpLeaks #TrumpRussia #resist https://t.co/8iM8MM8sAT",0
RT @JohnTDolan: Wouldn't it be GREAT if when Gaga starts into her ?? Anti Trump rhetoric the crowd drowns her out with Boooos.  ReT https://t.co/vdvKFgG8kx,0
RT @lightacandleOTM: Oh Lord..... Trump to travel to Italy in May for G7 summit https://t.co/teEhYuQFnD via @rte,0
"RT @KeithOlbermann: Trump is playing you like a two-dollar banjo. Your issues will get lip service, and your reputation will shrink. Sm https://t.co/HnXwfGIvNw",1
RT @funder: After the #SuperBowl people are gonna realize Trump isn't qualified to run a lawnmower-let alone the country #amjoy #resist #theresistance,0
RT @mulegirl: Trump's friend and advisor Roger Stone offers some words of encouragement to the protesters heading out to Palm Bea https://t.co/oY9u1niAFv,1
"RT @jlsinc: You could genuinely change ""Trump"" to ""Brexiteer"" in every single instance here. https://t.co/nHevNPcph9",1
RT @robferdman: Bombshell from @nytimes and @ProPublica: Donald Trump didnt actually separate himself from his business. AT ALL https://t.co/DVwNZuQnRy,0
"RT @mikandynothem: <U+2714> RETWEET<U+2714> if you are happy with President Trump and his Administration's performance so far!

Kicking butt and tak https://t.co/nCUmiIDAqu",1
"RT @NPR: BREAKING: Appeals court denies Trump admin. request for stay of injunction on immigration order, meaning the Trump order remains suspended.",0
"@JoeNBC GOP are truly gutless wonders - if a Dem DID what Trump IS outrage everywhere, investigations etc. too impeachment @SpeakerRyan",0
"Judge who blocked Trump""s travel ban known as conservative jurist https://t.co/2PAqxMJHdb",0
RT @orcastraw: Why the fuck does this girl talk like Donald trump https://t.co/F7zz3MQOBX,0
RT @BillionairesNo: Trump loses again: Appeals court shoots down DOJ request to restore travel ban https://t.co/6tjq6sgQaH via @HuffPostPol,0
"RT @TheTruth24US: Judge who blocked Trump""s travel ban known as conservative jurist https://t.co/2PAqxMJHdb",0
@IngrahamAngle @THR One more idiot to cross off my list.  Saving me tons of money.  I will donate my savings to Trump's next campaign!,0
RT @BarinM: Good morning. This cartoon is brilliant: #statueofliberty #justice #Trump #checksandbalances https://t.co/qUCx2zaOWS,1
"RT @ChristiChat: Best vote I ever cast!

<U+2764> Trump



WATCH what @POTUS did in week two of his presidency to #MAGA

#AmericaFirst



https://t.co/4bzM3s8Tej",1
"RT @RawStory: 'Australia sucks, prepare to go to war': Alec Baldwin returns to SNL as Trump botching world leader calls https://t.co/fkvOIVuwIi",0
RT @CarmineZozzora: Donald Trump gets evicerated and sued for protecting us while Obama basks in a glorious legacy illusion when he sho https://t.co/ZPkIl2nN57,1
RT @artoopio: KRISTEN MOCKED DONALD TRUMP AND CAME OUT AS GAY IN SNL MONOLOGUE WHEN WILL YOUR FAVE https://t.co/1lj07smIld,0
RT @BFurdyna: Horrific.  Why does Trump show such fealty to Russia and Putin?  @SenJohnMcCain #DworkinReport #TrumpLeaks https://t.co/qn8zgPGKtP,0
"RT @MrJamesonNeat: Trump Sat: It's a ban



Spicer Sun: It's a ban



Trump Mon: It's a ban



Spicer Tues: IT'S NOT A BAN that's a media te https://t.co/8PNs1dG8v2",0
"RT @markmobility: Monthly cost of:

Guarding Trump Tower: $30 million

Section 8 for all 15,856 homeless NYC families: $28 million",0
Trump defends Putin over Russia killings allegations - BBC News https://t.co/B45KUrKi4d,0
RT @Dory: this guys trump impersonation is spot on ? https://t.co/GITpgO5oJJ,0
RT @StephensWSJ: Trump puts US on moral par with Putin's Russia. Never in history has a President slandered his country like this.  https://t.co/LrP8ycG1Y9,1
"RT @MaxBoot: ""Mr Trump... will receive reports on any profit, or loss, on his company as a whole."" https://t.co/9zrkscrSUE",0
"So, there is something these trump voters liked about Obama after all. https://t.co/MrKX0JqbkE",1
RT @JohnTDolan: Wouldn't it be GREAT if when Gaga starts into her ?? Anti Trump rhetoric the crowd drowns her out with Boooos.  ReT https://t.co/vdvKFgG8kx,0
RT @CauseWereGuys: this guys trump impersonation is spot on ?  https://t.co/nIecTaMF4h,0
RT @yashar: In honor of Kristen Stewart hosting SNL - here are the 8 tweets President Trump posted about her in the past. https://t.co/0m24xxhGSg,1
@Senturion @ElizabethMay by Trump &amp; Quebec shooting. Pretty much mission accomplished for Trudeau.,1
"RT @NickCohen4: ""Trump, modern fascism, and how to fight back"" - long read from me in the Observer

https://t.co/TZr0NiHJDI",0
"RT @LawyerRogelio: Donald Trump Jr. faved a tweet about how Donald Sr. would get a political boost from Quebec killer ""being Muslim"": https://t.co/sFRWB0DMMc",0
"RT @donnabrazile: To commemorate Black History Month, Trump administration decrees that white supremacists cant be terrorists https://t.co/X2sS98q9Ao",1
"RT @TheMarkRomano: Thanks, George W. Bush:



Your judges have upheld Obamacare and halted President Trump's travel ban.



I wonder how t https://t.co/MrEgVJLiwx",1
"RT @RBReich: Weirder and weirder. Trump apparently believes Putins Russia is morally equivalent to America.



In an interview... https://t.co/fpIcZvkiZF",0
"RT @ebonstorm: At $400,000 a day, it'll cost the nation $548,000,000 to keep Melania Trump in New York City for four years. https://t.co/U7ImUMeTSQ",1
RT @thehill: Schumer torches Trump for attacking judge who halted his immigration ban https://t.co/SuZsbWrjpW https://t.co/EKfH0p1Kpk,0
@piersmorgan I don't care what you think about trump or Morgan. What parent walks around with their child with that?,1
I think Trump will have several chapters of his presidency.I am not sure I would write him off so quickly. But peoples movement will prevail https://t.co/1McnTfnkwx,1
"RT @paulkrugman: If Trump can call Robart a ""so-called"" judge, can we call him -- with infinitely better justification -- a ""so-called"" president?",1
"RT @BetteMidler: For all the talk of the forgotten man, Mr. Trump will kill Dodd-Frank w/a list of priorities from most powerful in the financial industry.",0
"RT @NathanDWilsonFL: @realDonaldTrump V. Lombard's quote is Trump! He's one of those great men! God, ??, hard work, relationships, stren https://t.co/l4yhfRHFgL",1
@FoxNews Putin &amp; Trump can make great allies while conquering the Middle East &amp; stabilizing world order so its ppl can go back home safely.,1
RT @WLD01: The #MSM continues to hold Trump to a low double standard  .... #Shameful #Pathetic #NotMyPresident,0
"RT @NPR: BREAKING: Appeals court denies Trump admin. request for stay of injunction on immigration order, meaning the Trump order remains suspended.",0
RT @xor: Critics charge that Trump is looting the country to enrich his friends. Trump counters that he's looting the countr https://t.co/wO5B8OEIg7,0
RT @TomthunkitsMind: Where Is Trump's Investigation Into Russian Hacking He Promised? https://t.co/DWNmoO4W4U,1
"RT @AJemaineClement: Hitler - failed painter

Trump - cancelled tv host

Bannon - failed documentary maker

Conway - failed stand-up



Support the arts and media",0
RT @NYMag: Sweden trolls Trump in climate-law photo https://t.co/eOlBSYXSKh,0
@brithume @RadioFreeTom Trump will continue to surprise everyone and get positive results for America.,1
RT @richards1052: Phyllis Bennis: The Trump Administration Is Recklessly Escalating Tensions With Iran https://t.co/q0IBCd5hcw,0
Refugees In Limbo Over Trump Order https://t.co/TkThxCKMnu,0
"RT @AlabedBana: my video to Trump. "" Mr @realdonaldtrump have u ever had no food &amp; water for 24 hrs? Just think of  refugees &amp; the https://t.co/qUzpPxonOT",1
"RT @AP: Trump Cabinet pick paid by 'cult-like' Iranian exile group, by @jongambrellAP  https://t.co/hhyDDtWjIz",0
"RT @American1765: #saturdaymorning

When Trump won, he proved the American spirit is ready for a comeback.



We Can https://t.co/I6GXxwW5HV",1
RT @washingtonpost: Meet the Bush-appointed federal judge who halted Trump's executive order https://t.co/cGqiK2Ii4p,0
Kuwait denies it imposed travel ban praised by Trump https://t.co/KpCbtWT4rv https://t.co/GKT7Dp65zH,0
"@realDonaldTrump    A G way to go donny screw your daughter

 ---&gt;  Nordstrom to stop selling Ivanka Trump products,   What a quiff",1
RT @JohnTDolan: Wouldn't it be GREAT if when Gaga starts into her ?? Anti Trump rhetoric the crowd drowns her out with Boooos.  ReT https://t.co/vdvKFgG8kx,0
army-recruiting-market-tightens-but-service-expects-make-2016-goal https://t.co/tfyiiF2uLQ TRUMP RHETORIC WAR MAY BE IMMINENT IS THE DRAFT2,0
RT @OccupyWallStNYC: US appeals court denies request to restore Trump's immigration ban after Trump spends day tweeting at federal judge https://t.co/mqFC2G8f12,0
RT @jbarro: @mattyglesias goal is different here. It's to make Trump jealous of all the attention his employee is getting.,0
RT @Linda1746: Appeals court denies President Trumps challenge to ruling on travel ban - The Boston Globe https://t.co/bEboU746LT,0
RT @papacass84: these riots have nothing to do w/Muslim ban. It's a tool to intimidate the Rep. and Dem party not to work w/Trump. https://t.co/9Xx7fhuH9w,0
"RT @PalmerReport: Kristen Stewart goes on SNL, skewers Donald Trump, yells ""fuck"" live on air, total win :-)",0
@czarfalcon @DavisRussell6 @DavidGMcAfee @realDonaldTrump @TheOfficialPORP Wrong. Trump ignores idiots like Dave and the Dems,0
"@SafeSpaceHunter didn't ""trash"" Trump.  She simply stated what he did TO HER and what he called her.  That's all.",0
RT @CNNPolitics: An avalanche of phone calls is thundering across Capitol Hill as the Senate considers Donald Trump's nominations https://t.co/N7gtyLaNOe,0
"RT @mohammadshaikh_: ""US iTunes""Chart

Parlament &amp; Demo Of #Trump Oppose

#TMLtalk In Favor #Peace #Nation #Islam

Reality v/s #TVDWrapparty

Bruins Postive

#canWNT",1
RT @funder: #DworkinReport on #TrumpRussia ties tweeted in full from this string-Please #RT Everything #trumpleaks #theresistance #p2 #resist #trump #rt,0
What is this bullshit? Its not hypocritical to criticise Trump's immigration ban. The letter is completely shallow and wrong https://t.co/cUnWjKCAXz,0
RT @immigrant4trump: NEW VIDEO: Senator Chuck Schumer in 2015 said a Refugee Pause May Be Necessary #Maga #trump https://t.co/vUQKo5sV76,1
"RT @TomiLahren: If you hate Tom Brady and The Patriots because of the Trump connection, you might be one of those ""loving"" &amp; ""tolerant"" liberals.",1
RT @ShadilayForever: Trump needs to become authoritarian. I don't want to see any more Judges trying to undermine his authority. The Presidency needs more power.,0
@jaketapper The only person Trump doesn't dare criticize. The time to ask WHY is long overdue.,0
RT @ezlusztig: The majority saying Trump's visit should be cancelled (53%) is now larger than #Brexit (51.9%) Referendum! Democracy!https://t.co/amwy4ebiIR,1
RT @CNN: A federal appeals court denied the US government's initial request to resume President Donald Trump's travel ban. https://t.co/4MDk9yuold,0
"Asked About Putin being a killer, Trump says you think our countrys so innocent?"" https://t.co/ZsoqFEOqkF https://t.co/VkeNgHWhFh",0
RT @yescene: Thousands showed up to what was a very emotional scene at the Anti-Trump Protest this afternoon. #NoMuslimBanTO https://t.co/4pSTxcOgjy,0
RT @AaronBlake: Constitutional crisis? What happens if Trump decides to ignore a judge's ruling. https://t.co/krezo0T1H9 https://t.co/HahxJX3Vna,0
"RT @brithume: This is a terrific piece by @RadioFreeTom --&gt; Chill, America. Not every Trump outrage is outrageous. https://t.co/3HnG2VLoIq",0
"RT @TeaPainUSA: Killers?  Trump has now attacked the integrity of America to defend Vladimir Putin. Brothers and sisters, this aggression will not stand!",0
RT @LaurenJauregui: The checks and balance system is what make us a democracy. Trump firing people who oppose his unconstitutional moves is pure dictatorship,0
Refugees In Limbo Over Trump Order https://t.co/Mt1Y4EQAPK,0
"@emmamansvelt @news24 ""trump admin..... by saying"" = opinion? Judges reasons for order also not ""fact"" only temp interdict?",0
RT @JamilSmith: Trump repeating his voter-fraud lie is no longer the story. The continued silence and complicity of his fellow Republicans on the matter is.,0
"RT @RichardWeaving: #BoycottStarBucks Switch To "" Dunkin Donuts "" <U+2615><U+FE0F>

Plus Enjoy The New Donut "" Trump Wall ""  ? https://t.co/1BWAyocmlx",1
"My poor wife don't want to hear my political rants, Screw that Fed Judge, D.O.J. and Trump will put his ruling down ??",0
"RT @DLin71: OBAMA: America is imperfect

GOP: TREASON



TRUMP: America is like a murderous thug

GOP: Shield your eyes in the presence of this patriot",0
Donald Trump says he 'respects' Vladimir Putin even though he's 'a killer' https://t.co/yRxVeXPfOD,0
"RT @SenSanders: Trump has to learn the very important truth stated by Washington AG Bob Ferguson: ""No one is above the law, not eve https://t.co/XvSnHY2N9g",1
RT @LibyaLiberty: This is what I mean about the American people sending a message louder than Trump: https://t.co/8WXVFhZSfk,0
RT @JuliaAdair: Protesters chase pro-Trump Republican Congressman Tom McClintock out of town hall [video] https://t.co/pcBWDLKHyD via @PalmerReport,0
RT @IngrahamAngle: Everything Trump does will be challenged in fed courts. Better get #Gorsuch confirmed fast. https://t.co/zqsGxZEkrQ,1
RT @ezlusztig: The majority saying Trump's visit should be cancelled (53%) is now larger than #Brexit (51.9%) Referendum! Democracy!https://t.co/amwy4ebiIR,1
Super Bowl: Trump protesters and Lady Gaga prepare for Houston spectacle https://t.co/XNE0c87gPd,1
RT @thehill: Schumer torches Trump for attacking judge who halted his immigration ban https://t.co/4KceIJq5oG https://t.co/Mmy7Zwwn98,0
RT @ezlusztig: False Equivalency alert. This assimilation of Trump to previous administrations is utter garbage. Don't believe a w https://t.co/AW8EtoJhpz,0
It's happening...Trump is undermining Rouhani and Zarif while empowering hardliners. #Iran https://t.co/aF9iA8KhdN,0
"RT @mikandynothem: <U+2714> RETWEET<U+2714> if you are happy with President Trump and his Administration's performance so far!

Kicking butt and tak https://t.co/nCUmiIDAqu",1
"RT @BraddJaffy: OReilly: Putins a killer



Trump: There are a lot of killers. Weve got a lot of killers. What do you thinkou https://t.co/bJrwCjDC5I",0
@larryelder You are a hack.Trump needs to stop defending Putin.He's NO FRIEND of ours.,1
"RT @anazrof: It's nauseating how Peter Thiel has single handedly profited from

a) Trump's Inauguration

b) #MuslimBan

c) #DeleteUber

d) ACLU x YCombinator",1
RT @CheriJacobus: 1. One of the positive aspects of Trump/Bannon extremism in the first 2 weeks is that it's harder to deny the trouble we're in &amp; can act,0
"RT @timkaine: Many judges now restraining President Trump's immigration orders. Mr. President -- don't attack judges, fix your bad policy!",0
RT @globeandmail: Court rejects Trumps bid to immediately restore travel ban https://t.co/nljwPxLeNw,0
RT @p_hannam: 'We should assume our worst fears will be realised': climate scientist on Trump (as US Paris exit looms): https://t.co/pq1UxQrCBo via @smh,0
RT @EricAPosner: Neil Gorsuch must condemn Trump for so-called judge remark; his friends in the legal community must withhold their support until he does.,0
RT @nycjim: BIG: Appeals Court Rejects Trump's Request to Immediately Restore Muslim Travel Ban. https://t.co/kkLnfMjBGe,0
RT @CarmineZozzora: Donald Trump gets evicerated and sued for protecting us while Obama basks in a glorious legacy illusion when he sho https://t.co/ZPkIl2nN57,1
RT @dailykos: Large majority opposed to extreme positions Trump's pick for Supreme Court espouses https://t.co/X2ee1PyP9a,0
"@LibyaLiberty What Trump means for evil, we can use to do good.",0
Uber CEO quits Trump advisory board amid criticism https://t.co/VqPyH4l3WD https://t.co/x9zlyavMDN : Charles Myr https://t.co/rXN9UWQZKw,0
Refugees In Limbo Over Trump Order https://t.co/GBozmmVWh3,0
"RT @RVAwonk: Just so we're clear, Trump has now tried to delegitimize:

-The press

-Scientists

-Intel community

-Election results

-The judiciary branch",1
RT @Independent: Female MPs will boycott if Donald Trump addresses Houses of Parliament https://t.co/EDIiMp0Vic,0
RT @richards1052: Phyllis Bennis: The Trump Administration Is Recklessly Escalating Tensions With Iran https://t.co/q0IBCd5hcw,0
"RT @nytimes: Whether they like it or not, brands associated with the Trump name have become politicized https://t.co/beH89AwqtC",1
RT @BBCBreaking: US appeals court rejects Trump administration request to immediately reinstate travel ban https://t.co/nDvCfpmAFK,0
Court denies Trump request to immediately restore travel ban https://t.co/NjbCS9tMY3!!!,0
RT @ProudlyLiberal: Top Trump Officials Stonewalled Court Order Over Immigration Ban https://t.co/QDZv0hoIsj | Via MotherJones,0
"RT @mikandynothem: <U+2714> RETWEET<U+2714> if you are happy with President Trump and his Administration's performance so far!

Kicking butt and tak https://t.co/nCUmiIDAqu",1
"RT @Impeach_D_Trump: Mr. Trump, I thought we Were ""Going to be Sick Of Winning"".  You lost the popular vote and now lost to the court TW https://t.co/OzsYT8BQVw",0
RT @MaggieJordanACN: Trump suffers another loss. A Federal Appeals Court Rejects Request to Immediately Restore His #MuslimBan https://t.co/aYplVzSElP,0
Republican leader ousted for condemning Trump at Women's Marchher comeback is stunning https://t.co/E7jaL6cEfk,1
"RT @rolandsmartin: Dear white working class voters, instead of @FLOTUS @MELANIATRUMP moving to DC, it will cost taxpayers $548 MILLION https://t.co/eGCs8q2ucc",1
"RT @ARnews1936: HYPOCRISY: Saudi Arabia is building a 600 mile border wall to keep out Islamic terrorists, yet they slam Trump via https://t.co/ZlgX2dnGDQ",0
RT @CFUIsa: The Christian persecution Daily is out! https://t.co/pGmOCuM2We Stories via @ssraam @talatdoctor @pie_r_round #trump #tcot,0
RT @ReutersTV: Trump inflamed over flag burners. Watch now:  https://t.co/Ihx3J473CN,0
RT @Reuters: Kuwait denies it imposed travel ban praised by Trump https://t.co/mvuwFBjfx0 https://t.co/p2MgW0eRdH,0
RT @FranTerminiello: We Fact-Checked All the Lies Donald Trump's Administration Told This Week https://t.co/ZbyR66lZx0,0
"RT @LowTWeenie: @mimimayes9 @BunnyAudrey



That's because our party is full of cuck bitches. This is why I support Trump, not the GOP.",0
Michael Moore had the perfect response to Trump's attack on the judge who blocked his Muslim ban https://t.co/PLOkRbwMLL,0
So-Called Judge Criticized by Trump Is Known as a Mainstream Republican https://t.co/3Wfl5eNmnY,0
"RT @thehill: WATCH: Trump and Bannon as Grim Reaper go to war with foreign leaders on SNL

https://t.co/M6W9SsF3Ew https://t.co/HmKouPe45k",0
RT @AJENews: BREAKING: US appeals court rejects justice department's request to reinstate President Trump's immigration ban https://t.co/eJpUCPz34N,0
"@kclady2587 @POTUS I REFUSE to watch ANOTHER spoiled millionaire who lives in a gated community tell me Trump is bad.



#Hypocrites",0
"RT @JustinWolfers: Amazing diversity as Trump's senior staff is sworn in: White men of many heights, tie colors https://t.co/bE61gSQ81B https://t.co/Gv3KFUm1HC",1
"THE HILL: Michael Moore trolls Trump over tweet attacking judge: ""Thank you, So-Called President Trump!"" https://t.co/RBOgq9scQg",0
"RT @MarcusC22973194: Jared Kushner, the son-in-law and confidant of Donald Trump, is a director and board member at the Kushner Foundation.",1
RT @iainmacwhirter: Join Trump UK or remain with Ireland in the EU?  The hard choice Scotland can't avoid.  My column on #indyref2 https://t.co/u6bJLcOsX9,1
RT @piersmorgan: Reposting this photo from yesterday's London anti-Trump march. Staggering. https://t.co/aAvJ6yJXID,0
RT @artoopio: KRISTEN MOCKED DONALD TRUMP AND CAME OUT AS GAY IN SNL MONOLOGUE WHEN WILL YOUR FAVE https://t.co/1lj07smIld,0
RT @hrkbenowen: VIRAL VIDEO: Footage Shows OBAMA And BILL CLINTON Both Support Trump's Immigration Policies! https://t.co/iRQP5KNzjl,0
Appeals court denies Trump request to immediately reinstate travel ban https://t.co/lcpWtFFQ8U,0
US court rejects bid to immediately restore Trump's travel ban https://t.co/rxP0l8fkXz https://t.co/UAHY9DPLkm,0
WWE got no where with there mighty than thou attitude and either will Trump ..,1
RT @StephensWSJ: Trump puts US on moral par with Putin's Russia. Never in history has a President slandered his country like this.  https://t.co/LrP8ycG1Y9,1
"RT @WalshFreedom: All these legal machinations aside, eventually, Trump's immigration ban will stand.



It's within our right to limit immigration.



Grow up.",1
"RT @DLin71: OBAMA: America is imperfect

GOP: TREASON



TRUMP: America is like a murderous thug

GOP: Shield your eyes in the presence of this patriot",0
"RT @jlsinc: You could genuinely change ""Trump"" to ""Brexiteer"" in every single instance here. https://t.co/nHevNPcph9",1
Uber CEO quits Trump advisory board amid criticism https://t.co/VqPyH4l3WD https://t.co/x9zlyavMDN : Charles Myr https://t.co/lffHTcEzio,0
"trump supporters are trying to boycott the halftime, a lot of people want Migos to do the halftime, gaga better not fail .",0
RT @PaulClark2005: TRUMP AND MAY ARE BEING SABOTAGED BY ENEMIES WITHIN THEIR RESPECTIVE GOVERNMENTS THAY NEED TO ACT QUICKLY &amp; FIRE THE TREACHEROUS DESSINTERS,0
"RT @DLin71: OBAMA: America is imperfect

GOP: TREASON



TRUMP: America is like a murderous thug

GOP: Shield your eyes in the presence of this patriot",0
"RT @bellamcphee: Actual quote from Kristen Stewart's monologue: ""Trump must REALLY hate me now, cause I'm hosting SNL and I'M SOOO GAY"" ???????? yassss girl",0
"Awesome behind-the-scenes on the Washington state AG whose strategy upended the Trump travel ban, by @alexburnsnyt https://t.co/UlDZUtcHwM",0
Is Trump the President or Am I Brain Damaged? https://t.co/GLcBXAR6Hd,0
RT @UjamiiSingh: Appeals Court that denied DOJ's appeal on Trump's EO was 2/3 liberal who are now acting as activists instead of jud https://t.co/tYJX96IVlJ,0
"RT @NickKristof: My Sunday column: Post-Trump,  Canada may now be the country best reflecting the values of the Statue of Liberty https://t.co/GpOuenHUza",1
'An epic confrontation': #Trump travel ban takes US to brink of crisis https://t.co/wYHqeMdwZv,0
"RT @southerntalker: Trump can no longer deny his loyalty to Russia while he alienates our Allies.

#InvestigateTRUMP #ArrestTrump https://t.co/jLjRy3c4ho",1
RT @washingtonpost: Meet the Bush-appointed federal judge who halted Trump's executive order https://t.co/cGqiK2Ii4p,0
Donald Trump and Steve Bannon Saturday Night Live https://t.co/FvdoC5iCsR https://t.co/bwF945JXMU,0
"@karenhunter So when Trump is told Putin is a killer, his reply is to throw his own country under the bus.May be true,but not presidential.",0
RT @sarahkendzior: The future of the US under Trump's planned mass deportation https://t.co/f4Wi6e4qhY https://t.co/1mC9wfJvYr,0
"@LightningShade0 the only common factor with their targets are ""people opposed to Trump""",0
"RT @Timodc: Trump continues to earn a fervent defense from extreme leftists who think America is awful.



DT?GG? https://t.co/qBZ0jlmoUq",0
RT @DiscreetEarbud: Trump has taken the fun out of Twitter.,1
"RT @DLin71: OBAMA: America is imperfect

GOP: TREASON



TRUMP: America is like a murderous thug

GOP: Shield your eyes in the presence of this patriot",0
"RT @Honey17011: Trump does Wall Street's bidding, betraying campaign promises | MSNBC #DemForce  https://t.co/Nvm8q722zd",0
"RT @LeaveEUOfficial: WATCH | The great Nick Ferrari demolishes the media nonsense about Trump's so-called ""Muslim ban"". So important to https://t.co/tY81WXmU1u",0
"While the world watches Trump, Europe just put up the great wall of Calais https://t.co/cS2g0uBLIC",1
"RT @AltStateDpt: If Melania Trump stays at Trump Tower through a 4yr term, it will cost taxpayers approx. $1.4B. Is this what populist Trump voters wanted?",0
RT @AllenWest: Anti-Trump protesters planning MASSIVE nationwide action to...https://t.co/6i9uSE9iEB https://t.co/l0dfj4B74e,0
RT @altusda: Was glad to see @HuffPostPol story noted the the head of Trump's USDA transition team's ties to puppy mills https://t.co/qKbd8C4qa7 #resist,1
RT @KermodeMovie: Donald Trump's most bone-chilling tweet @CNNI https://t.co/M1UjkdreGG,0
RT @artoopio: KRISTEN MOCKED DONALD TRUMP AND CAME OUT AS GAY IN SNL MONOLOGUE WHEN WILL YOUR FAVE https://t.co/1lj07smIld,0
RT @EvanJKessler: There should be a contest to pre-tweet what Donald Trump is going to tweet about SNL the next day and the person who comes closest wins $1K.,1
RT @AP: A federal appeals court has refused to immediately reinstate Trump's travel ban on people from seven countries. https://t.co/wE89YDavhE,0
RT @vivelafra: Murder by Islam: 3 Stories.  #BanSharia #Trump https://t.co/nz9jbUS5uh,0
"RT @RealAlexJones: Donald Trump Basher Khan Is Muslim Brotherhood



Full Video: https://t.co/955DI92Vly https://t.co/gXK8CFXfsd",1
"RT @zachheltzel: Obama: America is imperfect but I love it.

Republicans: Traitor!

Trump: Our country's not so innocent.

Republicans: omg choke me daddy.",0
"RT @brianklaas: Trump is going on his first taxpayer-funded vacation this weekend, which will cost $3 million &amp; Melania's security https://t.co/5Qj41kV1zr",1
"RT @timkaine: President Trump rolls back Dodd-Frank and regulations protecting retirees. He's not draining the swamp, he's draining people's pockets!",1
"RT @Fight4UK: #Ukip ??



#Labour are not happy about #Trump.......



But don't mind Hamas https://t.co/AuYgwTxWxj",1
"RT @jimmydolittle1: Up to 1 million little girls raped by Muslims in the UK Meanwhile,the Liberal Left are marching against Trump. That https://t.co/fgunKi5SsJ",0
"RT @BryanCook1967: May God (Jehovah) lead, guide, protect and bless President Donald J. Trump. #Inauguration #POTUS #DonaldTrump #MakeAmericaGreatAgain #45",1
Republicans will not stand up to Trump. https://t.co/t5Y2sOfB6n,0
Watch out for #Putin and #Reichstagfire inspiring #Trump https://t.co/WAGO5VvUBD,1
"RT @spectatorindex: POLL: 64% of Britons believe Trump is a threat to global stability, while 28% believe his UK trip should be cancell https://t.co/I3EkgS7b98",1
"RT @PalmerReport: Russian intel agent, who leaked Donald Trumps prostitute blackmail, found dead in back of car https://t.co/BhrcGIzoXI",0
"RT @NickKristof: My Sunday column: Post-Trump,  Canada may now be the country best reflecting the values of the Statue of Liberty https://t.co/GpOuenHUza",1
@OmanReagan @KurtSchlichter Why do you threaten Trump supporters? Its a 3 month program.,0
"RT @DLin71: OBAMA: America is imperfect

GOP: TREASON



TRUMP: America is like a murderous thug

GOP: Shield your eyes in the presence of this patriot",0
"News outlet stated ""trump supporters want people to give him a chance and unity"" ?get a job, go to Canada, hail hitler,and fu is not unity. https://t.co/1B2HUOaTiM",1
RT @artoopio: KRISTEN MOCKED DONALD TRUMP AND CAME OUT AS GAY IN SNL MONOLOGUE WHEN WILL YOUR FAVE https://t.co/1lj07smIld,0
RT @jack_welch: CNN this morning wringing hands over Trump deficit proposals...Where were they when Obama was adding 10 trillion??,0
"RT @TRUMPMOVEMENTUS: Financed by Obamas $1.7 B Cash

Missiles will fall on their HEADS Iran threatens Donald Trump in 'showcase of POWER  https://t.co/cX9i9KWzhK",0
"RT @AP: Trump Cabinet pick paid by 'cult-like' Iranian exile group, by @jongambrellAP  https://t.co/hhyDDtWjIz",0
"RT @cyclingkev: School Teachers Against Trump

""We are history teachers, we know how this ends."" https://t.co/r6AH5yy3Rz",0
RT @SheriffClarke: Pres Trump takes weekend away from D.C. @ABC goes apoplectic but silent when Obama vacationed during Louisiana floo https://t.co/6zZA48Dx80,0
RT @MrJamesonNeat: Kellyanne. Spicer. Trump. We are witnessing the unraveling of the GOP. The Republicans are showing themselves for what they truly are.,0
"RT @ABC: Melissa McCarthy skewers Sean Spicer, Alec Baldwin reprises Trump role, Bannon portrayed as Grim Reaper on ""SNL"" https://t.co/3wlkqE4b8W",0
"RT @BillPalmer: Putin specifically murders journalists. Trump appears to be in favor it. Fuck you Trump, this is America. We win, y https://t.co/CIne77QTXu",0
"RT @theonlyadult: ""From Obama to Trump - How America fell from grace to disgrace in two weeks"" gonna be a hell of a documentary.",0
RT @cnnbrk: A federal appeals court denied the US government's initial request to resume President Donald Trump's travel ban. https://t.co/gB70irt1AX,0
RT @JoyAnnReid: Not that I've seen. The Trump/Sessions/Chris Kobach/Bannon/Stephen Miller xenophobic varietal is fixated on brown a https://t.co/RWK8DbiXt8,0
"RT @TheMarkRomano: Thanks, George W. Bush:



Your judges have upheld Obamacare and halted President Trump's travel ban.



I wonder how t https://t.co/MrEgVJLiwx",1
"RT @DTrumpExposed: Mr. Trump, if that Judge is a ""So-called Judge"", then you are our ""So-called President""!

#SoCalledPresident

RETWEET!",0
"RT @TrumpDynastyUSA: .@realDonaldTrump?

Trump at the HELM!

God on the THRONE!

America on the MEND!

GREAT AGAIN &amp; AGAIN!

@POTUS https://t.co/OpBfsDQ6P3",1
"RT @ABC: Melissa McCarthy skewers Sean Spicer, Alec Baldwin reprises Trump role, Bannon portrayed as Grim Reaper on ""SNL"" https://t.co/3wlkqE4b8W",0
"RT @Lawrence: Who in Trump administration has biggest incentive to leak?

Pence?",0
donald trump https://t.co/zGT6znYilI,0
"RT @FreddyAmazin: Ellen DeGeneres' response to Donald Trump screening ""Finding Dory"" at The White House is everything: https://t.co/ox8FFISqhK",1
RT @guardian: Trumps lies are not the problem. Its the millions who swallow them who really matter | Nick Cohen https://t.co/GJXOg0dw4E,0
"RT @nytimes: Trump says he has walked away from the day-to-day of his empire, but records show how close he remains to it https://t.co/oYuvMupTxK",0
RT @judemgreen: Seattle judge James Robart's order suspending Trump's immigration ban also explains how US government works  Quartz https://t.co/MbgvYeJ7tD,0
The Deep Denialism of Donald Trump https://t.co/CooM6WxGq5 https://t.co/DZN5TWBTpm,0
I want to thank the protesters of Trump. Never normalize hate.,0
Nova Scotia graphic designer going rogue and taking on Donald Trump - CBC.ca https://t.co/ZVedT5dCfO,1
"RT @TomthunkitsMind: Trump supporters got played, will pay thru 401k's, foreclosures, predatory lending, higher gas prices, sale of publ https://t.co/VkOzFyjL0r",0
RT @DabAggin: Shoutout to all the Trump fans who are never sure when it's *you're* vs. *your* but who are now suddenly constitutional law scholars.,1
RT @washingtonpost: OReilly told Trump that Putin is a killer. Trumps reply: You think our countrys so innocent? https://t.co/PLtVYCfSQs,0
"RT @redsteeze: ""Trump attacking that judge undermines entire republic"" - people who spent last week saying Gorsuch is a stolen illegitimate seat.",0
"RT @LOLGOP: Mike Pence says this Supreme Count seat belongs to the ""American people"" -- 54% of whom voted against Donald Trump.",1
"RT @SenSanders: Trump has to learn the very important truth stated by Washington AG Bob Ferguson: ""No one is above the law, not eve https://t.co/XvSnHY2N9g",1
"RT @ABC: Melissa McCarthy skewers Sean Spicer, Alec Baldwin reprises Trump role, Bannon portrayed as Grim Reaper on ""SNL"" https://t.co/3wlkqE4b8W",0
"@MarkOnDiet I'm not even a democrat, but Trump's administration personifies vulgar, authoritarian, reactionary, ignorant incompetence.",0
"We thought we were creating a savvier, more skeptical audience. Instead we opened the door for Trump, who found an audience easily misled. https://t.co/0EAkvkruth",0
RT @nycjayjay: The 9th Cir declined to immediately reinstate Trump's immigration ban. Bam! It has asked instead for plaintiffs to respond to the appeal.,0
RT @DailyMailUK: Victoria Cross war hero held at US immigration for three hours after Trump's new travel crackdown https://t.co/MMeLLwUPsu,1
"RT @NickCohen4: ""Trump, modern fascism, and how to fight back"" - long read from me in the Observer

https://t.co/TZr0NiHJDI",0
RT @Independent: Michael Moore had the perfect response to Trump's attack on the judge who blocked his Muslim ban https://t.co/kx5kGwzdBz,0
"@JoyAnnColl well the most hateful day of the year at least starts w good news---Appellate court tells Trump ...nah nah nah, nah nah nah! https://t.co/CKGyuljVQa",1
RT @FoxNews: Experts: Social media giants fight Trumps anti-terror plan while providing platform for terrorists https://t.co/skMzy0FcC9,1
"RT @PrisonPlanet: Turns out that you can't use Twitter to threaten Trump supporter's children, violence &amp; doxxing. This account final https://t.co/rgipGho3m9",0
@neimanmarcus Is it true that your store stopped selling Ivanka Trump line?,0
"RT @TweetLikeAGirI: Ellen DeGeneres' response to Donald Trump screening ""Finding Dory"" at The White House is everything: https://t.co/xhncI13E8A",1
Trump visa plan would restrict foreign founders https://t.co/61PknMlskp,0
RT @weaselzippers: President Trump Is Asked To Pardon Army Officer Convicted Of Afghan Murders https://t.co/wGoflsT27m,0
"Liar in Chief

<U+26A1> Trump vows to overturn ruling as airlines allow 'banned' passengers to fly



https://t.co/mrdtXmq84s",0
"RT @AltStateDpt: If Melania Trump stays at Trump Tower through a 4yr term, it will cost taxpayers approx. $1.4B. Is this what populist Trump voters wanted?",0
RT @Queen_UK: Kim Jong Un on the phone. Very upset that he's no longer the world's craziest leader. #Trump,0
RT @vivelafra: Murder by Islam: 3 Stories.  #BanSharia #Trump https://t.co/nz9jbUS5uh,0
RT @doamuslims: Iraqi parents were so happy for their son to get American medicalcare that they named their son Trump. Then https://t.co/qBJq6eqSP4,1
Nordstrom isn't the only department store dropping Ivanka Trump: https://t.co/JOd1QsEbOu,0
RT @cenkuygur: Elizabeth Warren gives progressives in Congress a rousing call to arms against Trump https://t.co/8WGLQAYEqa # via @HuffPostPol,0
"RT @HuffingtonPost: Veterans vs. Trump: Pipeline will never be completed, warriors vow https://t.co/xhKOUxRmwt https://t.co/y2YZt6dRDK",1
RT @France4Hillary: BREAKING: A federal appeals court early Sunday rejected a request by the Justice Department to restore Trumps #MuslimBan! Another defeat!,0
RT @trumper_tantrum: @jaketapper Trump has thinner skin than Trojan Bareskin Condoms.... And that's thin. Ask my 3 month old... #FollowMe!,0
"RT @thehill: WATCH: Trump and Bannon as Grim Reaper go to war with foreign leaders on SNL

https://t.co/M6W9SsF3Ew https://t.co/HmKouPe45k",0
"You're all dredging the sewer--looking for something positive to say about Trump. Who do you think is watching your show?

#Insidepolitics",1
Uber CEO quits Trump advisory board amid criticism https://t.co/VqPyH4l3WD https://t.co/x9zlyavMDN : Charles Myr... https://t.co/FHjwzIsjPq,0
RT @JohnTDolan: Wouldn't it be GREAT if when Gaga starts into her ?? Anti Trump rhetoric the crowd drowns her out with Boooos.  ReT https://t.co/vdvKFgG8kx,0
"RT @Timodc: Trump continues to earn a fervent defense from extreme leftists who think America is awful.



DT?GG? https://t.co/qBZ0jlmoUq",0
@GreenJennyJones Isn't MSP etc. (we all know this) Trump also the agent of WW3 &amp; the end of 99+% of life forms in the 6th Mass Extinction??,0
RT @moorehn: New lawsuit to be filed Monday asking for release of Trumps tax returns. https://t.co/jk8xES20AY,0
"RT @queennn94: Kristen Stewart taking down Donald Trump and the homophobes at one go.



She has saved 2017. Play this at my funeral. https://t.co/ywlzO18FaT",0
"RT @DTrumpExposed: ""There's a 1 in 3.64 BILLION chance of you being killed by a refugee""



Trump supporters: https://t.co/FwKEoNXYkP",0
".@citrusoil US food and environmental standards tend to be lower than Britains, and will become lower still if Trump gets his way.<U+7F8E><U+82F1><U+4EBA><U+6C11><U+4E00><U+8D77>?",1
"RT @MohamedGhilan: Dear Muslims,



If you think nothing good can come out of the insanity that is Trump, here's a spiritual lesson from https://t.co/4KWsriYmmn",1
RT @TrumpSuperPAC: President Trump's job is to protect we the people. The judiciary has no authority to stop the President's duty! We https://t.co/ousn1G7mXu,1
RT @_AmericasIdiot: There is nothing about terrorism Trump is fighting. This is the spread of racism and xenophobia throughout the coun https://t.co/wtVCYg6rR5,0
RT @EverySavage: How protesters plan to get under Trumps skin wherever he goes. @WashingtonPost #TheResistance  https://t.co/mCulGu5mv2,0
"RT @hopedellon: #FreeMelania

Seriously, grant her immunity for turning state's evidence against Trump &amp; cronies. #Impeach #indict https://t.co/UUiG3XQWJU",0
RT @CBSNews: Iranian baby caught up in Pres. Trump's immigration ban allowed to enter U.S. for life-saving surgery https://t.co/DDOL32Fggd,1
"RT @MMFlint: Thank you, So-Called President Trump! I've been struggling for 2 weeks over what to call you, and your tweet here g https://t.co/ZLpZLlnHV8",0
US court rejects bid to immediately restore Trump's travel ban https://t.co/3gRdYH3hlm,0
"RT @TheMarkRomano: See how the courts work...



When Obama issues a travel ban, it is perfectly fine.



When Trump does the exact same thing, it is illegal.",0
RT @ahmednasirlaw: What is the most important achievement of Pres Trump so far? demystified American democracy &amp; showed it is a glorified 3rd world prototype,1
Tell @Disney : Keep the villains on the screen and quit Trump's business council: https://t.co/0is9ZMzW3u via @freepress #QuitTheCouncil,0
"RT @700wlw: Trump Respects Putin, Even If He's A Killer (VIDEO) https://t.co/PbIpslnI9V https://t.co/jfVKB44JnT",0
RT @EricBoehlert: shorter Trump: Putin could stand in the middle of 5th Ave and shoot somebody and not lose my support https://t.co/v1qoGRVNJ5,0
George Soros interview: he thinks chaos is funny - Talks Trump and ISIS https://t.co/6eZU2ViXnW via @YouTube,0
"RT @altNOAA: France wants our scientists &amp; to become world leader in science and renewable energy. Will Trump allow it to happen?

https://t.co/adQuXk0f1b",1
RT @crampell: Is Trump right that banks cant lend?  Business loans made by banks as share of GDP at highest level in 50 yrs https://t.co/RjEK2GLTY8,1
RT @WSJusnews: Catholic church differs with Trump on immigration https://t.co/bZ5pm5wL7Z,0
"Thousands march near #Trumps Mar-a-Lago #Estate in Fla: https://t.co/1JVQsDY0Jx, https://t.co/Aj7fmzS7eK",0
"I am all for the impeachment of Trump but Mike Pence is no better, so either way we're fucked for the next 4 years.",0
"RT @LetHumanismRing: Trump ordered a #Hiring Freeze, that includes workers hired 2 #Help #Veterans in the #VA, but he doesn't #Care  https://t.co/Tm4BrzW37J #US",0
@BraddJaffy @SenateGOP @HouseGOP You gonna still support Donald trump you spineless traitors?,0
RT @AP: BREAKING: Appeals court denies Trump administration request to immediately reinstate ban on travelers and refugees.,0
RT @globeandmail: Court rejects Trumps bid to immediately restore travel ban https://t.co/nljwPxLeNw,0
Disgusting! The Leader of the Portland Anti-Trump Protests is a Registered Sex Offender https://t.co/V1Lm4p3grb,0
"Which may be the ONLY way Trump learns anything...  ""Melissa McCarthy Just Played Sean Spicer On SNL And It...""  https://t.co/HOxT5C4naV",0
Uber CEO quits Trump advisory board amid criticism https://t.co/VqPyH4l3WD https://t.co/x9zlyavMDN : Charles Myr... https://t.co/TM3fqzhuqI,0
RT @ranman09: #NotMyPresident Trump is one of the most disliked political leaders in the entire world. Thousands March In London: https://t.co/5tgXx6Zl9K,0
RT @docrocktex26: Ron Wyden wants to remind youthe FBI knows things about Trump and Russia that they're not sharing https://t.co/90T8H7mqdU,0
"RT @Juan_Abbe: [top of Trump Tower]

Trump: I want to do something to make the people happy

Pence: You could always jump



#indivisible",1
"RT @ElaheIzadi: Alec Baldwin returns as Trump on SNL, where an evil Steve Bannon is actually president

https://t.co/aDsCoImYxA",0
RT @washingtonpost: Meet the Bush-appointed federal judge who halted Trump's executive order https://t.co/cGqiK2Ii4p,0
"RT @AngrySalmond: Donald Trump's losing his shit over this bigoted Muslim ban being lifted by a judge, and I'm having a right good ch https://t.co/AVv8uoL8vV",0
"RT @MMFlint: Thank you, So-Called President Trump! I've been struggling for 2 weeks over what to call you, and your tweet here g https://t.co/ZLpZLlnHV8",0
"RT @ChristiChat: Best vote I ever cast!

<U+2764> Trump



WATCH what @POTUS did in week two of his presidency to #MAGA

#AmericaFirst



https://t.co/4bzM3s8Tej",1
"RT @Lawrence: Who in Trump administration has biggest incentive to leak?

Pence?",0
"RT @nytimes: S.N.L. Goes After Trump Again, With Melissa McCarthy as Sean Spicer https://t.co/VOLvsHIWgn",0
RT @ezlusztig: False Equivalency alert. This assimilation of Trump to previous administrations is utter garbage. Don't believe a w https://t.co/AW8EtoJhpz,0
RT @donnabrazile: Sunday reading: This Is How Steve Bannon (Trump's ideologist) Sees The Entire World https://t.co/bwXj3B2ZRP via @jlfeder,1
RT @Trump4Hope: I'm a proud Trump girl<U+203C><U+FE0F>??? https://t.co/Vx15HCLExO,1
"6 Countries Trump Has Insulted, Provoked and Picked Fights With In His First Two Weeks @alternet https://t.co/I1RoQXWhF3",0
"RT @DavidAFrench: You won't see many conservatives defend Trump's Russia comment. They'll be silent, but they'll know they'd race to Fox to condemn a Dem.",0
RT @Independent: Michael Moore had the perfect response to Trump's attack on the judge who blocked his Muslim ban https://t.co/kx5kGwzdBz,0
"RT @satanseyebrows: 'Hey, Donald Trump! I wanna know why you're such a cunt!' https://t.co/7zkFF1LgSp",0
"RT @dailykos: Elizabeth Warren torches Trump's plans to unwind Dodd-Frank, rip off retirees https://t.co/nHB8twB4M2",0
Uber CEO quits Trump advisory board amid criticism https://t.co/VqPyH4l3WD https://t.co/x9zlyavMDN : Charles Myr https://t.co/rXN9UWQZKw,0
RT @artoopio: KRISTEN MOCKED DONALD TRUMP AND CAME OUT AS GAY IN SNL MONOLOGUE WHEN WILL YOUR FAVE https://t.co/1lj07smIld,0
RT @NoNo2GOP: Dems Tell Trump: Disclose Mar-A-Lago Guests To Dispel 'Pay-To-Play' Charges https://t.co/mHVYlAWpLB https://t.co/523TbRpE6S,0
"RT @LawyerRogelio: Donald Trump Jr. faved a tweet about how Donald Sr. would get a political boost from Quebec killer ""being Muslim"": https://t.co/sFRWB0DMMc",0
"RT @DLin71: OBAMA: America is imperfect

GOP: TREASON



TRUMP: America is like a murderous thug

GOP: Shield your eyes in the presence of this patriot",0
Can't shake the image of Jared Kushner trying to steal Trump's phone from under his pillow without waking him like https://t.co/q40T0ulXAJ,1
"@mcm4801 &lt;&lt;  ASSISTANT ATTORNEY GENERAL 4 THE STATE OF MASS. SENT OUT A TWEET WITH THE HASHTAG #FUCKDONALDTRUMP.

https://t.co/4MKgqbwsY0",0
"RT @queennn94: Kristen Stewart taking down Donald Trump and the homophobes at one go.



She has saved 2017. Play this at my funeral. https://t.co/ywlzO18FaT",0
"RT @africasacountry: Nazi symbolism. On a public train. In New York City. In 2017.

""I guess this is Trump's America"" said one passenger.

https://t.co/Hgr8GyPVDU",1
RT @SwiftOnSecurity: Republicans suddenly embrace liberal moral relativism and American hegemonic guilt after Trump says our country is https://t.co/RbPxjDpkGo,0
RT @BoF: Raf Simons was in the midst of conceiving this collection when Donald Trump was elected President of the US. https://t.co/SXlKm5bIN5,0
RT @piersmorgan: Reposting this photo from yesterday's London anti-Trump march. Staggering. https://t.co/aAvJ6yJXID,0
"Trump claims ""see, told you they were bad people, the ban was GREAT"" and US people eat it up, only furthering the hatred and fear (6/7)",0
RT @aligordonx: Another sign at the #Trump protest at City Hall. #MuslimBan https://t.co/69tTBwTlLi,0
"RT @thehill: WATCH: Trump and Bannon as Grim Reaper go to war with foreign leaders on SNL

https://t.co/Z7MeikBTzh https://t.co/vtCsLEMJ0h",0
CNNs Jim Sciutto: Trump's Putin Comments Put America on Same Moral Relativism as Authoritarian...... - Democratic Un https://t.co/X3OBeha7d5,1
"RT @Khanoisseur: Let this sink in-Trump's defense for journalists being killed in Russia:



""So what, we do plenty of killing too"" https://t.co/EzeW6NyG55",0
"SNL: Melissa McCarthy as Trump Press Sec. Sean Spicer Is Amazing, Period https://t.co/39hfgVmE9l",1
"RT @2020fight: What purpose, besides $, causes Trump to decide to remove all the lab reports re animal testing from the USDA? It's disgusting and cruel.",0
"TRUMP PACE HAS HEADS SPINNING - ""Reckless speed may NOT get you there"" - Said the tortoise to the ""hair.""",0
RT @AdamsFlaFan: (Or any Republican.)      The Poor Could Go Even Hungrier Under Donald Trump @alternet https://t.co/5LUKCzfUl5,0
RT @AGOWA: Trump Administration's request for immediate administrative stay DENIED. https://t.co/R3tTRPyv3U,0
RT @Reuters: Kuwait denies it imposed travel ban praised by Trump https://t.co/mvuwFBjfx0 https://t.co/p2MgW0eRdH,0
RT @NMTatt: Trumps lies are not the problem. Its the millions who swallow them who really matter | Nick Cohen https://t.co/OcdtSCHcWe,0
"We will boycott Trump speech, say Labours female MPs https://t.co/M1UfF4K5GG",0
"""the world is coming at Trump's WH, &amp; fast. For those who have opposed Trump...take heart. No administration can run at this pace for long."" https://t.co/Ac4vPYLMiP",0
"RT @SenSanders: President Trump, you made a big mistake. By trying to divide us up by race, religion, gender and nationality you ac https://t.co/0Dye2513Ub",0
RT @FacesPics: The shadow from this towel rack looks like Donald Trump https://t.co/jTRePNDuLC,1
"RT @Bipartisanism: Trump Administration Strips Animal Rights Safeguards, Pets Now At Risk https://t.co/vASh7ad4x7 https://t.co/SB2c2RUqbJ",0
'THE O'REILLY FACTOR'  Trump voices hope Russia will help fight against ISIS https://t.co/rf0M9T6qBb https://t.co/tFAuoYE97I,0
"RT @TeaPainUSA: Killers?  Trump has now attacked the integrity of America to defend Vladimir Putin. Brothers and sisters, this aggression will not stand!",0
"RT @thehill: WATCH: Trump and Bannon as Grim Reaper go to war with foreign leaders on SNL

https://t.co/Z7MeikBTzh https://t.co/vtCsLEMJ0h",0
"In her endorsement speech for Trump, Palin did warn Americans their pensions were bust.#gold https://t.co/X8d62BHM1Z",0
RT @ranman09: #NotMyPresident Trump is one of the most disliked political leaders in the entire world. Thousands March In London: https://t.co/5tgXx6Zl9K,0
"RT @markmobility: Monthly cost of:

Guarding Trump Tower: $30 million

Section 8 for all 15,856 homeless NYC families: $28 million",0
"How Fascist Propaganda works in a democracy with Trump, Bannon, Conway, Spicer, Fox News as the malicious BCI app https://t.co/drZXwugOEb https://t.co/qkUGO5zXwK",0
"RT @NastyWoman20: ""There's a 1 in 3.64 BILLION chance of you being killed by a refugee""



Trump supporters: https://t.co/qeaIG4ZWh2",0
"RT @DavidCornDC: Hey everyone, there's still plenty of time for Trump to ruin Super Bowl Sunday with tweets.",0
RT @piersmorgan: Reposting this photo from yesterday's London anti-Trump march. Staggering. https://t.co/aAvJ6yJXID,0
Soros-Funded Orgs Behind Violent Anti-Trump Protests Across America https://t.co/lhUZpPmy1T,0
"Super Bowl LI, Refugee Ban, Trumps Cabinet: Your Weekend Briefing https://t.co/qJFthTZIJh",1
RT @kwqcnews: NEW THIS MORNING: Appeals court denies Trump administration request to immediately reinstate ban on travelers and refugees.,0
"RT @DLin71: OBAMA: America is imperfect

GOP: TREASON



TRUMP: America is like a murderous thug

GOP: Shield your eyes in the presence of this patriot",0
"RT @SCalaisS: Good morning!



? President Trump's bid to reinstate travel ban rejected by court



https://t.co/Ogom1x2bqx",0
"RT @THEJOKER20161: A TWEET FOR TRUMP

IS A TWEET FOR THE LORD

A NEW TRUMP FOLLOWER

HE WILL REWARD

HOW MANY WILL HE SEND TO ME

THE ONEs https://t.co/xkYqFJlOMs",1
"RT @carolynquinncq: Sun 10pm R4: Hr Cardinal Vincent Nichols, leader of Eng &amp; Wales Catholics' critique of D.Trump travel ban &amp; urges U.K. Gov be more generous.",1
"RT @AP: DOJ appeals judge's order blocking Trump's travel ban, arguing aliens have ""no constitutional right"" to enter U.S. https://t.co/FIatMPXmDz",1
Trust Records Show Trump Is Still Closely Tied to His Empire https://t.co/BdUxSnVCtz not fair <U+2668><U+FE0F><U+2668><U+FE0F><U+2668><U+FE0F><U+2668><U+FE0F><U+2668><U+FE0F>??????<U+2668><U+FE0F><U+2668><U+FE0F><U+2668><U+FE0F><U+2668><U+FE0F>?????????<U+274C><U+274C><U+274C><U+274C><U+274C><U+274C>????<U+FE0F>?<U+FE0F>,1
"RT @AltStateDpt: Obama family travel cost taxpayers approx. $10M/yr. In 2wks, Trump is at $3M plus Eric Trump's Uruguay trip costing https://t.co/RaBvA5XiZR",0
Uber CEO quits Trump advisory board amid criticism https://t.co/VqPyH4l3WD https://t.co/x9zlyavMDN : Charles Myr https://t.co/mAO6GIfZvR,0
"RT @AJemaineClement: Hitler - failed painter

Trump - cancelled tv host

Bannon - failed documentary maker

Conway - failed stand-up



Support the arts and media",0
RT @Politics_PR: Trumps despotic attack on a federal judge backfires https://t.co/km5rn6MVR6 #NotMyPresident https://t.co/TGiwm7o3zp,0
"RT @ebonstorm: At $400,000 a day, it'll cost the nation $548,000,000 to keep Melania Trump in New York City for four years. https://t.co/U7ImUMeTSQ",1
"RT @WilliamsJon: 64% of UK thinks #Trump threat to global security: dangerous, unstable &amp; bigot. Time to rethink #StateVisit?

https://t.co/BVypKtMy9R",0
"tRump, the world hates u, more than half your country hates u. One day*hopefully soon*this will bring you down. #TheResistance  #dumptrump",0
"Trump defends Putin: ""You think our country's so innocent?"" @CNNPolitics https://t.co/urEb2W2c6T",1
RT @tribelaw: 2/ business with Trump but sent the 9/11 terrorists here,0
RT @TheDemocrats: We're not going to let Trump get away with this: https://t.co/6orNymvpIv https://t.co/3DSAhWr2b0,0
"RT @stripecentral: ""Trump is your president""

Me: https://t.co/9DPPoATjjd",0
"RT @markmobility: Monthly cost of:

Guarding Trump Tower: $30 million

Section 8 for all 15,856 homeless NYC families: $28 million",0
RT @DinaEllithorpe: The billionaire resistance against Donald Trump is beginning https://t.co/6mQdNGQ22q,0
#SundayMorning Let's just ignore Trump today and enjoy the SuperBowl.  America deserves a day off.,0
RT @cj_disabled: Donald Trump travel ban: US court denies justice department's appeal just hours after President expresses confidence https://t.co/4jqbdIlT5u,1
"RT @nytimes: S.N.L. Goes After Trump Again, With Melissa McCarthy as Sean Spicer https://t.co/VOLvsHIWgn",0
"RT @StacyOnTheRight: Trump to Reid: ""How ya like me now!"" https://t.co/IpO0MW3iE6",1
"RT @ABC: Melissa McCarthy skewers Sean Spicer, Alec Baldwin reprises Trump role, Bannon portrayed as Grim Reaper on ""SNL"" https://t.co/3wlkqE4b8W",0
"RT @funder: This Senator (@RonWyden) Is Hell-Bent on Getting Out the Truth About #TrumpRussia



We got your back!



#dworkinreport https://t.co/d5kPKneu3a",1
"RT @MichaelSkolnik: Trump is rattled.

Bannon is shut down.

Spicer can't make up his mind.

Conway is making up fake massacres.



The resistance is working!",0
RT @villskid: no Joke - DJT is #unfit #impeachTrumpnow #DworkinReport #TheResistance https://t.co/eSU7BePPGG,0
RT @RealNews_World: Donald Trumps appeal on judges travel ban decision denied by federal court https://t.co/N43LnM75I5 https://t.co/et367r3nFD,0
"RT @SissyWillis: ""Whistleblower Dr John Bates, top NOAA scientist&gt;stiffen Trumps determination to reverse Obamas green policies, w/draw from Paris deal""",1
"RT @funder: Trump defends Putin



#DworkinReport #resistance #TrumpRussia #resist #theresistance #muslimban #amjoy #nobannowall https://t.co/R4QnGZhuUE",0
"Something to think about:  Chill, America. Not every Trump outrage is outrageous. https://t.co/haMiYRvuTW",0
"RT @ddale8: Obscure websites published a fake story that Kuwait was copying Trump's ban. The president Facebooked it, got 67,00 https://t.co/JXXgrVQAOL",0
Donald Trump Is Going To Hate This Saturday Night Live Skit So Much https://t.co/21WoMNpthS via @MotherJones,0
"... There's more than enough material on Trump. You can shift skits to have staff around Trump, but making them sole focus of skits is...",1
"RT @RichForrest2: Isn't that illegal in the US?



Donald Trump retains direct tie to businesses, documents show https://t.co/S04iJxDxvO",0
RT @Koxinga8: Appeals court denies Trump request to immediately reinstate travel ban |  https://t.co/KrmNftRTv4,0
"RT @daveleifer: Just so you know, president Trump can release a new EO at any time with slightly different text and invoke the ban again!",1
"RT @MaggieJordanACN: Thank you @Budweiser, great way to make the point.

Wonder if it will go over Trump's head?

#SuperBowl ad.



https://t.co/z9H1JhqwRi",1
"RT @VABVOX: ""Jews belong in the oven.""

NYC subway riders fight Trump.

Best story of the night.

""This is NOT Trump's America.""

https://t.co/Ub7YsGegYP",0
RT @Reuters: Kuwait denies it imposed travel ban praised by Trump https://t.co/mvuwFBjfx0 https://t.co/p2MgW0eRdH,0
RT @BFurdyna: Trump's foreign entanglements are of grave concern and warrant investigation. @SenJohnMcCain #DworkinReport https://t.co/KO9dYLSI09,0
RT @Nupe117: O'Reilly told Trump that Putin is a killer. Trump's reply: 'You think our country is so innocent?' https://t.co/iJl2sOa1Jj @cspanwj,0
"RT @donnabrazile: To commemorate Black History Month, Trump administration decrees that white supremacists cant be terrorists https://t.co/X2sS98q9Ao",1
Court denies Trump request to immediately restore travel ban https://t.co/xgO4c3EI0I,0
"RT @funder: .Exhibit 8:Trump fam eyed expansion in Russian market '08



#DworkinReport #resistance #TrumpRussia #resist https://t.co/r1FJmm3WZ9",0
"RT @CarlaChamorros: #Hitler never left #Gernany if`Voll und Gesund!



Trump as Islamist Beheader in Front Page Cartoon https://t.co/M8tLu91iGS",0
"With executive orders, Trump embraces time-honored power move https://t.co/dFb5lJ963b via @nbcnews",1
RT @KevinJacksonTBS: So #potus45 #POTUSTrump continues to MORTIFY #Democrats with new CIA PICK! https://t.co/exPfnh5uCF #TeamKJ,1
Americans living on the street? .. and #refugess still welcomed?  #USA #AmericaFirst #Trump  https://t.co/n6NZzFizgK,0
"RT @immigrant4trump: Hey Liberals look in the mirror, you are guaranteeing GOP rule for the next 8 years #Maga #Trump https://t.co/yVoxpcwQ3K",0
"RT @ABC: Australian PM Malcolm Turnbull reiterates he and Trump had a ""frank and forthright"" phone call; denies Trump hung u https://t.co/Iso7kFUDSF",0
"RT @ScottErnst0331: At your #Superbowl party, remind everyone that #Trump is their president if they live in one of these states. https://t.co/5kXv1qDVlp",0
"RT @chicagotribune: Donald Trump Jr. stumbled making his mark outside the Trump Organization, leaving behind lawsuits, unpaid taxes. https://t.co/cT2XACimcZ",0
"RT @JustinWolfers: Amazing diversity as Trump's senior staff is sworn in: White men of many heights, tie colors https://t.co/bE61gSQ81B https://t.co/Gv3KFUm1HC",1
RT @politico: The Democrats face up to their Trump problem https://t.co/7uBvc0WlN5 https://t.co/5dR52DAhXe,0
"What is that for GOD's sake? You mean Kuwait denies having praised Trump's Travel ban, isn't it? https://t.co/8qOompC8wd",0
RT @2Pups2ManyCats: #Trump proud moments: #doomsdayclock has been set to 2.5 minutes to midnight-Never has this type of action been taken all cause of 1 person.,1
RT @drinkngshampain: @okc2sea he's at the mar-a-lago for a superbowl party and also to unofficially host a huge anti-trump protest outside,0
"RT @marypatriott: #MILO RE VIOLENT BERKELEY STUDENT RIOTS CENSORING HIM:

""Pres. Trump needs to w/draw fed funds fm colleges refusing https://t.co/JIGb5qyaja",0
RT @AP: BREAKING: Appeals court denies Trump administration request to immediately reinstate ban on travelers and refugees.,0
"@realDonaldTrump @POTUS #littlewhitebitch

Now 'SNL' is practically trolling Donald Trump

https://t.co/wrMRjEZLVG",0
RT @JosephBirlem: THATS IT IM DROPPING A DONAL TRUMP DISS TRACK THIS WEEKEND WITH ALL MY HOMIES! LOOK OUT FOR DIS HEAT??,0
Interesting piece on Trump's attitudes to the American automotive industry https://t.co/TLyxWllFYv,1
RT @DonyaMarie: @camper_bruce @pepsi @ladygaga let's not forget how Pepsi put Trump supporters down,0
"RT @WesSmith123: WOW! Even Trump's White House Is Trying To Warn Us! This Is Not Normal! #WhiteHouseLeaks

#TheResistance #DemForce https://t.co/3bvHRRGG9K",1
"If I hear any more about Donald Trump, Muslims immigration, and the rest of the shit I'm going to scream.",0
RT @StephensWSJ: Trump puts US on moral par with Putin's Russia. Never in history has a President slandered his country like this.  https://t.co/LrP8ycG1Y9,1
RT @CauseWereGuys: this guys trump impersonation is spot on ?  https://t.co/nIecTaMF4h,0
"Alec Baldwin's Trump is back on 'SNL': 'Prepare to go to war'

https://t.co/C4zIfj13bq",0
RT @DearAuntCrabby: Trump fabricated a terrorist attack on the Louvre. This French woman's response is perfect. https://t.co/6vtcFCtBau,0
"RT @MMFlint: Thank you, So-Called President Trump! I've been struggling for 2 weeks over what to call you, and your tweet here g https://t.co/ZLpZLlnHV8",0
"RT @AP: Trump Cabinet pick paid by 'cult-like' Iranian exile group, by @jongambrellAP  https://t.co/hhyDDtWjIz",0
"RT @docdhj: Globalists are toast! ""Davos Man Is Dead"" - Trump's EU Ambassador Slams Out Of Touch Elites | Zero Hedge https://t.co/mDWj8xluIs @lrihendry",0
"RT @kylegriffin1: A federal appeals court has rejected a DOJ request to immediately restore Trump's travel ban.

https://t.co/DHhvqlLqcp",0
"RT @GStephanopoulos: .@VP Pence defends President Trumps attack on ""so-called"" judge, says he's ""speaking his mind."" See my full interview on @ThisWeekABC.",0
"RT @funder: We have a fun new lawsuit coming up against the Trump campaign, details to follow in beginning of week! Donate here: https://t.co/pydBrUopFO",1
"RT @Zanting: #LAPD pushes &amp; removes peaceful pro-Trump supporter Baked Alaska (@bakedalaska) from #LAXProtest, falsely accuses h https://t.co/B6Kg4rLRdT",0
The Unfair Reality of Donald Trump and HBCUs by @JLCarter_Sr https://t.co/4iZYYaw7eT,0
"RT @SenSanders: Trump has to learn the very important truth stated by Washington AG Bob Ferguson: ""No one is above the law, not eve https://t.co/XvSnHY2N9g",1
"RT @GeorgeTakei: Fox's O'Reilly said to Trump, ""Putin's a killer."" Trump shrugged saying, ""You think our country is so innocent?"" Don't drink the tea, folks.",0
"RT @luisbotello41: my dad's friend owns a restaurant and he got this today in one of the receipts.

This is Trump's America, disgustin https://t.co/Mi2wRgVuMh",1
"RT @nytimes: Whether they like it or not, brands associated with the Trump name have become politicized https://t.co/beH89AwqtC",1
Trump Backers Want Ideology Test For Extreme Vetting https://t.co/6gdMGzfiK6,0
"RT @Kris_Sacrebleu: #MuslimBan



IMPEACH TRUMP.



#TheResistance #Resist https://t.co/cc7iXSZSVJ",0
@Reuters Best part: Everyone busy with this while Trump continues to push out other Exec Orders that are Making America Great Again.,1
RT @HeerJeet: Make no mistake: Trump will blame next terrorist attack on the judge &amp; use it as excuse to undermine judicial syste https://t.co/q6UImh4gxi,0
"RT @chicagotribune: Donald Trump Jr. stumbled making his mark outside the Trump Organization, leaving behind lawsuits, unpaid taxes. https://t.co/cT2XACimcZ",0
"RT @satanseyebrows: 'Hey, Donald Trump! I wanna know why you're such a cunt!' https://t.co/7zkFF1LgSp",0
RT @WhitfordBradley: Beyoncé has more people of color in her tummy than Trump has in his cabinet.,0
Uber CEO quits Trump advisory board amid criticism https://t.co/VqPyH4l3WD https://t.co/x9zlyavMDN : Charles Myr https://t.co/59PU57B8Da,0
RT @BarinM: Good morning. This cartoon is brilliant: #statueofliberty #justice #Trump #checksandbalances https://t.co/qUCx2zaOWS,1
"RT @Daudoo: ""No one is above the law - not even the president"" | Federal judge blocks Donald Trump's immigration ban https://t.co/sfCiGqt9Ml",0
"RT @Nascar_Tom: DONALD TRUMP IS MY PRESIDENT

RETWEET IF HE IS YOUR PRESIDENT @POTUS @realDonaldTrump #trumptrain #trump #Trumparmy https://t.co/GmmO0WuVqo",0
"Alec Baldwin's Trump is back on 'SNL': 'Prepare to go to war'

https://t.co/qxJsaOMXM8",0
"RT @AP: Trump Cabinet pick paid by 'cult-like' Iranian exile group, by @jongambrellAP  https://t.co/hhyDDtWjIz",0
RT @Veteran4Trump: Ok so #FakeNews CNN is publishing this based on only 1002 people they allegedly polled! What a crock of shit this i https://t.co/dOt9SlWcLF,0
RT @jonfavs: Seems like Trump might get pretty annoyed with all this #PresidentBannon stuff https://t.co/7ah65EaEzq,1
RT @altusda: Here's another petition for those looking to fight back against Trump's #animalwelfare info blackout. #transparency https://t.co/fd6zjGQqf6,0
"RT @Willie_American: Trump's blind loyalty and pandering to Putin is not normal. It is not rational. It is bizarre. When it is exposed, America will convulse!",0
RT @CNNPolitics: An avalanche of phone calls is thundering across Capitol Hill as the Senate considers Donald Trump's nominations https://t.co/N7gtyLaNOe,0
RT @Bipartisanism: Dan Rather Goes On National TV &amp; Calls Out Donald Trump Like A Champ (VIDEO) https://t.co/jqOjjLgOEs https://t.co/T6RnIl4gOd,1
"RT @ABC: Melissa McCarthy skewers Sean Spicer, Alec Baldwin reprises Trump role, Bannon portrayed as Grim Reaper on ""SNL"" https://t.co/3wlkqE4b8W",0
"RT @kylegriffin1: More big news Trump's pick for Army Secretary, Vincent Viola, has withdrawn his name from consideration tonight https://t.co/9htBjC2hGT",0
Noting that 16 of the mere 41 @Twitter accounts that @realDonaldTrump follows have the name 'Trump' - nothing like a broad view is there?,1
"RT @ABC: Sens. @BenSasse and @amyklobuchar weigh in on Pres. Trumps SCOTUS nominee and more, this morning on @ThisWeekABC https://t.co/ivhZy8lqGM",0
RT @dashingclaire: Early Signs Suggest Trumps Actions Are Taking a #Toll on Trump #Brand https://t.co/zqOZ17MKOy #boycotttrump https://t.co/MPEyOG7svd,0
RT @StephensWSJ: Trump puts US on moral par with Putin's Russia. Never in history has a President slandered his country like this.  https://t.co/LrP8ycG1Y9,1
RT @SunSentinel: Federal court denies Trump administration request to restore travel ban https://t.co/VXxnT432L2 https://t.co/PcBhx8CeNn,0
@johnddavidson you refer to the tens of millions who voted against Trump and here against Brexit as all millionaire liberals - what a farce,0
RT @ABC: Neiman Marcus now joins Nordstrom in no longer selling Ivanka Trump-branded merchandise https://t.co/l7LVNpxtYe https://t.co/6udsDtECDj,0
"RT @DrMartyFox: If You Enable Real #Jihad



While Portraying #PresidentTrump As An #ISIS Savage



You Are A Deranged #Leftist https://t.co/THuqhoi5Z2",0
"RT @LawyerRogelio: Donald Trump Jr. faved a tweet about how Donald Sr. would get a political boost from Quebec killer ""being Muslim"": https://t.co/sFRWB0DMMc",0
"Via @NPR: Yes, All This Happened. Trump's First 2 Weeks As President https://t.co/VmmO4Wf7CI",0
"RT @donnabrazile: To commemorate Black History Month, Trump administration decrees that white supremacists cant be terrorists https://t.co/X2sS98q9Ao",1
@hdagres @nytimes surly #Trump and his administration gained a big support from #MEK. BTW how can a terror cult be that close to WH?,0
"RT @MMFlint: Thank you, So-Called President Trump! I've been struggling for 2 weeks over what to call you, and your tweet here g https://t.co/ZLpZLlnHV8",0
"#Trump #Mattis to do 30 day #review of #warplan vs #ISIL #IslamicState

  https://t.co/Qg9dC33ipf.",0
@bfraser747 @POTUS @realDonaldTrump I believe Pres Trump needs to shut these down &amp; open or break up the enclaves that Muslims live in.,0
"@kathylpeacock Look, I'm not berating you for supporting Trump. I'm sure you feel he's got your interests at heart. However, I disagree.",0
RT @KaivanShroff: Russia hacks election for Trump and less than 2 weeks into his presidency Trump lifts sanctions on Russia's FSB. It's worse than watergate.,0
#DisTrumpia. CNN Wonder if Trump will be Tweeting to boycott Bud?,0
"RT @BeauWillimon: Do not let it ""quietly stall"". Be loud. Demand it. Make Trump expose how he's deliberately misled the public on 3-5 https://t.co/VK6DXwXQC0",0
"RT @DarylGKimball: ""A Way Forward for Trumps Mixed Nuclear Message"" by James Doyle https://t.co/3k9gbLLgTh",1
@AdrianCJax @StephFarnsworth Really though she lost in the same America that voted Trump to a black man with a muslim name. She'll never win,0
RT @TRobinsonNewEra: Trump is no fascist. He is a champion for the forgotten millions | John Daniel Davidson https://t.co/AyND4l2zlH,0
Uber CEO quits Trump advisory board amid criticism https://t.co/VqPyH4l3WD https://t.co/x9zlyavMDN : Charles Myr... https://t.co/viqLeJuSVv,0
"RT @jeremyscahill: Takeaway from Trump is not that he is wrong about US engaging in mass killing. It is that he likes it and views it as acceptable, preferable",1
"RT @spectatorindex: USA: Responding to Bill O'Reilly saying Putin is a 'killer', Trump says 'we have a lot of killers, you think our country is so innocent?'",0
RT @StephenKing: Trump's tweets are both malevolent and excruciatingly dumb. He comes off sounding lie a pro wrestling bad guy from 1965.,0
RT @MIAMIforTRUMP: #TRUMP is protecting #LGBTQ cmty! BAN list of countries call 4 Mass Murder of Gays ?<U+FE0F><U+200D>?#Stonewallrally #STONEWALL https://t.co/qHged510gi,0
"RT @jaketapper: Trump defends Putin: ""You think our country's so innocent?"" https://t.co/nW65mtBp0C",1
"mashable: Alec Baldwin's Trump is back on 'SNL': 'Prepare to go to war'

https://t.co/JLQK2B1xHE",0
#DisTrumpia. Please Follow us on FACEBOOK for all the latest on our Illegitimate President Trump -  https://t.co/nZ8xBMvczi,1
RT @MalcolmNance: #WIKILEAKS now = Alt-Right Fascist loving Spies for Putin-Trump. You Fight to destroy Democracy! Renounce it. Aband https://t.co/DOtkK6F2Ek,0
"@Thomas_Memelord if you haven't noticed the threats of war and international tension caused by trump, please never vote.",0
"RT @puppymnkey: Trump attacks John Lewis for his speech but wants Milo's speech protected. He's clearly got ""favorites"" . White fascist supremacists.",1
"RT @Toure: America thru Trumps eyes is a terrible place: were a country of killers, thats constantly getting take advantage of &amp; constantly losing.",0
"RT @jaketapper: Fox aired interview excerpt



O'Reilly: Putin is a killer.



@POTUS Trump: There are a lot of killers. You think our country's so innocent?",0
"RT @ABC: Melissa McCarthy skewers Sean Spicer, Alec Baldwin reprises Trump role, Bannon portrayed as Grim Reaper on ""SNL"" https://t.co/3wlkqE4b8W",0
Thousands March In London Demanding The British Government Withdraw Invitation To Trump via @politicususa https://t.co/JTB0TJR8oS,0
RT @BrooklynSpoke: The story isn't that Trump denounced a judge. The story is that no Republicans denounced Trump for doing it.,0
RT @funder: .Exhibit 7:Trump bought $40M statue of Columbus from Russia-larger than Statue of Liberty #DworkinReport https://t.co/3cbpOrQuVE,0
RT @LBC: Is your child being brainwashed by liberal teachers about Trump? #KatieOnLBC https://t.co/XgOqI5tnTR,1
Protesters across US voice concern over Trump policies https://t.co/FH4KgKflIQ,0
@falseneutral @stevelutwyche @lamfrt Disgraceful abuse of les pantaloon rouge at the Trump protest in London yesterday https://t.co/yji4sq3hxp,0
"RT @queennn94: Kristen Stewart taking down Donald Trump and the homophobes at one go.



She has saved 2017. Play this at my funeral. https://t.co/ywlzO18FaT",0
Hitler bowed Germany with empowerment laws and burning books #Trump USA with decrees and IT deletions @realDonald,1
@WSN43 @unitedMongrels @CNN what?!? Now you're putting words in my mouth? Trump nor his policies are to blame. Clear enough?!?,0
Probably been sent by trump to ban them as well https://t.co/1hPrjmfms3,1
"RT @julianborger: Bizarre readout of Trump/Poroshenko call, as if conflict was a border dispute between Russia and Ukraine. https://t.co/eCGzfkM35a",0
RT @dcexaminer: Trump: My loyalty is to law-abiding citizens https://t.co/dbGo62jAtc https://t.co/UxstOFHSSG,1
"RT @Honey17011: Trump is illegitimate and mentally incompetent to serve.



#SoCalledPresident https://t.co/vGEzOnWJCh",0
RT @LouDobbs: Most Left-Wing Appeals Court in Nation Denies Trump Request to Reinstate Travel Ban https://t.co/hHnr6ZsWoF #MAGA #TrumpTrain #AmericaFirst,0
"RT @MaxBoot: ""Mr Trump... will receive reports on any profit, or loss, on his company as a whole."" https://t.co/9zrkscrSUE",0
RT @ScottAdamsSays: The anti-Trump protests are in chaos. The #fakenews biz has turned them into violent clickbait hamsters for $$$. The top 1% wins again.,0
"RT @ComedyCentral: The #DailyShows @hasanminhaj finds the silver lining of President Trumps Muslim ban.

https://t.co/k48LSdJKZn",0
"mashable: Alec Baldwin's Trump is back on 'SNL': 'Prepare to go to war'

https://t.co/8iZJPbXkVL",0
RT @DabAggin: Shoutout to all the Trump fans who are never sure when it's *you're* vs. *your* but who are now suddenly constitutional law scholars.,1
"RT @ddale8: Obscure websites published a fake story that Kuwait was copying Trump's ban. The president Facebooked it, got 67,00 https://t.co/JXXgrVQAOL",0
"RT @Khanoisseur: Let this sink in-Trump's defense for journalists being killed in Russia:



""So what, we do plenty of killing too"" https://t.co/EzeW6NyG55",0
RT @JohnTDolan: Wouldn't it be GREAT if when Gaga starts into her ?? Anti Trump rhetoric the crowd drowns her out with Boooos.  ReT https://t.co/vdvKFgG8kx,0
RT @Holbornlolz: Trump is no fascist. He is a champion for the forgotten millions | John Daniel Davidson https://t.co/a6MtbxSSVR,0
"RT @ebonstorm: At $400,000 a day, it'll cost the nation $548,000,000 to keep Melania Trump in New York City for four years. https://t.co/U7ImUMeTSQ",1
RT @WSJPolitics: Trump era brings role reversal for political parties https://t.co/UusR3MK1hG,0
RT @NewssTrump: POLL: Would You Support Trump Closing Mosques With Terrorist Ties? https://t.co/MZ0J7y1YM6 https://t.co/EPCu1You6G,0
"RT @MaggieJordanACN: Trump Administration's request for immediate administrative stay DENIED.

#MuslimBan https://t.co/UJvOh7CSkx",0
RT @riotwomennn: Ever wonder why is Putin the only person in the world that Trump has never criticized?  We all have! Investigate! https://t.co/mIDnsciF3W,1
Uber CEO quits Trump advisory board amid criticism https://t.co/VqPyH4l3WD https://t.co/x9zlyavMDN : Charles Myr... https://t.co/6gIRNuLnAi,0
RT @BFurdyna: Trump's foreign entanglements are of grave concern and warrant investigation. @SenJohnMcCain #DworkinReport https://t.co/KO9dYLSI09,0
US appeals court rejects Trump administration request to immediately reinstate... https://t.co/iH3KvSNqyd by #BBCBreaking via @c0nvey,0
"RT @NPR: BREAKING: Appeals court denies Trump admin. request for stay of injunction on immigration order, meaning the Trump order remains suspended.",0
RT @thehill: BREAKING: Appeals court rejects Trump administrations request to restore travel ban https://t.co/Psu7TqudOl https://t.co/LmDCwS896q,0
Leader of Al Qaeda in Yemen mocks Trump after raid https://t.co/3DVoRFttay,0
"RT @VoteTrumpPics: Trump Twitter Rally?



RT? and show your support for DJT this Sunday, Feb 5th during Super Bowl Half Time Show at https://t.co/okPb11YbQw",1
"RT @damiengayle: ""No hate, no fear refugees are welcome here,"" chants from #Trump #MuslimBanprotest marching down Piccadilly https://t.co/DCUZNMCPIE",0
RT @ezlusztig: The majority saying Trump's visit should be cancelled (53%) is now larger than #Brexit (51.9%) Referendum! Democracy!https://t.co/amwy4ebiIR,1
"@KrisinAL No, i voted. trump commited treason, its far from over. he and everyone around him in under investigation",0
Uber CEO quits Trump advisory board amid criticism https://t.co/VqPyH4l3WD https://t.co/x9zlyavMDN : Charles Myr https://t.co/mqWrMcII9m,0
RT @ChloeBoulez: Swedish Politicians Troll Trump Administration While Signing Climate Change Law ? https://t.co/JmRvKBUxmb https://t.co/ushlKMNMum,0
"RT @AP: Trump Cabinet pick paid by 'cult-like' Iranian exile group, by @jongambrellAP  https://t.co/hhyDDtWjIz",0
RT @MaggieJordanACN: Trump suffers another loss. A Federal Appeals Court Rejects Request to Immediately Restore His #MuslimBan https://t.co/aYplVzSElP,0
"RT @qz: Crowdfunding for public-interest lawsuits has come to the US, just in time for Trumps presidency https://t.co/0OVFXaYyQt",0
RT @AP: 140 Somali refugees whose resettlement in U.S. was stopped by President Trump's executive order sent back to camp. https://t.co/LOeE6SprkP,0
"RT @AP: Trump Cabinet pick paid by 'cult-like' Iranian exile group, by @jongambrellAP  https://t.co/hhyDDtWjIz",0
"RT @Trumpnado2016: Tens of thousands join marches across UK against Trump's travel ban

#StopTheBannonTrumpRegime

https://t.co/saJSeQvoWO",0
"RT @JohnJHarwood: Trump: ""I do respect Putin""

O'Reilly: ""But he's a killer""

Trump: ""We've got a lot of killers. What do you think? Our country's so innocent?""",0
RT @LibyaLiberty: This is what I mean about the American people sending a message louder than Trump: https://t.co/8WXVFhZSfk,0
"RT @RVAwonk: Just so we're clear, Trump has now tried to delegitimize:

-The press

-Scientists

-Intel community

-Election results

-The judiciary branch",1
"RT @jeremyscahill: Takeaway from Trump is not that he is wrong about US engaging in mass killing. It is that he likes it and views it as acceptable, preferable",1
Donald Trump given 24 hour deadline to respond to &amp;apos;Muslim ban&amp;apos; ruling https://t.co/6BZMxOwb2Z https://t.co/r2f3LaIrIO,0
RT @DailyLiberal1: Chock-Full-of-Alternate-Facts. A tongue in cheek look at Trump &amp; Company.  https://t.co/SrbvL7qFFS,0
RT @WaiteMarilyn: People Are Canceling #Tesla Orders Because Elon Musk Is Advising Trump #RESISTANCE https://t.co/uVbp2xnPzR via @Priyasideas,0
RT @DrAshrafChohan: Another lie. #Trump. Kuwait denies it imposed travel ban praised by Trump https://t.co/H4zLrxd2ma,0
BIG PATRIOT Jon Voight Just EXPLODED On Miley Cyrus In The Name Of Donald Trump https://t.co/Qmc91rqGgI via @Proud Patriots,1
RT @RedHotSquirrel: 500 people in LibDem MP Norman Lamb's constituency of North Norfolk have now signed the petition supporting Trump's visit.,1
RT @globeandmail: Court rejects Trumps bid to immediately restore travel ban https://t.co/nljwPxLeNw,0
"RT @queennn94: Kristen Stewart taking down Donald Trump and the homophobes at one go.



She has saved 2017. Play this at my funeral. https://t.co/ywlzO18FaT",0
Uber CEO quits Trump advisory board amid criticism https://t.co/VqPyH4l3WD https://t.co/x9zlyavMDN : Charles Myr https://t.co/YT3G2qX7Ry,0
RT @the_win_today: MILO on Judge Jeanine: Donald Trump Should Withdraw Funding from Berkeley https://t.co/Knjj7lZLzt https://t.co/pDEATwfz2D,0
"Visit Lauriston place Mosque, Edinburgh today

#VisitMyMosque

No to Trump's Muslim ban https://t.co/Ya1D14Gwzn",0
We were hoping today would be the day where Trump and Pence would keep quiet.  Fat chance.  Drama Queens.,1
Here is why Melania Trump's first lady office is virtually empty: https://t.co/PlXvkuRzIE via @AOL,0
Kristen Stewart Mocks Trumps Obsession with Her on SNL: The President Tweeted About Me Eleven Times  https://t.co/DFROy7fM5E,0
RT @jankfart: Because of trump being our president  people have JUST NOW started to care about what that president does and recognize his faults,1
"RT @CNNPolitics: President Trump quickly condemns the Louvre attack, but is still quiet on Quebec https://t.co/8n9pBxr9UL https://t.co/v0xJ2fWjlQ",0
RT @sjredmond: Mike Huckabee and Donald Trump.Some people wear Christianity for the same reason they wear cubic zirconia.It's all about appearance.,1
"RT @DTrumpExposed: ""There's a 1 in 3.64 BILLION chance of you being killed by a refugee""



Trump supporters: https://t.co/FwKEoNXYkP",0
RT @BFurdyna: Horrific.  Why does Trump show such fealty to Russia and Putin?  @SenJohnMcCain #DworkinReport #TrumpLeaks https://t.co/qn8zgPGKtP,0
RT @EverySavage: .@washingtonpost - Junior is no business whiz. #TheResistance #ProtestTrump  https://t.co/CvouRsIVPS,0
RT @theonlyadult: It's Trump's America Va. America. Pick a side. https://t.co/RKl63B8EId,0
RT @ArobertB: Trump protest in West Palm Beach. They are marching all the way to Mar-a-Lago where the Pres is staying this wknd. https://t.co/f1XWErkiJS,0
"RT @queennn94: Kristen Stewart taking down Donald Trump and the homophobes at one go.



She has saved 2017. Play this at my funeral. https://t.co/ywlzO18FaT",0
RT @Salon: Trump is still ignoring the Quebec attack committed by a white supremacist https://t.co/drBddy3DlT,1
"RT @JSavoly: Yemen Video Traitor Trump Admin Said Was Worth Dead Navy SEAL Turns Out To Be 10 Years Old, Available Online  https://t.co/J5pmG3ekcv",0
Uber CEO quits Trump advisory board amid criticism https://t.co/VqPyH4l3WD https://t.co/x9zlyavMDN : Charles Myr https://t.co/Pkqwh4lz3r,0
RT @chessninja: The new normal cycle: Russian propaganda repeating Trump repeating Russian propaganda. https://t.co/QQP9Dp87KY,0
"RT @DLin71: OBAMA: America is imperfect

GOP: TREASON



TRUMP: America is like a murderous thug

GOP: Shield your eyes in the presence of this patriot",0
"RT @BettyBowers: As Americas Best Christian, I have gift of prophesy: On Judgment Day, Trump will have a tantrum against ridiculo https://t.co/uchcFvP9Q8",0
"RT @MaxBoot: ""Mr Trump... will receive reports on any profit, or loss, on his company as a whole."" https://t.co/9zrkscrSUE",0
US appeals court rejects Trump administration request to immediately reinstate... https://t.co/NBxrF0DW5i by #BBCBreaking via @c0nvey,0
RT @rtetwip: @mmcgrathtd 'I wouldnt be going with an invitation in the pocket for a return visit  #Trump  #twip https://t.co/8nzJaaLkKZ,1
RT @theonlyadult: It's Trump's America Va. America. Pick a side. https://t.co/RKl63B8EId,0
"RT @NastyWoman20: ""There's a 1 in 3.64 BILLION chance of you being killed by a refugee""



Trump supporters: https://t.co/qeaIG4ZWh2",0
"RT @NickCohen4: Trump, modern fascism - and how to fight both - long read from me in the Observer https://t.co/TZr0NiHJDI",0
@realDonaldTrump Judge 2 - Idiot Trump 0,0
"Rioters, have u smiled sence Trump won electionYou're wasting many days. Only live once if not accepted Christ as Savior, eternal is forever",1
"@realDonaldTrump ? you thought you had power <U+26A1><U+FE0F> President Trump's bid to reinstate travel ban rejected by court



https://t.co/F8pvlcwB13",0
RT @DabAggin: Shoutout to all the Trump fans who are never sure when it's *you're* vs. *your* but who are now suddenly constitutional law scholars.,1
RT @PalmerReport: Breaking: Appellate Judge denies Trump's appeal. This is the sixth federal judge to rule against Muslim ban. Screw you Trump this is America,0
"RT @Impeach_D_Trump: Mr. Trump, I thought we Were ""Going to be Sick Of Winning"".  You lost the popular vote and now lost to the court TW https://t.co/OzsYT8BQVw",0
"RT @moorehn: In only 2 weeks, Donald Trump has revealed every single flaw in the structure of American government, the true holes in checks and balances",0
RT @artoopio: KRISTEN MOCKED DONALD TRUMP AND CAME OUT AS GAY IN SNL MONOLOGUE WHEN WILL YOUR FAVE https://t.co/1lj07smIld,0
Law students join research-a-thon to support challenges to Trumps travel ban https://t.co/xD9WvdhZwP,0
Uber CEO quits Trump advisory board amid criticism https://t.co/VqPyH4l3WD https://t.co/x9zlyavMDN : Charles Myr https://t.co/59PU57B8Da,0
Uber CEO quits Trump advisory board amid criticism https://t.co/VqPyH4l3WD https://t.co/x9zlyavMDN : Charles Myr... https://t.co/59erru0j1k,0
RT @gameback003: #TNSaysNo2Sasi USA against Trump TN aganist CHINNAMA #TN have more smart ppl online nd less smart ppl offline ??,0
RT @EricSpracklen: Who are Trump supporters? RETWEET if you agree! https://t.co/sKkEyWETVo,1
RT @cnnbrk: A federal appeals court denied the US government's initial request to resume President Donald Trump's travel ban. https://t.co/gB70irt1AX,0
"RT @mikandynothem: ""President Trump is actually doing every single thing he promised to make our nation great again!"" -@RealJamesWoods https://t.co/CGhhHs2Nyv",1
"Well, that's another swing and a miss for Trump.

Let's all go see what he has to say about it on his twitter feed! https://t.co/XCXRHuMvo1",1
Are you implying Repubs will recycle Romney post Trump Impeachment ? :) @billeniumbeach,0
RT @AaronLucchetti: Donald Trump's point person on plans to undo Dodd Frank was Goldman's No 2 executive during the financial crisis $GS https://t.co/VD6IYli6vL,0
"RT @dhrxsol1234: Robbie Knievel wants to try to jump over 1,000 anti-Trump Protesters with a Caterpillar D-9 bulldozer #tcot ??? https://t.co/8ilBowDGYX",0
"RT @chicagotribune: Donald Trump Jr. stumbled making his mark outside the Trump Organization, leaving behind lawsuits, unpaid taxes. https://t.co/cT2XACimcZ",0
"RT @TheMarkRomano: See how the courts work...



When Obama issues a travel ban, it is perfectly fine.



When Trump does the exact same thing, it is illegal.",0
RT @politicony: .@BilldeBlasio: @FoxNews paved way for Trump https://t.co/AldfSMAPmc https://t.co/DR1Qo8qh9l,0
"RT @TheMarkRomano: See how the courts work...



When Obama issues a travel ban, it is perfectly fine.



When Trump does the exact same thing, it is illegal.",0
"RT @anneapplebaum: Macron has 78 days to hold out against Trump/Putin trolls, Assange and Wikileaks, and combined forces of the Fascis https://t.co/XeJoDZHNj2",0
RT @CAIRNational: The Trump White House Wants You to Fear Islam https://t.co/zPvoLcuIZn,0
RT @DiscreetEarbud: Trump has taken the fun out of Twitter.,1
Uber CEO quits Trump advisory board amid criticism https://t.co/VqPyH4l3WD https://t.co/x9zlyavMDN : Charles Myr... https://t.co/TcqkgPGhip,0
Uber CEO quits Trump advisory board amid criticism https://t.co/VqPyH4l3WD https://t.co/x9zlyavMDN : Charles Myr https://t.co/lffHTcEzio,0
RT @PamUnplugged: Impeach Trump and #stoppresidentbannon #trumptreason #dworkinreport #Putinspuppet #trumprussia https://t.co/0lF0SgdhLG,0
Emma Niles: Ivanka Trump and Jared Kushner Help Block Potential Rollback of LGBT Rights - Truthdig https://t.co/OpUOQhW4FV,0
RT @aravosis: I'm officially back to wondering if Trump is working for the Russians. https://t.co/u0BWi8NLIH,1
"RT @RVAwonk: #BREAKING: Appeals court denies Trump admin's request to reinstate #MuslimBan. ie, Trump lost another court battle. https://t.co/VLcxFKEJ2V",0
RT @theonlyadult: It's Trump's America Va. America. Pick a side. https://t.co/RKl63B8EId,0
#trumpsidedown Impossible for a narcissist to grasp. https://t.co/i13fDdOFbO,0
RT @SusanMaylone: New reports confirm Trumps plan to disentangle from his business is a farce by @kileykroh https://t.co/Wr1JpE2iQM,0
"mashable : Alec Baldwin's Trump is back on 'SNL': 'Prepare to go to war'

 https://t.co/2LnuVWqZXs) https://t.co/nFEpeGcvEn",0
I just added this to my closet on Poshmark: Ivanka Trump winter coat. https://t.co/ERe4cEWXBF via @poshmarkapp #shopmycloset,0
RT @KeithOlbermann: Even the Deputy Editorial Page editor of The Wall Street Journal and I agree: @realDonaldTrump has slandered this c https://t.co/9JUxa45ntD,0
"RT @Leofrmdc: Trump: ""In 8 years we will look back...""

Biden ""Did he just say 8?""

Obama: ""Joe sit down...""

Biden: ""nah fuck that"" https://t.co/fGFvlqGvt5",0
"RT @NPR: BREAKING: Appeals court denies Trump admin. request for stay of injunction on immigration order, meaning the Trump order remains suspended.",0
"RT @RyanLizza: In 1 tweet Trump contradicts his spokesman, shows lack of basic knowledge about our constitutional structure, and m https://t.co/EcKHPefAYY",1
Errors From The Press Are Piling Up In Trump's First Days | The Daily Caller https://t.co/oJVtsMUErc,0
"RT @wikileaks: Trump on US government last night: O'Reilly: ""Putin's a killer"" Trump: ""There are a lot of killers. You think our country is so innocent?""",0
"RT @dhrxsol1234: Robbie Knievel wants to try to jump over 1,000 anti-Trump Protesters with a Caterpillar D-9 bulldozer #tcot ??? https://t.co/8ilBowDGYX",0
RT @DabAggin: Shoutout to all the Trump fans who are never sure when it's *you're* vs. *your* but who are now suddenly constitutional law scholars.,1
Court denies Trump request to immediately restore travel ban   https://t.co/o4DS8lQMPa,0
RT @guardian: Comedians take on Donald Trump's heated call with Malcolm Turnbull https://t.co/oDvrPcBhnq,0
@GOP @SenateMajLdr @SpeakerRyan @realDonaldTrump How can you all be so selfish to allow this?! It literally makes me sick. Shame on you all https://t.co/8XSfWZrtDS,0
"- Careful Pa Ubu he's got justice on his side! - So bloody what, we've got injustice! (King Ubu, Simon Stephens after Jarry) #UbuRoi #Trump",0
"RT @jibingfirin: ""U.S. watchdog agency to review implementation of Trump travel ban"" - https://t.co/VfnQx3kPfJ",0
RT @Trumpnado2016: Trump has scooped up a lot of dirty money &amp; Deutsche Banks ties to Russia &amp; Trump mortgages raise a LOT of question https://t.co/wTVNohUbik,1
Uber CEO quits Trump advisory board amid criticism https://t.co/VqPyH4l3WD https://t.co/x9zlyavMDN : Charles Myr... https://t.co/N8D7DInXUT,0
RT @PinkBelgium: BREAKING : President Trump Hits 54 Percent Approval in Rasmussen Poll https://t.co/D4oR8hqeb2,1
RT @NBCNews: JUST IN: State Department reverses revocation of visas under President Trump's executive order,0
RT @KomptonMusic: Right this second Donald Trump is planning his 9/11,1
"RT @peaceandjoy101: Howdy Ainsley! FYI You don't mess with Texas or Trump. Welcome to the South, Trump country. <U+2764><U+FE0F><U+FE0F>

USA USA USA ?? https://t.co/CCT8jCE85I",0
RT @markfollman: UPDATE: The misleading info on the mosque shooter was also spread by Donald Trump Jr. via @BretBaier's Fox News sho https://t.co/Bh6dJrpHNq,0
RT @KimwithpanacheG: Judge Who Blocked Trump Action Does Pro Bono Work For Refugees &amp; Touts Black Lives Matter!??  https://t.co/DNLFDl0pS8 via @LifeZette,0
"RT @RobPulseNews: The moment Trump lawyer tells judge Robart of travel ban: ""We actually don't think you're supposed to look at wheth https://t.co/6ZVmXeUsM0",0
RT @PrisonPlanet: Columnist who called for a military coup to oust Trump had dinner with John Podesta &amp; George Soros. Imagine my shoc https://t.co/S6vUWQox6S,0
&lt;b&gt;Donald Trump&lt;/b&gt; To Bill O'Reilly On Killer Putin: Our Country's So Innocent?  giovannibenavides https://t.co/6CnfPnuFH4,0
RT @CNN: A federal appeals court denied the US government's initial request to resume President Donald Trump's travel ban. https://t.co/4MDk9yuold,0
"RT @USEmbassyKyiv: PRESIDENT TRUMP: ""We will work with #Ukraine, #Russia, &amp; all other parties involved to help them restore peace alon https://t.co/7pZ5RypMh3",1
"RT @docrocktex26: Someone please get @realDonaldTrump the Schoolhouse Rock episode on how American government works, b/c he still doe https://t.co/G4gLKlg3dA",1
Reposting this photo from yesterday's London anti-Trump march. Staggering. https://t.co/oOHuE7WT3k,0
RT @BBCBreaking: US appeals court rejects Trump administration request to immediately reinstate travel ban https://t.co/nDvCfpmAFK,0
RT @TheGameOfLife: U.S. court refuses to immediately restore Trump travel ban https://t.co/dlNUxGWsek,0
"RT @AJemaineClement: Hitler - failed painter

Trump - cancelled tv host

Bannon - failed documentary maker

Conway - failed stand-up



Support the arts and media",0
RT @DabAggin: Shoutout to all the Trump fans who are never sure when it's *you're* vs. *your* but who are now suddenly constitutional law scholars.,1
"1/2 Trump tells Germany's Chancellor he will one day publish a book about his struggle and call it, My Struggle.",0
"RT @abati1990: @POTUS Donald Trump depicted on the front cover of German magazine, Der Spiegel, beheading the #StatueofLiberty. ? https://t.co/SKR2ctFxlK",0
@NPR  Looks like #TheWhiteHouse is no #TrumpTower. There are several checks and balances to maintain sanity. #PORUS #Trump,1
BBC News - Trump bid to restore travel ban rejected https://t.co/xnPLpj0awB,0
"RT @ABC: Melissa McCarthy skewers Sean Spicer, Alec Baldwin reprises Trump role, Bannon portrayed as Grim Reaper on ""SNL"" https://t.co/3wlkqE4b8W",0
RT @itscomedyVines: Mexico after Trump builds his wall ?? https://t.co/AGH4bHdh3R,0
Donald Trumps Inaugural Bishop Has A Few Words For His Haters https://t.co/pD3ktWZRwG,0
"RT @GeorgeTakei: Fox's O'Reilly said to Trump, ""Putin's a killer."" Trump shrugged saying, ""You think our country is so innocent?"" Don't drink the tea, folks.",0
"RT @shannoncoulter: .@elonmusk: the longer you associate w/ Trumps, the more you &amp; your companies will be associated w/ the persecution https://t.co/tlIEjCpTIN",0
"RT @wikileaks: Trump on US government last night: O'Reilly: ""Putin's a killer"" Trump: ""There are a lot of killers. You think our country is so innocent?""",0
"RT @activist360: Resign, or be removed: @KeithOlbermann blasts lunatic bigot Trump for attacking judge who killed #MuslimBan https://t.co/4oYRA51Ihn",0
@Phil_Lewis_ I dont know anyone who supports Trump and is a sane human being would approves of this nazi BS. I condemn all hate to others!,0
Nigel Farage Destroys EU Over President Trump &amp; Democracy! https://t.co/LQpvXhBs3H,0
RT @piersmorgan: Reposting this photo from yesterday's London anti-Trump march. Staggering. https://t.co/aAvJ6yJXID,0
Trump reportedly tells female staffers to 'dress like women'Twitter says FUN! https://t.co/SRQpfsuO3w,1
"Great #bot Via @NPR: When Trump Tweets, This Bot Makes Money https://t.co/TiNwRgQsXn",1
RT @NOT_MOTD: BREAKING: Donald Trump's latest executive order. https://t.co/8gPBpldNZC,0
RT @yashar: In honor of Kristen Stewart hosting SNL - here are the 8 tweets President Trump posted about her in the past. https://t.co/0m24xxhGSg,1
"RT @funder: .Exhibit 9:Trump's made millions in Russia off Trump Vodka



#DworkinReport #resistance #TrumpRussia #resist https://t.co/kt6zLTfSLx",0
@JoyAnnReid @chrissyteigen we all know Bannon is really the President and Trump is his spokesman...#PresidentBannon https://t.co/xBxixHNv0S,0
"Trump repeats respect for 'killer' Putin: 'Do you think our country's so innocent?'



https://t.co/5vagYh72MS",1
RT @cenkuygur: Elizabeth Warren gives progressives in Congress a rousing call to arms against Trump https://t.co/8WGLQAYEqa # via @HuffPostPol,0
"RT @BillKristol: Trump's response to the ban being thrown out isn't to act to tighten vetting, which he could do. It's to engage in demagogic fear-mongering.",1
"@jaketapper: Trump defends Putin: ""You think our country's so innocent?"" https://t.co/k9PxUbvIjH // Can you imagine if Obama said that?",1
"RT @PennyHicks13: #TurnoffLadyGaga

#Pray4DJT

We do not appease those who assault human rights

If Trump is wrong why did Obama drag https://t.co/cu3ioM1xy5",0
"RT @Jackykiko1: RT queennn94: Kristen Stewart taking down Donald Trump and the homophobes at one go.



She has saved 2017. Play thi https://t.co/7FlGr2C4p2",0
Uber CEO quits Trump advisory board amid criticism https://t.co/VqPyH4l3WD https://t.co/x9zlyavMDN : Charles Myr https://t.co/Pkqwh4lz3r,0
RT @aljwhite: Look forward to Trump having a shitfit over Kristen Stewart in a few hours https://t.co/PYy8tsM14y,1
"RT @ebonstorm: At $400,000 a day, it'll cost the nation $548,000,000 to keep Melania Trump in New York City for four years. https://t.co/U7ImUMeTSQ",1
"President Trump will be granted a State Visit, MPs will show and the Leader of the Opposition will shake his hand. https://t.co/96DUKmbZAr",1
Uber CEO quits Trump advisory board amid criticism https://t.co/VqPyH4l3WD https://t.co/x9zlyavMDN : Charles Myr https://t.co/UVnhKkMJTL,0
Uber CEO quits Trump advisory board amid criticism https://t.co/VqPyH4l3WD https://t.co/x9zlyavMDN : Charles Myr... https://t.co/T8vEnMd4Q5,0
"RT @NewYorker: With Donald Trump and Steve Bannon in the White House, the entire corporate ecosystem is under threat. https://t.co/vFDn1OuDnh",0
RT @JamilSmith: Trump repeating his voter-fraud lie is no longer the story. The continued silence and complicity of his fellow Republicans on the matter is.,0
Bob Kraft is friends with Trump because the man checked up on him everyday for months after his wife died. Why is that hard to comprehend?,0
"RT @ABC: Melissa McCarthy skewers Sean Spicer, Alec Baldwin reprises Trump role, Bannon portrayed as Grim Reaper on ""SNL"" https://t.co/3wlkqE4b8W",0
"@realDonaldTrump first #executiveorder in office could see up to 8MILLION #immigrants deported

https://t.co/snqqSDF0BL @SenPatRoberts @GOP https://t.co/ViymOvlIJj",0
"RT @AP: Trump Cabinet pick paid by 'cult-like' Iranian exile group, by @jongambrellAP  https://t.co/hhyDDtWjIz",0
"RT @mikandynothem: <U+2714> RETWEET<U+2714> if you are happy with President Trump and his Administration's performance so far!

Kicking butt and tak https://t.co/nCUmiIDAqu",1
"RT @MaggieJordanACN: Trump Administration's request for immediate administrative stay DENIED.

#MuslimBan https://t.co/UJvOh7CSkx",0
RT @ezlusztig: The majority saying Trump's visit should be cancelled (53%) is now larger than #Brexit (51.9%) Referendum! Democracy!https://t.co/amwy4ebiIR,1
@Morning_Joe Like that Trump talks/tweets what he really thinks who he really is that's good pro lem is HE'S AN ASSHOLE  RACIST ABUSER BULLY,1
"RT @PrisonPlanet: Turns out that you can't use Twitter to threaten Trump supporter's children, violence &amp; doxxing. This account final https://t.co/rgipGho3m9",0
"There's this weird thing they're doing wherein they think they need to ""save"" everyone on their BadThought where Trump is concerned.",0
RT @WhitfordBradley: Beyoncé has more people of color in her tummy than Trump has in his cabinet.,0
"RT @WoodenHarp: Can't wait to see Chomsky's response to Trump's question: ""what, our country's so innocent?""",1
"RT @jaketapper: Trump defends Putin: ""You think our country's so innocent?"" https://t.co/nW65mtBp0C",1
"RT @SarahLerner: THEM: ""Give Trump a chance, maybe he'll govern more moderately than how he campaigned.""



ME: https://t.co/1PwAYBlyZ0",0
"RT @Impeach_D_Trump: Mr. Trump, I thought we Were ""Going to be Sick Of Winning"".  You lost the popular vote and now lost to the court TW https://t.co/OzsYT8BQVw",0
Uber CEO quits Trump advisory board amid criticism https://t.co/VqPyH4l3WD https://t.co/x9zlyavMDN : Charles Myr... https://t.co/glZ9BS2QZ0,0
"RT @DonyaMarie: @rcoleman477 @camper_bruce @pepsi @ladygaga no I believe in Trump , I would have done that if God forbid Hillary won",0
Tell Trump: I stand with women &amp; @NRDC for a healthy environment. Add your name:   #WomensMarch https://t.co/a0F9CSUeqs,1
RT @FoxNews: Trump voices hope Russia can help in fight against ISIS  https://t.co/0W55YNRMLz https://t.co/L3EZj65ZxR,0
RT @100PercFEDUP: BOOM! Companies That Openly Criticized Trump For Making America Safe Again Take Stock Market Hit https://t.co/dyIHMiuvae,1
"RT @thehill: Sanders praises ruling to halt Trump immigration ban: ""A good day for system of checks and balances"" https://t.co/CdmWgRerFB",1
"RT @AynRandPaulRyan: An Unprecedented New Lawsuit Could Force Trump to Release His Tax Returns

#theResistance #SundayMorning

https://t.co/s4MlAkyuau",0
"@Pontifex I pray for you daily Pope Francis and that you will pray for America!PRAY THAT DONALD TRUMP FINDS A HEART INSTEAD OF HATE!

??????",0
"RT @1corrupthillary: Black Trump Supporter Redpills ""He Will Not Divide Us"" Shia LeBeouf Stream https://t.co/ZPDHsV2kL9 via @YouTube",0
RT @Impeach_D_Trump: What could Possibly Go Wrong By Electing Donald Trump?? https://t.co/9qR6CTWYqm,0
RT @TRobinsonNewEra: Historic Fact: Donald Trump Will Be The First President To Support Gay Marriage From The Beginning https://t.co/NCX1LAdqcQ,1
"RT @brianklaas: Head of the Conservatives in the European Parliament. In 2 weeks, Trump has alienated Europe. This is a disaster. https://t.co/OjPT94aE5y",0
US appeals court rejects Trump administration request to immediately reinstate... https://t.co/dyzwXZdRUV by #LiberalMmama via @c0nvey,0
RT @CNN: Jon Stewart has a couple of predictions for President Trump's next executive order https://t.co/i0eJTcZLu3 https://t.co/iVaWFNkGIv,0
@gerfingerpoken2 They boo'd God the moment they voted for Donald Trump,0
RT @Democrat_4Trump: President Trump may have to appoint another judge. (she keeps falling asleep). What a real nutcase. https://t.co/YW32UOl6qm,0
"RT @DLin71: OBAMA: America is imperfect

GOP: TREASON



TRUMP: America is like a murderous thug

GOP: Shield your eyes in the presence of this patriot",0
"RT @PrisonPlanet: Turns out that you can't use Twitter to threaten Trump supporter's children, violence &amp; doxxing. This account final https://t.co/rgipGho3m9",0
"RT @tribelaw: I'm trying to imagine how people would react if a Judge Robart had called Trump ""this so-called president.""",0
Uber CEO quits Trump advisory board amid criticism https://t.co/VqPyH4l3WD https://t.co/x9zlyavMDN : Charles Myr https://t.co/wPBdX10ukx,0
@dougpete media lit analysis Why Times Trump Cover Is a Subversive Work of Political Art https://t.co/XizbO3tzHX via @jdforward,0
RT @artoopio: KRISTEN MOCKED DONALD TRUMP AND CAME OUT AS GAY IN SNL MONOLOGUE WHEN WILL YOUR FAVE https://t.co/1lj07smIld,0
"RT @markmobility: Monthly cost of:

Guarding Trump Tower: $30 million

Section 8 for all 15,856 homeless NYC families: $28 million",0
Uber CEO quits Trump advisory board amid criticism https://t.co/VqPyH4l3WD https://t.co/x9zlyavMDN : Charles Myr... https://t.co/ANCPNmoszD,0
RT @NPR: The Trump administration has filed an appeal to the 9th U.S. Circuit Court of Appeals regarding the Feb. 3 ruling by Judge James Robart.,1
Travellers rush to board U.S. flights while Trump ban blocked https://t.co/Qu1ku1LJRL,0
"'Unprecedented: Trump opponents seek to divide US' - Gregory Copley, editor of Defense &amp; Foreign Affairs https://t.co/toB9n77o7i",0
"RT @NickKristof: My Sunday column: Post-Trump,  Canada may now be the country best reflecting the values of the Statue of Liberty https://t.co/GpOuenHUza",1
"Buuuurn, Donald Dump! Oopsie I meant Trump. https://t.co/1iLyUSD3Yl",0
RT @France4Hillary: BREAKING: A federal appeals court early Sunday rejected a request by the Justice Department to restore Trumps #MuslimBan! Another defeat!,0
"RT @BraddJaffy: O'Reilly: Putins a killer.



Trump: ...weve got a lot of killers. What do you thinkour countrys so innocent? https://t.co/OVR4XBJq1b",0
"On #Mediabuzz at 11 ET, @KellyannePolls on immigration, SCOTUS, early Trump coverage, media role in protests, &amp; her dealings with the press",0
"RT @GeorgeTakei: Trump wants White House female staff to #DressLikeAWoman. They in turn, like all of us, want him to #ActLikeAPresident.",1
"On #Mediabuzz at 11 ET, @KellyannePolls on immigration, SCOTUS, early Trump coverage, media role in protests, &amp; her dealings with the press",0
RT @LatinSatin: An Anti-Trump Resistance Movement Is Growing Within the U.S. Government https://t.co/DkC4KIVT9n,0
RT @Reuters: BREAKING: Judge's block of Trump's travel ban harms the public by 'thwarting enforcement of executive order': Justice Dept. appeal filing,0
RT @AP: BREAKING: Appeals court denies Trump administration request to immediately reinstate ban on travelers and refugees.,0
RT @ezlusztig: The majority saying Trump's visit should be cancelled (53%) is now larger than #Brexit (51.9%) Referendum! Democracy!https://t.co/amwy4ebiIR,1
"RT @DavidAFrench: You won't see many conservatives defend Trump's Russia comment. They'll be silent, but they'll know they'd race to Fox to condemn a Dem.",0
"RT @HuffingtonPost: Veterans vs. Trump: Pipeline will never be completed, warriors vow https://t.co/xhKOUxRmwt https://t.co/y2YZt6dRDK",1
RT @PrinceGanaku: Waiting for a Trump to introduce a specialised identification system for citizens and immigrants in America. You know like a chip implant...,1
"RT @IngrahamAngle: Notice how @CNNPolitics uses word ""attack"" when @realDonaldTrump stands up for US taxpayer. https://t.co/zq3TevWIMq",0
"RT @queennn94: Kristen Stewart taking down Donald Trump and the homophobes at one go.



She has saved 2017. Play this at my funeral. https://t.co/ywlzO18FaT",0
Uber CEO quits Trump advisory board amid criticism https://t.co/VqPyH4l3WD https://t.co/x9zlyavMDN : Charles Myr https://t.co/I5bAnxFAVL,0
"RT @ThePlumLineGS: Trump's ban is on hold.



Bigger story: This is first real test of whether our institutions can restrain Trump: https://t.co/tFUNJZHufG",0
"@piersmorgan how much have you given to Charity Piers? Come on, own up and stop question dodging like your buddy Trump",1
"RT @NickKristof: My Sunday column: Post-Trump,  Canada may now be the country best reflecting the values of the Statue of Liberty https://t.co/GpOuenHUza",1
"S.N.L. Goes After Trump Again, With Melissa McCarthy as Sean Spicer, via @nytimes https://t.co/DObP4J1JIa",0
"RT @USEmbassyKyiv: PRESIDENT TRUMP: ""We will work with #Ukraine, #Russia, &amp; all other parties involved to help them restore peace alon https://t.co/7pZ5RypMh3",1
"RT @washingtonpost: Patriots owner on Trump: ""In the toughest time in my life, he was there for me"" https://t.co/XoOdzk0izG",1
"Trump Seeks an Ally, or At Least an Ear, in West Virginia Democrat - FORTUNE Call him hip him, to this dude  https://t.co/RTQIHzwzOI",1
RT @JohnTDolan: Wouldn't it be GREAT if when Gaga starts into her ?? Anti Trump rhetoric the crowd drowns her out with Boooos.  ReT https://t.co/vdvKFgG8kx,0
"RT @ianbremmer: Trump tells Ukraine Pres. US will help ""restore peace along the border."" Russian intervention/annexation ancient hi https://t.co/21JG33ST5S",1
Uber CEO quits Trump advisory board amid criticism https://t.co/VqPyH4l3WD https://t.co/x9zlyavMDN : Charles Myr... https://t.co/bdSThnUfQ4,0
"RT @markmobility: Monthly cost of:

Guarding Trump Tower: $30 million

Section 8 for all 15,856 homeless NYC families: $28 million",0
RT @JohnTDolan: Wouldn't it be GREAT if when Gaga starts into her ?? Anti Trump rhetoric the crowd drowns her out with Boooos.  ReT https://t.co/vdvKFgG8kx,0
RT @Trumpified_King: @StopStopHillary Donald j Trump  Will be  GREATEST  PRESIDENT EVER https://t.co/Rl9JoYkXBx,0
RT @NPR: BREAKING: The Trump travel ban remains suspended after the 9th Circuit denied a stay on an earlier court order. https://t.co/GxVe0n9H3S,0
"RT @MSNBC: An unprecedented number of leaks have come out of the White House during Trump's first two weeks, @Lawrence says: https://t.co/PnEcA7XF7H",0
"When Asked About Putin Being a Killer, Trump Responds What You Think Our Countrys So Innocent? https://t.co/EdPr9enY1o",0
Trump travel ban: US court rejects bid to reinstate Trump travel ban https://t.co/GonLE6D8gZ,0
Travellers rush to board U.S. flights while Trump ban blocked - Raw Story https://t.co/xKbQdpY4Yq,0
RT @piersmorgan: Reposting this photo from yesterday's London anti-Trump march. Staggering. https://t.co/aAvJ6yJXID,0
RT @Salon: What Trump doesnt understand about jihadists and counterterrorism will make America less safe https://t.co/J07W2GM9rb,1
RT @BuzzFeedNews: Ongoing protests in DC against Trump's immigration order (?:@GettyImages) https://t.co/KFtGw3rcgt,0
Uber CEO quits Trump advisory board amid criticism https://t.co/VqPyH4l3WD https://t.co/x9zlyavMDN : Charles Myr https://t.co/YT3G2qX7Ry,0
RT @PalmerReport: Retweet this if you want Donald Trump to be impeached for advocating the murder of journalists: https://t.co/lrtWwNcd1u,0
RT @donnabrazile: Sunday reading: This Is How Steve Bannon (Trump's ideologist) Sees The Entire World https://t.co/bwXj3B2ZRP via @jlfeder,1
RT @AllenWest: WHOA: Look what we found about the judge who BLOCKED Trump's travel ban https://t.co/QqJO8FyIAF https://t.co/j79LAuuKaQ,0
RT @schorpp1955: How the world reacts to Donald Trump. https://t.co/PDkDKcriSL,0
"RT @PrisonPlanet: Turns out that you can't use Twitter to threaten Trump supporter's children, violence &amp; doxxing. This account final https://t.co/rgipGho3m9",0
"It's fun to #trash others, promote #mob mentality, #lynch people. This is #Trump's #moral inheritance. His #ethics and #vision are bankrupt.",1
"RT @bobcesca_go: O'REILLY: Putin is a killer.

TRUMP: There are a lot of killers. We have a lot of killers. You think our country is so innocent?



Speechless.",0
GOP collects welfare checks rather than work for the good of the American people? Throwing bricks &amp; hiding their hands w/Trump? &amp; his EO,1
Trump will tweet about SNL tomorrow...he's so predictable,0
"RT @CBCAlerts: Leader of al-Qaeda's affiliate in Yemen has released audio recording in which he mocks Trump, describing him as 'White House's new fool': AP",1
"RT @ABC: Melissa McCarthy skewers Sean Spicer, Alec Baldwin reprises Trump role, Bannon portrayed as Grim Reaper on ""SNL"" https://t.co/3wlkqE4b8W",0
"@soapachu Trump, Bannon, May, Cameron, Osbourne",0
"Yay! @realDonaldTrump @NotAltWorld Appeals court denies Trump on travel ban



                    <U+E008> https://t.co/3tNFi0iRoR",0
Uber CEO quits Trump advisory board amid criticism https://t.co/VqPyH4l3WD https://t.co/x9zlyavMDN : Charles Myr https://t.co/UVnhKkMJTL,0
"RT @thedailybeast: Donald Trump should know we are human beings, we have to love each other."" https://t.co/ZbSEGHeO3J",1
"Not just 'bad hombres': Trump is targeting up to 8 million people for deportation https://t.co/gy8UMyFK0N Round them up, head them out #maga",0
"RT @asamjulian: Obama banned Iraqis, no one cared. 16 Muslim countries currently ban Israelis, no one cares. Trump does it, PROTEST, RESIST! #hypocrites ?",0
RT @CNN: JUST IN: The Dept of Homeland Security says it has suspended all actions to implement Trump's immigration order https://t.co/kCvSQRNDb9,0
"RT @redsteeze: ""Trump attacking that judge undermines entire republic"" - people who spent last week saying Gorsuch is a stolen illegitimate seat.",0
RT @SonofLiberty357: Navy SEAL Raid in Yemen Spotlights Issue of Female Terrorists Amid Trumps Temporary Refugee Halt - Breitbart https://t.co/cO0Pdb0XwC,0
"RT @jaketapper: Trump defends Putin: ""You think our country's so innocent?"" https://t.co/nW65mtBp0C",1
RT @SenSchumer: Pres Trump's actions raise the bar higher for his SCOTUS nom. Gorsuch's ability to be an ind. check will be front &amp; center in this process.,1
Uber CEO quits Trump advisory board amid criticism https://t.co/VqPyH4l3WD https://t.co/x9zlyavMDN : Charles Myr... https://t.co/KbEgNTeUci,0
RT @ync1994: Patriots Owner Robert Kraft: Trump Intends to Help the Business Environment in America https://t.co/OmqUMCwlUe,0
RT @bmangh: U.S. court refuses to immediately restore Trump travel ban https://t.co/voQ5SeV1DF,0
"RT @Bipartisanism: Trump Administration Strips Animal Rights Safeguards, Pets Now At Risk https://t.co/vASh7ad4x7 https://t.co/SB2c2RUqbJ",0
RT @HuffingtonPost: Trump order stops young woman from coming to the U.S. to do Alzheimers research https://t.co/gqxOLBzMuF https://t.co/jlUmaLT987,0
RT @themogg20: @eddiemaughon @josephvaden @djmincey11 @whoiskevinjones @realDonaldTrump Are you aware that Trump is on vacation right now? 2 WEEKS IN! WEAK,1
RT @shafaat_geo: Trump has an important announcement .. full version https://t.co/Mk2c5BMphQ,0
RT @WSJ: Putin called a killer; Trump responds You think our countrys so innocent?  https://t.co/wywPArieJN,0
"RT @washingtonpost: Canadian scientists were followed, threatened and censored. They warn that Trump could do the same. https://t.co/MpGW9d7YQv",0
RT @drsarah13: @tjmaxx - trump products being sold by you? I'll shop elsewhere. Put yourself on the right side of history!#GrabYourWallet #resist,0
"RT @ABC: Melissa McCarthy skewers Sean Spicer, Alec Baldwin reprises Trump role, Bannon portrayed as Grim Reaper on ""SNL"" https://t.co/3wlkqE4b8W",0
RT @drpatfarrell: Trump was IN BED during the Yemen raid he ordered and where a SEAL died as did a number of civilians and a little girl. IN BED!,0
Love when they do Trump. Lol. Alec Baldwin is the best. Oval Office Cold Open - SNL https://t.co/JagVA0aJ65 via @YouTube,1
"RT @sjohoIt: rt for 2 boys kissing, like for donald trump https://t.co/2NqrgPkb86",1
"RT @naretevduorp: Any Trump supporter that still backs him after he equates our great nation to a tyrannical, murderous nation like R https://t.co/6WNyXHl4UX",0
'SNL':Trump and Bannon call world leaders - CNN https://t.co/nUzEE9M85d,0
RT @JBurtonXP: I've noticed a weird phenomenon whereby anything Trump tweets against suddenly becomes a pillar of democracy sacrosanct from all criticism.,0
"RT @IngrahamAngle: Notice how @CNNPolitics uses word ""attack"" when @realDonaldTrump stands up for US taxpayer. https://t.co/zq3TevWIMq",0
"Obama DHS Awards $400,000 to Crazed Trump-Bashing Organizer 3 Days Before Leaving Office https://t.co/6Kwb8n60zX",0
RT @crampell: Is Trump right that banks cant lend?  Business loans made by banks as share of GDP at highest level in 50 yrs https://t.co/RjEK2GLTY8,1
"S.N.L. Goes After Trump Again, With Melissa McCarthy as Sean Spicer, via @nytimes https://t.co/JQrKzCVgAf",0
"RT @NPR: BREAKING: Appeals court denies Trump admin. request for stay of injunction on immigration order, meaning the Trump order remains suspended.",0
Excellent piece on @realDonaldTrump's lying by right winger @SykesCharlie. #trump https://t.co/SVhMA2knPy,1
"RT @paige_mount: The hottest club in New York is SNL, it has F Bombs, trump jokes, sexy totinos pizza rolls and Melissa McCarthy dressed as Sean spicer #snl",1
Love Trump's honesty. Can't stand O'Reilly's arrogant rudeness. No longer watch him. https://t.co/hmZh0tF8Ed,1
RT @SkyNews: Super Bowl: Trump protesters and Lady Gaga prepare for Houston spectacle https://t.co/BYe4n1rqyW,1
"RT @AltStateDpt: If Melania Trump stays at Trump Tower through a 4yr term, it will cost taxpayers approx. $1.4B. Is this what populist Trump voters wanted?",0
RT @EtfTrigger: ETF News:  Financial ETFs Surge As Trump Signs Executive Order To Cancel Dodd-Frank https://t.co/4NIdwMRQ53 https://t.co/th8HZvrgpT,0
RT @AGOWA: Trump Administration's request for immediate administrative stay DENIED. https://t.co/R3tTRPyv3U,0
Uber CEO quits Trump advisory board amid criticism https://t.co/VqPyH4l3WD https://t.co/x9zlyavMDN : Charles Myr https://t.co/wPBdX10ukx,0
RT @washingtonpost: Federal appeals court rejects request for immediate reinstatement of Trumps travel ban https://t.co/ux6yAvXg1B,0
"RT @PizzaPartyBen: my dad's friend owns a restaurant and he got this today in one of the receipts.

This is Trump's America, disgustin https://t.co/7vUaxDZNgQ",1
"RT @DanSlott: The appeals court rejected reinstating the Muslim travel ban.



SNL made fun of Trump again.



Which do U think he'll anger-tweet about first?",0
"RT @Isilchaser: HE'S ""FALLING APART FAST FOLKS""! I usually use psych terms,BUT just for DJT Supporters&amp;GOP: TRUMP WILL GO ""BATS__T https://t.co/E3l2LKpDJs",0
RT @thehill: BREAKING: Appeals court rejects Trump administrations request to restore travel ban https://t.co/Psu7TqudOl https://t.co/LmDCwS896q,0
"RT @GoldStarMomTX55: ChristiChat: RT ChristiChat: Best vote I ever cast!

<U+2764> Trump



WATCH what POTUS did in week two of his presidency to https://t.co/6R99EPmHeD",1
"RT @nytimes: Trump says he has walked away from the day-to-day of his empire, but records show how close he remains to it https://t.co/oYuvMupTxK",0
"RT @DavidAFrench: You won't see many conservatives defend Trump's Russia comment. They'll be silent, but they'll know they'd race to Fox to condemn a Dem.",0
"RT @luisbotello41: my dad's friend owns a restaurant and he got this today in one of the receipts.

This is Trump's America, disgustin https://t.co/Mi2wRgVuMh",1
Uber CEO quits Trump advisory board amid criticism https://t.co/VqPyH4l3WD https://t.co/x9zlyavMDN : Charles Myr https://t.co/vDSKiDuNbG,0
RT @moorehn: New lawsuit to be filed Monday asking for release of Trumps tax returns. https://t.co/jk8xES20AY,0
RT @altNOAA: Trump's other wall - a seawall around his golf course he says to protect against effects of climate change! https://t.co/WnTncaPqJ6,1
@AliVelshi Federal judge Vs. Trump travel ban https://t.co/RQpnpbOiTn,0
"RT @PrisonPlanet: Turns out that you can't use Twitter to threaten Trump supporter's children, violence &amp; doxxing. This account final https://t.co/rgipGho3m9",0
RT @amandawoodbury2: FINALLY A VOICE OF REASON! WE HAVE BEEN SAYING THIS SINCE @REALDONALDTRUMP TOOK OATH!  #PSYCHEVALSTAT https://t.co/NLHxUb6nbV,1
"@SenateDems @OversightDems @HouseDemocrats Did taxpayers pay for security/expenses for Eric Trump's ""business trip"" to Uruguay?",0
"RT @AP: Trump Cabinet pick paid by 'cult-like' Iranian exile group, by @jongambrellAP  https://t.co/hhyDDtWjIz",0
"RT @AP: Trump Cabinet pick paid by 'cult-like' Iranian exile group, by @jongambrellAP  https://t.co/hhyDDtWjIz",0
"RT @TheMarkRomano: See how the courts work...



When Obama issues a travel ban, it is perfectly fine.



When Trump does the exact same thing, it is illegal.",0
"RT @TomiLahren: If you hate Tom Brady and The Patriots because of the Trump connection, you might be one of those ""loving"" &amp; ""tolerant"" liberals.",1
RT @AP: BREAKING: Appeals court denies Trump administration request to immediately reinstate ban on travelers and refugees.,0
RT @USRealityCheck: Trump: 'There are a lot of killers. You think our country's so innocent?... https://t.co/KySpS6r3lY #USNews #USRC https://t.co/WR59OlsP0G,0
RT @Breaking911: U.S. appeals court has denied the Justice Departments request to immediately reinstate Trumps refugee and immigration ban.,0
"RT @jonfavs: Focus on this, every day. We win the House, we can hold Trump accountable. https://t.co/8TamdaAiTP",1
"RT @phbarratt: I think we can file Trump's ""I love Australia"" in the same folder as ""No one has more respect for women than me"".",1
"RT @Slate: Asked About Putin being a killer, Trump says you think our countrys so innocent?"" https://t.co/ucypd8zpxJ https://t.co/WFIxJsXete",0
Uber CEO quits Trump advisory board amid criticism https://t.co/VqPyH4l3WD https://t.co/x9zlyavMDN : Charles Myr https://t.co/I5bAnxFAVL,0
RT @LibyaLiberty: This is what I mean about the American people sending a message louder than Trump: https://t.co/8WXVFhZSfk,0
"RT @wikileaks: Trump on US government last night: O'Reilly: ""Putin's a killer"" Trump: ""There are a lot of killers. You think our country is so innocent?""",0
"I heard that 'so called' #President #trump has 49% of public ok with him, what did German public think in 1930's. Maybe greater% #nazis",1
"@georgegalloway @WhiteHouse @HouseofCommons @cducsubt @veteranstoday @nytimes

#EU

#cnnSOA

#trump: do you think our country is so innocent? https://t.co/IIlxUFmdnb",1
Uber CEO quits Trump advisory board amid criticism https://t.co/VqPyH4l3WD https://t.co/x9zlyavMDN : Charles Myr https://t.co/yo1yLFKvuk,0
"RT @Khanoisseur: ? Trump got hundreds of millions from China with this rating, when US banks wouldn't loan? @pbaratelli @jtocrafter https://t.co/WPT6ABNQ49",0
RT @JohnTDolan: Wouldn't it be GREAT if when Gaga starts into her ?? Anti Trump rhetoric the crowd drowns her out with Boooos.  ReT https://t.co/vdvKFgG8kx,0
RT @NBCNews: Your gate is open: Judge halts Trump immigration order https://t.co/krEkt2JiXI https://t.co/QgT67v671f,0
.@FoxNews anyone still doubts that Putin has Trump by the balls (or by his peepee penis)? No true American/Republican would give in to Putin,0
"RT @ebonstorm: At $400,000 a day, it'll cost the nation $548,000,000 to keep Melania Trump in New York City for four years. https://t.co/U7ImUMeTSQ",1
Uber CEO quits Trump advisory board amid criticism https://t.co/VqPyH4l3WD https://t.co/x9zlyavMDN : Charles Myr... https://t.co/cFwpo9KZiv,0
RT @aljwhite: Look forward to Trump having a shitfit over Kristen Stewart in a few hours https://t.co/PYy8tsM14y,1
RT @LouDobbs: Most Left-Wing Appeals Court in Nation Denies Trump Request to Reinstate Travel Ban https://t.co/hHnr6ZsWoF #MAGA #TrumpTrain #AmericaFirst,0
"So very true, so please continue to #fight and #resist until we make positive change to offset Trump's negative actions #LoveTrumpsHate https://t.co/jdkfuST5p9",1
Uber CEO quits Trump advisory board amid criticism https://t.co/VqPyH4l3WD https://t.co/x9zlyavMDN : Charles Myr... https://t.co/HhixMGRDIc,0
"RT @DaftLimmy: Imagine Donald Trump had to go into hiding like Saddam, before being found in a sewer then taken away and hanged.",1
@Mr_Bobblehead73 yep I've got an eye full before now. Things have livened up we now have some Trump supporters arguing over Brexit,0
Trump's Twitter criticism of judge shows limits of staff's influence - Chicago Tribune -  https://t.co/a1wyF1LKai https://t.co/WmMYlVZ1lw,0
"RT @freep: Our top read this morning: The story of Hamtramck, Michigan's Ellis Island, and how it's steeling itself for Trump. https://t.co/7KBUZUZMRb",0
RT @CNN: A federal appeals court denied the US government's initial request to resume President Donald Trump's travel ban. https://t.co/4MDk9yuold,0
Uber CEO quits Trump advisory board amid criticism https://t.co/VqPyH4l3WD https://t.co/x9zlyavMDN : Charles Myr https://t.co/MUo0CGAjlt,0
RT @NBCNews: Appeals court knocks back bid to swiftly reinstate Trump travel ban https://t.co/9MnCPSdttQ https://t.co/L3uWhFTgDx,1
RT @powerbl14: BUSTED: Twitter has been caught BOOSTING negative responses to Trumps tweets https://t.co/t3wpbziSfW ? see here ?? https://t.co/cWtN06Tqqx,0
"RT @TeaPainUSA: Killers?  Trump has now attacked the integrity of America to defend Vladimir Putin. Brothers and sisters, this aggression will not stand!",0
RT @armandodkos: Timely too. Trump was not crazy the whole day yesterday. Just 90%. I don't know what is wrong with you people. https://t.co/u3BUu79o9D,0
RT @AP: BREAKING: Appeals court denies Trump administration request to immediately reinstate ban on travelers and refugees.,0
RT @artoopio: KRISTEN MOCKED DONALD TRUMP AND CAME OUT AS GAY IN SNL MONOLOGUE WHEN WILL YOUR FAVE https://t.co/1lj07smIld,0
Uber CEO quits Trump advisory board amid criticism https://t.co/VqPyH4l3WD https://t.co/x9zlyavMDN : Charles Myr... https://t.co/O9uBpHJ4Uk,0
"""With Executive Orders, Trump Embraces Time-Honored Power Move -  https://t.co/OhMG46sXJx",1
"RT @JohnCleese: The latest opposition to emerge in President Trump's 'War on Reality' ?



It's the so-called United States so-called Constitution.",0
RT @LibyaLiberty: This is what I mean about the American people sending a message louder than Trump: https://t.co/8WXVFhZSfk,0
"RT @DLin71: OBAMA: America is imperfect

GOP: TREASON



TRUMP: America is like a murderous thug

GOP: Shield your eyes in the presence of this patriot",0
OReilly told Trump  Putin is a killer. Trumps reply: You think our countrys so innocent? https://t.co/UdObVF3aB3 https://t.co/ASmO0KEEk7,0
Uber CEO quits Trump advisory board amid criticism https://t.co/VqPyH4l3WD https://t.co/x9zlyavMDN : Charles Myr https://t.co/sdErHeMtLQ,0
Captain Sully on Trumps Travel Ban: This Makes Us less Safe |  https://t.co/40sjFFX7P4 @AnchorLiz,0
RT @cmurray862: @bynsny Mine too. But Trump accurately points out Obama counted less than half. That is the issue your world or not,1
"RT @bucha_books_soc: .@GOP @HouseGOP @SenateGOP Please wake up!! You cannot allow this man and Trump to destroy our country.

As of now, https://t.co/SVxKn5Dzhm",1
RT @AGOWA: Trump Administration's request for immediate administrative stay DENIED. https://t.co/R3tTRPyv3U,0
RT @bmangh: Constitutional crisis? What happens if Trump decides to ignore a judge's ruling. https://t.co/uorIcmxBYN,0
RT @fabuloushannahh: I know it's a bit part of life but am pure sick of seeing politics n donald trump on my timeline,1
"RT @markmobility: Monthly cost of:

Guarding Trump Tower: $30 million

Section 8 for all 15,856 homeless NYC families: $28 million",0
Trump wouldn't fight Arnold tho,0
"RT @PrisonPlanet: Turns out that you can't use Twitter to threaten Trump supporter's children, violence &amp; doxxing. This account final https://t.co/rgipGho3m9",0
"RT @docrocktex26: Someone please get @realDonaldTrump the Schoolhouse Rock episode on how American government works, b/c he still doe https://t.co/G4gLKlg3dA",1
Debate in Dutch Parliament about President Trump: https://t.co/Uzh9BdOc3I,0
Uber CEO quits Trump advisory board amid criticism https://t.co/VqPyH4l3WD https://t.co/x9zlyavMDN : Charles Myr https://t.co/tEtg3GiSVi,0
RT @artoopio: KRISTEN MOCKED DONALD TRUMP AND CAME OUT AS GAY IN SNL MONOLOGUE WHEN WILL YOUR FAVE https://t.co/1lj07smIld,0
RT @VinceFox73: @pepsi Oh I will miss the Super Bowl this year. Will be at work. Ban Lady Gaga. She doesn't support Trump. So I can't support her music.,1
RT @ImwiththeBern: These Trump voters say they didn't believe everything Trump said. So Bernie Sanders asked: why did you vote for him?https://t.co/D1FeRzsD5j,0
Michael Moore had the perfect response to Trump's attack on the judge who blocked his Muslim ban https://t.co/bgLd8QjBIt,0
RT @CauseWereGuys: this guys trump impersonation is spot on ?  https://t.co/nIecTaMF4h,0
"Because of the Snoopers Charter, Trump has unrivalled access to UK data. Tell @theresa_may not to hand it over https://t.co/AYpgXZnMWE",0
"RT @Impeach_D_Trump: Mr. Trump, I thought we Were ""Going to be Sick Of Winning"".  You lost the popular vote and now lost to the court TW https://t.co/OzsYT8BQVw",0
"RT @TeaPainUSA: Killers?  Trump has now attacked the integrity of America to defend Vladimir Putin. Brothers and sisters, this aggression will not stand!",0
"While calling congress you might want to call companies tied to the Trump brand. If enough pull away, he''l lose interest in presidency.",0
RT @mcspocky: Two-thirds of Britons believe Trump is 'threat to international stability' https://t.co/CHUX6YXJWT https://t.co/uK3OMxe51g,0
RT @washingtonpost: Opinions: Trumps half-baked travel ban is a picture of American shame https://t.co/y0hqrzBfLS,0
RT @RefugeeWatcher: Did you know she is paid by you to place #refugees in your towns and she is organizing demonstrations against Trump https://t.co/aKipYNDVno,0
Uber CEO quits Trump advisory board amid criticism https://t.co/VqPyH4l3WD https://t.co/x9zlyavMDN : Charles Myr https://t.co/kQaR89ZIuF,0
WASHINGTON IN SHOCK: Trump Gets The Most AMAZING Surprise EVER - National Insider Politics https://t.co/POlxDjx7CX,1
"RT @AynRandPaulRyan: An Unprecedented New Lawsuit Could Force Trump to Release His Tax Returns

#theResistance #SundayMorning

https://t.co/s4MlAkyuau",0
"We'll win.Wait &amp; watch.Setbacks were expected.Trump will win,Americans will win.Just wait...

#travelban

#NoBanNoWall

#MAGA #AmericaFirst https://t.co/d2n6LIZmXI",1
RT @altNOAA: New York in 1973 was smoggy. It burned to breathe. Is this the America that Trump and his EPA chief wants to return https://t.co/k6dFiXFZPr,1
Uber CEO quits Trump advisory board amid criticism https://t.co/VqPyH4l3WD https://t.co/x9zlyavMDN : Charles Myr... https://t.co/ytajMQgiYA,0
"@VP @POTUS @realDonaldTrump ICYMI, here is Schoolhouse Rock's explanation of checks and balances in our government. https://t.co/pbu8gyYxB7 https://t.co/Rfu1DIsDDV",0
"RT @AP: Trump Cabinet pick paid by 'cult-like' Iranian exile group, by @jongambrellAP  https://t.co/hhyDDtWjIz",0
"Dear President @realDonaldTrump - the US does not murder and imprison journalists.  Well, to date anyway. https://t.co/4PCPgX3Uhh",0
RT @moorehn: New lawsuit to be filed Monday asking for release of Trumps tax returns. https://t.co/jk8xES20AY,0
"RT @CNN: After 48 college presidents ask Trump to end refugee ban, @ChancellorWU says the ban ""undermines our effort"" https://t.co/qtxxZxRahy",0
#TrumpBan appeal denied 'clap' https://t.co/ny7BrmzGSS,1
RT @SheriffClarke: Pres Trump takes weekend away from D.C. @ABC goes apoplectic but silent when Obama vacationed during Louisiana floo https://t.co/6zZA48Dx80,0
RT @LibyaLiberty: This is what I mean about the American people sending a message louder than Trump: https://t.co/8WXVFhZSfk,0
RT @mkla11: How Trump Has Taken Away Our Homes https://t.co/kFAxbBZDVA  Another example of far-reaching the monster's destructiveness imperils us.,0
"RT @mindyfinn: What line in the sand must Trump cross for freedom-loving conservatives to confront his authoritarianism? Silence, the quiet enabler, kills.",0
"RT @funder: Evidence Suggests Raid in Yemen was to Secure Trump Dubai golf course



#DworkinReport #resist #theresistance #amjoy https://t.co/zbdNO7mUr3",0
RT @JimKilbane: Donald @realDonaldTrump showing you his #trump big hands #ExecutiveOrder https://t.co/XhkEXae8Ku,1
There are no two sides to Trump. No hidden qualities. He is fascist. He is insane. He is a monster.,0
"RT @AngelaDale143: Dear Protesters, many of which are paid:



1. You won't stop Trump

2. You hurt the Democrats :)

3. Rioting isn't protected speech",1
Americans Protest Trumps Travel Ban For A Second Weekend https://t.co/xarVJr3s4A https://t.co/rZCZfgCh1e,0
"RT @donnabrazile: To commemorate Black History Month, Trump administration decrees that white supremacists cant be terrorists https://t.co/X2sS98q9Ao",1
"RT @NathanDWilsonFL: @realDonaldTrump V. Lombard's quote is Trump! He's one of those great men! God, ??, hard work, relationships, stren https://t.co/l4yhfRHFgL",1
"RT @DiegoUK: .@FreeRepublicUSA Cheating isn't winning, deplorable morons. Neither is signing 'trumped up' executive orders. #p2 https://t.co/kTwdHrOE0a",0
"RT @nytimes: Whether they like it or not, brands associated with the Trump name have become politicized https://t.co/beH89AwqtC",1
"RT @dfunzy: Howard Stern says #Trump just wants to be loved. Is that all? If Trump would quit tonight, I will only say nice things about him. I promise.",1
"RT @thehill: Michael Moore trolls Trump over tweet attacking judge: ""Thank you, So-Called President Trump!"" https://t.co/tFHGVnzngt",0
RT @AliVelshi: BREAKING: 9th Circuit Court rejects Trump administrations request to overturn Fridays ban by federal judge on its immigration order,0
RT @robferdman: Bombshell from @nytimes and @ProPublica: Donald Trump didnt actually separate himself from his business. AT ALL https://t.co/DVwNZuQnRy,0
"RT @DLin71: OBAMA: America is imperfect

GOP: TREASON



TRUMP: America is like a murderous thug

GOP: Shield your eyes in the presence of this patriot",0
RT @JohnTDolan: Wouldn't it be GREAT if when Gaga starts into her ?? Anti Trump rhetoric the crowd drowns her out with Boooos.  ReT https://t.co/vdvKFgG8kx,0
"RT @DrTomMartinPhD: SUPERBOWL! ""Trump would watch a Super Bowl &amp; think the people in a huddle are talking about him.""<U+2015>Eric Schneiderman https://t.co/Ov2hxdtbDe",1
RT @PaulClark2005: TRUMP AND MAY ARE BEING SABOTAGED BY ENEMIES WITHIN THEIR RESPECTIVE GOVERNMENTS THAY NEED TO ACT QUICKLY &amp; FIRE THE TREACHEROUS DESSINTERS,0
RT @fxp123: Make America Think Again: anti-Trump rallies take place worldwide - euronews https://t.co/mkq6apefZS,0
RT @CheriJacobus: 7. Ignore &amp; block Trump twitter trolls. Don't engage.They give media &amp; lawmakers false impression of Trump support by viewers &amp; constituents,0
"RT @IngrahamAngle: Notice how @CNNPolitics uses word ""attack"" when @realDonaldTrump stands up for US taxpayer. https://t.co/zq3TevWIMq",0
EY and PwC speak out on Trump travel ban | ICAEW Economia https://t.co/O4CMdMawDf,0
RT @David_EHG: Kudos to the @washingtonpost for forcefully challenging Trump's power. This is what a Fourth Estate should look lik https://t.co/l2msXgIu56,0
"New religion: the ""I'm soooo gay, dude"" by Kristen Stewart to Donald Trump",1
"RT @voxdotcom: Kellyanne Conway made up a fake terrorist attack to justify Trumps ""Muslim ban"" https://t.co/oufABDqlhg",0
"Melissa McCarthy Plays Sean Spicer, Alec Baldwin Reprises Donald Trump Role on 'Saturday Night Live' https://t.co/N8cYtv1Ghd via @GMA",0
RT @dailykos: The first man deported under Trump's order returned home to America yesterday! https://t.co/mUp8ZXj2mh,0
Uber CEO quits Trump advisory board amid criticism https://t.co/VqPyH4l3WD https://t.co/x9zlyavMDN : Charles Myr... https://t.co/SlKo73Z93v,0
"RT @Kasparov63: Disgusting. There is nothing Trump won't do to praise Putin, comparing the US to a dictator of 17 years who murders https://t.co/pCBJolVqPz",0
RT @KeithOlbermann: The Deputy Editorial Page editor of The Wall Street Journal and I agree on the only word that fits @realDonaldTrump https://t.co/F7Z3LA6Om7,1
"RT @AP: Trump Cabinet pick paid by 'cult-like' Iranian exile group, by @jongambrellAP  https://t.co/hhyDDtWjIz",0
" which has been @Slates line for years. Theyre so confused, like many liberals who keep hearing Trump say things they agree with. https://t.co/4K5lKo9961",1
Team Hillary Faces Off with Team Trump in Hilarious SNL Family Feud Sketch https://t.co/DTZwrGONaf,0
RT @justinhendrix: Want to get rid of Bannon? Emphasize over and over again that Trump is his puppet. Then let Trump's narcissism do the rest.,0
"RT @jaketapper: Fox aired interview excerpt



O'Reilly: Putin is a killer.



@POTUS Trump: There are a lot of killers. You think our country's so innocent?",0
RT @cnnbrk: A federal appeals court denied the US government's initial request to resume President Donald Trump's travel ban. https://t.co/gB70irt1AX,0
Donald Trump is currently engaged in at least five of the same exact behaviors... https://t.co/WGKAQzgqc9 by #voguemagazine via @c0nvey,1
"RT @alaskawater: Kawasaki, LLBean&amp; Nordstrom distance themselves from Trump brands  https://t.co/aB0iMh7GqM",0
RT @ActualEPAFacts: Trust Records Show Trump Is Still Closely Tied to His Empire https://t.co/pHQR8aGR3h,1
"RT @brithume: This is a terrific piece by @RadioFreeTom --&gt; Chill, America. Not every Trump outrage is outrageous. https://t.co/3HnG2VLoIq",0
RT @UjamiiSingh: Appeals Court that denied DOJ's appeal on Trump's EO was 2/3 liberal who are now acting as activists instead of jud https://t.co/tYJX96IVlJ,0
RT @pwthornton: This is what all of those stories on white working class Trump supporters missed. They voted for him because he promised to ban Muslims.,1
"RT @We_R_TheMedia: UK Muslims Protesting Trump's #TravelBan ?USA! YOU WILL PAY! CALIPHATE IS ON THE WAY!



THIS Is Why They Need 2B Kep https://t.co/VU26D5d50a",0
"RT @DavidAFrench: You won't see many conservatives defend Trump's Russia comment. They'll be silent, but they'll know they'd race to Fox to condemn a Dem.",0
"#Trump #Immigration ban was clumsy but he's right about #RadicalIslam

#ListenToReason #wato NOT #MassHysteria

https://t.co/d5a0abbjIx",0
ONE OF TRUMP'S BIGGEST CRITICS JUST CAME TO HIS AID BIG TIME BY DEFENDING IMMIGRATION ORDER https://t.co/T0B5zboqcZ,1
Uber CEO quits Trump advisory board amid criticism https://t.co/VqPyH4l3WD https://t.co/x9zlyavMDN : Charles Myr https://t.co/vDSKiDuNbG,0
"RT @markmobility: Monthly cost of:

Guarding Trump Tower: $30 million

Section 8 for all 15,856 homeless NYC families: $28 million",0
Democrats Use Trump's Attack On Judge As Ammo To Block His Supreme Court Nominee via @politicususa https://t.co/alxhN33hR5,0
"RT @PoliticsNewz: 1,000 chanting protesters across from Mar-a-Lago aim directly at Trump's wallet https://t.co/ZiI3o46fbo https://t.co/9vi3bAdfWH",0
"RT @bobsacard: FLORIDA RESIDENTS, YOUR SENATOR IS  BLOCKING TRUMP NOMINEES- HE'S UP FOR RE-ELECTION IN 2018. CALL HIS OFFICE (202) https://t.co/hsRkq21AVF",0
RT @Independent: Michael Moore had the perfect response to Trump's attack on the judge who blocked his Muslim ban https://t.co/kx5kGwzdBz,0
RT @mradamtaylor: Some people seem to think this picture of Sweden's deputy leader is trolling Trump https://t.co/Uirj8UmMxD https://t.co/zaNORQG2Bu,1
Uber CEO quits Trump advisory board amid criticism https://t.co/VqPyH4l3WD https://t.co/x9zlyavMDN : Charles Myr... https://t.co/cUdH3EEMyl,0
RT @DRL_Posts: Anti-Trump cartoon by Vancouver artist goes viral #world https://t.co/U4g6f7eUdy,0
"RT @ABC: Melissa McCarthy skewers Sean Spicer, Alec Baldwin reprises Trump role, Bannon portrayed as Grim Reaper on ""SNL"" https://t.co/3wlkqE4b8W",0
RT @ezlusztig: False Equivalency alert. This assimilation of Trump to previous administrations is utter garbage. Don't believe a w https://t.co/AW8EtoJhpz,0
"RT @VoteTrumpPics: Trump Twitter Rally?



RT? and show your support for DJT this Sunday, Feb 5th during Super Bowl Half Time Show at https://t.co/okPb11YbQw",1
"RT @markmobility: Monthly cost of:

Guarding Trump Tower: $30 million

Section 8 for all 15,856 homeless NYC families: $28 million",0
"RT @brianstelter: &gt; @EdAtPost on Inside Politics: Trump ""continues to use the word 'illegals.' It is about as offensive as it gets""  https://t.co/BfmxwEgG9Q",0
Uber CEO quits Trump advisory board amid criticism https://t.co/VqPyH4l3WD https://t.co/x9zlyavMDN : Charles Myr... https://t.co/gIMSyvUsu0,0
Team Hillary Faces Off with Team Trump in Hilarious SNL Family Feud Sketch https://t.co/DAnTFN3pQG,0
"RT @thephillyvoice: WATCH: 'SNL' skewers Donald Trump's diplomatic phone calls, Sean Spicer's press conferences https://t.co/WbdkmQhSEj https://t.co/c2rDWyXl3T",1
Meet the Bush-appointed federal judge who halted Trump's executive order https://t.co/MxNGh7P9gr by #washingtonpost via @c0nvey,0
Documents confirm Trump still benefiting from his business https://t.co/eqJJfgIjw1,0
Uber CEO quits Trump advisory board amid criticism https://t.co/VqPyH4l3WD https://t.co/x9zlyavMDN : Charles Myr https://t.co/psZ79qKUJ5,0
"1)Melissa McCarthy owned that Sean Spicer impresh, 2)Kristen Stewart cursed on live TV 3)There is nothing Trump or his Admin can do about it",0
SNL Just Shredded Trumps Press Secretary Sean Spicer - https://t.co/MyI6mHV4oP,0
Uber CEO quits Trump advisory board amid criticism https://t.co/VqPyH4l3WD https://t.co/x9zlyavMDN : Charles Myr... https://t.co/KSDuJdEgdw,0
RT @CauseWereGuys: this guys trump impersonation is spot on ?  https://t.co/nIecTaMF4h,0
We know it is out of control when Eric Trump costs taxpayers big bucks to go on a business trip. by @kileykroh https://t.co/3ds4eNwYTO,1
"President Trump suggests the US is not ""so innocent"" when asked about political killings in Russia.

[Spreading... https://t.co/isWEl3vdLK",1
"RT @thehill: WATCH: Trump and Bannon as Grim Reaper go to war with foreign leaders on SNL

https://t.co/Z7MeikBTzh https://t.co/vtCsLEMJ0h",0
Tell the White House Press Corps: Stand up to Trump's blacklist: https://t.co/TAy9i3E2iG @moveon @mmfa,1
Uber CEO quits Trump advisory board amid criticism https://t.co/VqPyH4l3WD https://t.co/x9zlyavMDN : Charles Myr https://t.co/yo1yLFKvuk,0
Uber CEO quits Trump advisory board amid criticism https://t.co/VqPyH4l3WD https://t.co/x9zlyavMDN : Charles Myr... https://t.co/nf7g5pnwDa,0
Uber CEO quits Trump advisory board amid criticism https://t.co/VqPyH4l3WD https://t.co/x9zlyavMDN : Charles Myr... https://t.co/qFmjzReZ6l,0
"RT @AJemaineClement: Hitler - failed painter

Trump - cancelled tv host

Bannon - failed documentary maker

Conway - failed stand-up



Support the arts and media",0
RT @tonyposnanski: I edited Trump's last tweet to be more American and loving. https://t.co/cpQ04loo1Y,1
Uber CEO quits Trump advisory board amid criticism https://t.co/VqPyH4l3WD https://t.co/x9zlyavMDN : Charles Myr https://t.co/qVvyWRuIpa,0
"RT @Timodc: Trump continues to earn a fervent defense from extreme leftists who think America is awful.



DT?GG? https://t.co/qBZ0jlmoUq",0
"Actually, Trump is not off to a fast start, compared to his predecessors https://t.co/00qPYijhyU via @BV",0
"RT @BillPalmer: Putin specifically murders journalists. Trump appears to be in favor it. Fuck you Trump, this is America. We win, y https://t.co/CIne77QTXu",0
"RT @ddale8: Obscure websites published a fake story that Kuwait was copying Trump's ban. The president Facebooked it, got 67,00 https://t.co/JXXgrVQAOL",0
RT @piersmorgan: Reposting this photo from yesterday's London anti-Trump march. Staggering. https://t.co/aAvJ6yJXID,0
"RT @AP: Trump Cabinet pick paid by 'cult-like' Iranian exile group, by @jongambrellAP  https://t.co/hhyDDtWjIz",0
RT @IamyHuckleberry: The media has become the enemy and should be addressed by Trump or those of us who care to take them out https://t.co/2LEVhTVewT,0
Uber CEO quits Trump advisory board amid criticism https://t.co/VqPyH4l3WD https://t.co/x9zlyavMDN : Charles Myr https://t.co/MUo0CGAjlt,0
"RT @markmobility: Monthly cost of:

Guarding Trump Tower: $30 million

Section 8 for all 15,856 homeless NYC families: $28 million",0
"RT @yarotrof: Trump praised Kuwait on FB for banning Syrians, Iranians, Iraqis. Kuwait says @POTUS acted on the basis of fake news https://t.co/mNFwFqVL9a",0
RT @voguemagazine: Donald Trump is currently engaged in at least five of the same exact behaviors he had attacked Hillary Clinton over. https://t.co/x61BycXqmZ,0
"RT @spectatorindex: POLL: 64% of Britons believe Trump is a threat to global stability, while 28% believe his UK trip should be cancell https://t.co/I3EkgS7b98",1
"RT @ABC: Sens. @BenSasse and @amyklobuchar weigh in on Pres. Trumps SCOTUS nominee and more, this morning on @ThisWeekABC https://t.co/ivhZy8lqGM",0
"RT @peterdaou: That giant sucking sound? Mitt Romney's dignity deflating after claiming Trump has ""obviously gotten off to a very strong start.""",1
Uber CEO quits Trump advisory board amid criticism https://t.co/VqPyH4l3WD https://t.co/x9zlyavMDN : Charles Myr... https://t.co/s2QCsDOhTK,0
"RT @mikandynothem: <U+2714> RETWEET<U+2714> if you are happy with President Trump and his Administration's performance so far!

Kicking butt and tak https://t.co/nCUmiIDAqu",1
Uber CEO quits Trump advisory board amid criticism https://t.co/VqPyH4l3WD https://t.co/x9zlyavMDN : Charles Myr https://t.co/DLTYfDmvDb,0
RT @cnnbrk: A federal appeals court denied the US government's initial request to resume President Donald Trump's travel ban. https://t.co/gB70irt1AX,0
"RT @SteveComisar: If you oppose Donald Trump please RT.  @jack  @ladygaga  @KatyPerry

@Madonna  @AshleyJudd  @americaferr  @GloriaSteinem  #GetHimOut",1
Uber CEO quits Trump advisory board amid criticism https://t.co/VqPyH4l3WD https://t.co/x9zlyavMDN : Charles Myr https://t.co/DWTPYJRpAO,0
"RT @AP: Trump Cabinet pick paid by 'cult-like' Iranian exile group, by @jongambrellAP  https://t.co/hhyDDtWjIz",0
RT @hrkbenowen: RETWEET if you disagree with the NFL who said Lady Gaga can grumble about Trump in the Super Bowl show. https://t.co/90H44APv2L,0
RT @BBCBreaking: US appeals court rejects Trump administration request to immediately reinstate travel ban https://t.co/nDvCfpmAFK,0
RT @ezlusztig: False Equivalency alert. This assimilation of Trump to previous administrations is utter garbage. Don't believe a w https://t.co/AW8EtoJhpz,0
"RT @paulkrugman: If Trump can call Robart a ""so-called"" judge, can we call him -- with infinitely better justification -- a ""so-called"" president?",1
"RT @donnabrazile: To commemorate Black History Month, Trump administration decrees that white supremacists cant be terrorists https://t.co/X2sS98q9Ao",1
RT @Reuters: Kuwait denies it imposed travel ban praised by Trump https://t.co/mvuwFBjfx0 https://t.co/p2MgW0eRdH,0
Netanyahu managed to delay all annexation measures until after he meets Trump.,0
"RT @queennn94: Kristen Stewart taking down Donald Trump and the homophobes at one go.



She has saved 2017. Play this at my funeral. https://t.co/ywlzO18FaT",0
"RT @Rogue_DoD: Standard Russian ""whatabout-ism"" from @realDonaldTrump when asked about Putin. https://t.co/UNzX0bfATa",0
Uber CEO quits Trump advisory board amid criticism https://t.co/VqPyH4l3WD https://t.co/x9zlyavMDN : Charles Myr https://t.co/8VwCG8P3Js,0
RT @AGOWA: Trump Administration's request for immediate administrative stay DENIED. https://t.co/R3tTRPyv3U,0
"RT @nytimes: ""So-called"" judge who blocked Trumps immigration order is described by colleagues as a ""mainstream"" Republican https://t.co/7n9z0DUBXE",0
RT @tribelaw: 2/ business with Trump but sent the 9/11 terrorists here,0
RT @UPROXX: Melissa McCarthy's Sean Spicer is even better than Alec Baldwin's Donald Trump on #SNL https://t.co/J6ZyqkwZkT https://t.co/MfQVbW87dS,1
Uber CEO quits Trump advisory board amid criticism https://t.co/VqPyH4l3WD https://t.co/x9zlyavMDN : Charles Myr https://t.co/sdErHeMtLQ,0
RT @thedailybeast: Melissa McCarthy as Trump's press secretary Sean Spicer is a sight to behold: https://t.co/8NRzLeCcNi https://t.co/qrMx98EIuR,0
"RT @ARnews1936: HYPOCRISY: Saudi Arabia is building a 600 mile border wall to keep out Islamic terrorists, yet they slam Trump via https://t.co/ZlgX2dnGDQ",0
RT @ActualEPAFacts: Trust Records Show Trump Is Still Closely Tied to His Empire https://t.co/pHQR8aGR3h,1
Trump says America isn't so innocent https://t.co/u9qPVWlAUq via @USATODAY,0
"I mean I know Lisa Nandy is saying we shouldn't protest Trump or Brexit but - what is she actually saying we should do? ""Do politics""? ?<U+200D><U+2640><U+FE0F>",0
"Of course they did.

@POTUS

Appeals court denies Trump request to immediately reinstate travel ban https://t.co/oa7HfwAFnG",0
Uber CEO quits Trump advisory board amid criticism https://t.co/VqPyH4l3WD https://t.co/x9zlyavMDN : Charles Myr https://t.co/ALCSFxvKkH,0
"RT @Trumpnado2016: Trump specifically targeted voters who follow Fox News blindly &amp; don't read news articles or books critical of Trump.

It's a cult.

@jmd3kids",0
RT @Impeach_D_Trump: American's Have a New Way to Salute Donald Trump https://t.co/mCnI5KY48x,1
WHOA: Look what we found about the judge who BLOCKED Trump's travel ban https://t.co/GKyMtKBKOS via @AllenWest,1
RT @washingtonpost: Federal appeals court rejects request for immediate reinstatement of Trumps travel ban https://t.co/ux6yAvXg1B,0
RT @Skepticsrebutt: @trumpwatch940 @grammy4lphhl Its Trump supporters we need to ban https://t.co/GWehMQkj22,0
Uber CEO quits Trump advisory board amid criticism https://t.co/VqPyH4l3WD https://t.co/x9zlyavMDN : Charles Myr https://t.co/tEtg3GiSVi,0
"RT @brithume: This is a terrific piece by @RadioFreeTom --&gt; Chill, America. Not every Trump outrage is outrageous. https://t.co/3HnG2VLoIq",0
Uber CEO quits Trump advisory board amid criticism https://t.co/VqPyH4l3WD https://t.co/x9zlyavMDN : Charles Myr... https://t.co/Fv2DYQixiA,0
RT @StephenKing: Trump's tweets are both malevolent and excruciatingly dumb. He comes off sounding lie a pro wrestling bad guy from 1965.,0
GOP Senators Say They Won't Vote For Trump Nominee...Now We Know EXACTLY Why! https://t.co/LJyKrp8L65,0
"RT @RobertAnnis: And yet you still endorsed Trump, @SenJohnMcCain, even after knowing of his Russian ties.",1
"Tell TRUMP: Make it legal to GROW OUTDOORS in ALL 50 STATES, like Pres. Washington did. LEGALIZE NOW  @Teespring: https://t.co/73ZMfSEr7j",1
"RT @benshapiro: Trump's ""so-called judge"" shtick ain't good, but the Seattle judge's order is MASSIVE legal overreach.",1
RT @washingtonpost: Federal appeals court rejects request for immediate reinstatement of Trumps travel ban https://t.co/ux6yAvXg1B,0
RT @AP: BREAKING: Appeals court denies Trump administration request to immediately reinstate ban on travelers and refugees.,0
Uber CEO quits Trump advisory board amid criticism https://t.co/VqPyH4l3WD https://t.co/x9zlyavMDN : Charles Myr https://t.co/LUiFCrq4HG,0
"RT @ABCPolitics: Sens. @BenSasse and @amyklobuchar weigh in on Pres. Trumps SCOTUS nominee and more, this morning on @ThisWeekABC https://t.co/w4raKtwFDs",0
Uber CEO quits Trump advisory board amid criticism https://t.co/VqPyH4l3WD https://t.co/x9zlyavMDN : Charles Myr... https://t.co/Q3N8GOf0d8,0
RT @OldManRiver1800: The danger is that trump is normalizing crazy.  He's already done a dozen things that would have gotten a Democrat impeached by Congress,0
RT @ezlusztig: How badly would Trump fail the USCIS Citizenship test? He has no idea how our government works. Never read the Constitution. Clueless.,0
RT @TheTrumpLady: TURN UP THE HEAT &amp; CALL THIS ENEMY BY ITS NAME! Trump admin could soon declare Muslim Brotherhood a terrorist org https://t.co/NbSncsNauQ,0
RT @TalentAlwaysWin: @TheBeat_Boss good riddance but le boss Trump will https://t.co/J4GZuCt497,1
Ron Wyden wants to remind youthe FBI knows things about Trump and Russia that they're not sharing https://t.co/itUGJlZZN0 https://t.co/RMrfhNLKQk,0
RT @Reuters: Appeals court refuses to immediately restore Trump travel ban https://t.co/AL3FfIJxU2 https://t.co/zsqCtMLay7,0
@melaniesrestall @simonbugatti @Pontifex Was it Trump's business dealings with the Saudis that prevented them from taking a single refugee?,1
RT @villskid: no Joke - DJT is #unfit #impeachTrumpnow #DworkinReport #TheResistance https://t.co/eSU7BePPGG,0
@AlecBaldwin You need to thank #Trump without him you would be wrapped around your toilet cursing at your daughter #HasBeen #Hypocrite,0
"RT @NickKristof: My Sunday column: Post-Trump,  Canada may now be the country best reflecting the values of the Statue of Liberty https://t.co/GpOuenHUza",1
"RT @markmobility: Monthly cost of:

Guarding Trump Tower: $30 million

Section 8 for all 15,856 homeless NYC families: $28 million",0
@Mylegalforum Why bother about Trump. Getting our own house in order is the main priority!,1
RT @BeachCity55: Patriots Owner Opens Up About What President Trump Did for Him During 'Toughest Time in His Life' https://t.co/4f2fTYqZhc,1
"RT @nytimes: ""So-called"" judge who blocked Trumps immigration order is described by colleagues as a ""mainstream"" Republican https://t.co/7n9z0DUBXE",0
"RT @wanamakeittwerk: BREAKING: President Trump responds to #KristenStewart, Melissa McCarthy, and Saturday Night Live writers https://t.co/GWOBjv2O30",0
"RT @NickKristof: My Sunday column: Post-Trump,  Canada may now be the country best reflecting the values of the Statue of Liberty https://t.co/GpOuenHUza",1
@joyfulname @BernieVolunteer @NomikiKonst @YouTube well Roberta must have the nads of Trump's followers to lie &amp; cheat &amp; bully as she does.?,0
"RT @KaivanShroff: If u were more upset abt Obama golfing *on vacation* than u r abt Trump golfing on Week 2, u might be a lil' racist: https://t.co/jqZ9gyA1Lg",0
Reposting this photo from yesterday's London anti-Trump march. Staggering. https://t.co/zdxfVWiwil,0
Uber CEO quits Trump advisory board amid criticism https://t.co/VqPyH4l3WD https://t.co/x9zlyavMDN : Charles Myr https://t.co/xX18derrOM,0
Trump's ignorance of constitutionally defined checks &amp; balances actuality makes me sick to my stomach. https://t.co/h3Iy6g8THP,0
"RT @tedr: Trust me Trump Admin, you DO NOT want to get on the bad side of dog people. BIG MISTAKE. https://t.co/HUmdRgCdjd",0
"when trump or the hackers forgive all my student loans, then I'll give a shit about your political opinion.",0
RT @ReutersPolitics: Kuwait denies it imposed travel ban praised by Trump https://t.co/5yOaYY1dD1 https://t.co/8XnZrI0Cah,0
Uber CEO quits Trump advisory board amid criticism https://t.co/VqPyH4l3WD https://t.co/x9zlyavMDN : Charles Myr https://t.co/dpOvEvKS14,0
RT @RefugeeWatcher: Did you know she is paid by you to place #refugees in your towns and she is organizing demonstrations against Trump https://t.co/aKipYNDVno,0
"RT @NPR: BREAKING: Appeals court denies Trump admin. request for stay of injunction on immigration order, meaning the Trump order remains suspended.",0
"RT @Impeach_D_Trump: Mr. Trump, I thought we Were ""Going to be Sick Of Winning"".  You lost the popular vote and now lost to the court TW https://t.co/OzsYT8BQVw",0
"@Impeach_D_Trump @washingtonpost Trump supporters ""stupid is, as stupid does..."" no surprise as they drink the ""yellow"" Kool aid",1
"RT @DLin71: OBAMA: America is imperfect

GOP: TREASON



TRUMP: America is like a murderous thug

GOP: Shield your eyes in the presence of this patriot",0
"When Trump lowers taxes and the left go crazy, remind them that they are free to pay at a higher rate. The IRS will gladly cash their checks",1
"RT @IMPL0RABLE: #TheResistance #ImpeachTrump #SNL



SNL Saturday Night Live.

It's amazing how:

Seeing real Trump = nausea.

Seeing Ba https://t.co/flBbSYfuqE",1
RT @RealNews_World: Donald Trumps appeal on judges travel ban decision denied by federal court https://t.co/N43LnM75I5 https://t.co/et367r3nFD,0
Uber CEO quits Trump advisory board amid criticism https://t.co/VqPyH4l3WD https://t.co/x9zlyavMDN : Charles Myr https://t.co/Qb9iOKjUK1,0
RT @starfirst: Trumps Nightmare: Women Opposing Him https://t.co/qPlyFUvdqP via @thecut,0
"RT @thehill: Dem lawmaker suggests Trump get a ""mental health exam"" https://t.co/Q6hMC4ElRE https://t.co/USAgdqvb0G",0
"@CoreyRForrester pretty much - or more specifically, the 30 for 30 on the USFL, where Trump actually destroys the league himself.",1
RT @WomanJournalism: BBC News - Is Sweden's deputy PM trolling Donald Trump in Facebook photo? https://t.co/2RCcXRcUMS,0
RT @mbaram: Just keep repeating these memes and Trump is sure to fire Bannon https://t.co/AlYivWbNSF,0
RT @CNN: A federal appeals court denied the US government's initial request to resume President Donald Trump's travel ban. https://t.co/4MDk9yuold,0
RT @TheDemCoalition: The anti-Trump boycott of retailers won't back down here's how it could affect sales https://t.co/ZjI2xvSDU5 via @leannagarfield #Resist,0
RT @UPROXX: Melissa McCarthy's Sean Spicer is even better than Alec Baldwin's Donald Trump on #SNL https://t.co/J6ZyqkwZkT https://t.co/MfQVbW87dS,1
RT @BBCBreaking: US appeals court rejects Trump administration request to immediately reinstate travel ban https://t.co/nDvCfpmAFK,0
"RT @queennn94: Kristen Stewart taking down Donald Trump and the homophobes at one go.



She has saved 2017. Play this at my funeral. https://t.co/ywlzO18FaT",0
President Obama Roasts Donald Trump At White House Correspondents' Dinner! https://t.co/uPJrmt8J9f via @YouTube,1
RT @bynsny: Trump claimed the unemployment rate was close to 40% ... https://t.co/L3pO5khwIe,0
"RT @jaketapper: Trump defends Putin: ""You think our country's so innocent?"" https://t.co/nW65mtBp0C",1
"RT @ChristiChat: Best vote I ever cast!

<U+2764> Trump



WATCH what @POTUS did in week two of his presidency to #MAGA

#AmericaFirst



https://t.co/4bzM3s8Tej",1
RT @KatrinaNation: Ran month ago but worth reading today--Trumps Foreign-Policy Appointees are Set to Provoke War With Iran @thenation https://t.co/rfCDJEn0vH,0
"RT @pharris830: Anyone else see the irony in Bannon and Trump being held up as evidence of white superiority? Two fat, pale idiots living in their own world",0
"RT @scottbix: The lapel pin on SNL's ""President Trump"" is the Russian flag. https://t.co/UTQpeJd24D",0
"Trump defends Putin, says U.S. has 'a lot of killers' https://t.co/2FJfMnlXLd



Is TRUMP mentally ill? Defends Putin,  USA has the problem?",0
RT @cnnbrk: A federal appeals court denied the US government's initial request to resume President Donald Trump's travel ban. https://t.co/gB70irt1AX,0
"'An epic confrontation': Trump travel ban takes US to brink of crisis



https://t.co/mPkGs3PIYb",0
"RT @GeorgeTakei: Trump never studied the Constitution, but the Judiciary just gave him his first lesson. It's called a check, but he's still way off balance.",1
"RT @Corporatocrazy: ""Hello liberals! This is ISIS. Thank you for fighting for my right to come to USA!""



#MuslimBan 9th Circuit #Trump https://t.co/j5ASrfzTUf",1
".

.

.

Trump Baseball Camp



""BIG LEAGUE""



https://t.co/0HEpkUPuNd

.

. https://t.co/BtS82leg3K",1
"RT @AlfGarnettTil: It's not so much a march against Trump now.

More like a weekly mental illness convention. https://t.co/EpHf642p3V",1
"RT @DavidAFrench: You won't see many conservatives defend Trump's Russia comment. They'll be silent, but they'll know they'd race to Fox to condemn a Dem.",0
"RT @wear4u: Federal Judge Robart further dismantles Donald Trumps Muslim ban, and Trump goes berserk over it: https://t.co/MPD9Fssu0z",0
"RT @NPR: BREAKING: Appeals court denies Trump admin. request for stay of injunction on immigration order, meaning the Trump order remains suspended.",0
"RT @TomthunkitsMind: CIA says Russians have ""more than 1 tape"" ""audio and video"" on ""more than 1 date"", in ""more than 1 place"" of Trump. https://t.co/ZSxlkmn1Ga",0
"RT @PrisonPlanet: By the end of Trump's first term, the word ""protester"" will be as discredited as the word ""feminist"". ?",0
"RT @PrisonPlanet: Turns out that you can't use Twitter to threaten Trump supporter's children, violence &amp; doxxing. This account final https://t.co/rgipGho3m9",0
RT @scarylawyerguy: Former COO of Goldman standing over Trump's left shoulder as he signed EO weakening Dodd-Frank is about as big a fu https://t.co/HeETmj0F06,0
Native<U+200B> Americans condemn Trumps executive action on pipeline... https://t.co/jZScIcCAsf,0
Uber CEO quits Trump advisory board amid criticism https://t.co/VqPyH4l3WD https://t.co/x9zlyavMDN : Charles Myr https://t.co/uPsYE9lFQj,0
"RT @LiberalMmama: Has anyone else noticed Trump is posting craziness on his ""realDonaldTrump"" account&amp;rt-ing w/his POTUS account? https://t.co/ail0LmdivZ",0
.@RadioFreeTom injects some wise words of caution to save outrage for Trump's real outrages https://t.co/kF3GieErvj,0
Seems fitting @realDonaldTrump https://t.co/sxVntOsHZD,1
"RT @edyong209: This sentence: ""The adviser to President Trump invented a massacre to justify restrictions on refugee admissions."" https://t.co/jQk7Yt8ed0",1
"RT @NPR: BREAKING: Appeals court denies Trump admin. request for stay of injunction on immigration order, meaning the Trump order remains suspended.",0
"RT @AltStateDpt: Obama family travel cost taxpayers approx. $10M/yr. In 2wks, Trump is at $3M plus Eric Trump's Uruguay trip costing https://t.co/RaBvA5XiZR",0
Hey Folks: Some of us are wondering why so many are willing to protest over the actions of Donald Trump who is a... https://t.co/LKMsGfcKUU,1
"RT @songbirdcd: Judge Who Blocked Trumps Order Once Proclaimed Black Lives Matter In Court

https://t.co/stMK9s6nfO",0
RT @CauseWereGuys: this guys trump impersonation is spot on ?  https://t.co/nIecTaMF4h,0
RT @JuddApatow: It says a lot that Trump wants to let Koch bros pollute more and lower their taxes and they still think he has got https://t.co/LryzwAxnlC,0
"RT @thehill: Michael Moore trolls Trump over tweet attacking judge: ""Thank you, So-Called President Trump!"" https://t.co/FcrKcAhtsn",0
RT @ToDropADime2: @realDonaldTrump Well known fact @oreillyfactor feeds #Trump the questions prior to interview. Their Pals for years https://t.co/ZHTCmMrqFe,1
"RT @altNOAA: President Trump called Mar-a-Lago the ""Winter White House"" &amp; then doubled the membership rate to $200,000/year. Ethics? #resist #impeachhim",1
"RT @christinawilkie: Trump Cabinet pick Elaine Chao was paid $10,000 per minute for a speech to onetime terrorist group the #MEK https://t.co/GDOsnU7xLH",0
trump has so many autistic supporters it's sad,0
"@AP @jongambrellAP ""Cult-like?"" In Trump admin. Hard to believe. No, not really.",0
"RT @PrisonPlanet: Turns out that you can't use Twitter to threaten Trump supporter's children, violence &amp; doxxing. This account final https://t.co/rgipGho3m9",0
"@Independent Trump is a demagogue.



#impeach",0
@seanuk Or Trump. ?,0
"RT @ezlusztig: 2. The Republican representative McClintock, to his credit, repeatedly threw Trump and the GOP under the bus at thi https://t.co/JhOe5QgnoQ",1
"<U+26A1><U+FE0F> President Trump's bid to reinstate travel ban rejected by court



https://t.co/3FOdvucl2Q",0
RT @orcastraw: Why the fuck does this girl talk like Donald trump https://t.co/F7zz3MQOBX,0
"RT @Lrihendry: Head Clown Chuck Schumer opposes 'pause' of #Syrianrefugeeprogram under #Trump but supports it under Obama!



HYPOC https://t.co/341xB1A7qP",0
RT @omghwddgthr: U.S. court refuses to immediately restore Trump travel ban https://t.co/YMrKNLUSSP,0
"RT @JohnCleese: The latest opposition to emerge in President Trump's 'War on Reality' ?



It's the so-called United States so-called Constitution.",0
RT @FLORANN2000: BIG NUMBER: Look How Many People Trump Is Targeting For Deportation https://t.co/uRkdqNYGNX,1
"RT @thatgayhipster: Trump's last 24 hours:

1 / Admits regs are about making his friends rich

2 / Attacks judicial independence

3 / Equates America w/ Putin",1
RT @immigrant4trump: NEW VIDEO: Senator Chuck Schumer in 2015 said a Refugee Pause May Be Necessary #Maga #trump https://t.co/vUQKo5sV76,1
"RT @mohammadshaikh_: ""US iTunes""Chart

Parlament &amp; Demo Of #Trump Oppose

#TMLtalk In Favor #Peace #Nation #Islam

Reality v/s #TVDWrapparty

Bruins Postive

#canWNT",1
Break a leg. Seriously #MAGA are you going to wear your Nazi outfit again? #Trump  https://t.co/LpNopzLs4H,0
RT @funder: #DworkinReport on #TrumpRussia ties tweeted in full from this string-Please #RT Everything #trumpleaks #theresistance #p2 #resist #trump #rt,0
RT @brendajoanneWY: @MandysLandBlog List of other businesses. Please don't RT. We don't want to disrupt Trump's wallet. https://t.co/1K63ZrqYwX,1
RT @KLewis44: OReilly told Trump that Putin is a killer. Trumps reply: You think our countrys so - The Washington Post https://t.co/VKKWcU5xD9,0
"@ColMorrisDavis @FoxNews @BarackObama Party nominee, Trump briefedRussian bombing civilians2prop upAssadIs this like Climate change? Crowd #",0
"RT @AltStateDpt: If Melania Trump stays at Trump Tower through a 4yr term, it will cost taxpayers approx. $1.4B. Is this what populist Trump voters wanted?",0
"Trump says walked away from the day-to-day of his empire, but records show how close he remains to it https://t.co/umHOCRsl7f surprised?",0
Kristen Stewart victim of 12 Trump tweets on 'Saturday Night Live' https://t.co/TXlhp4vnAZ,0
Uber CEO quits Trump advisory board amid criticism https://t.co/VqPyH4l3WD https://t.co/x9zlyavMDN : Charles Myr https://t.co/o9k2dNdwyz,0
RT @MIAMIforTRUMP: #TRUMP is protecting #LGBTQ cmty! BAN list of countries call 4 Mass Murder of Gays ?<U+FE0F><U+200D>?#Stonewallrally #STONEWALL https://t.co/qHged510gi,0
RT @SPIEGEL_English: Trump as Nero: Europe Must Defend Itself Against America's Dangerous President https://t.co/c20DhUgiQF https://t.co/8h8Wz3LAQ8,0
"RT @nytimes: Trump says he has walked away from the day-to-day of his empire, but records show how close he remains to it https://t.co/oYuvMupTxK",0
RT @Impeach_D_Trump: American's Have a New Way to Salute Donald Trump https://t.co/mCnI5KY48x,1
RT @nytimes: The prospect of President Trump moving closer to Putin has scrambled Bulgaria's diplomatic strategy https://t.co/GM8hUv6Wjd,1
"Muslim+Jewish Both are smiling sitting on their fathers shoulders, holding signs in protest of Donald Trump https://t.co/61sDKl64NW",1
RT @DoxitheDutchman: @RoyCalbeck Trump may drain the swamp but it'll never look as beautiful as when the Dutch did it https://t.co/DGArh2c6UP,1
Uber CEO quits Trump advisory board amid criticism https://t.co/VqPyH4l3WD https://t.co/x9zlyavMDN : Charles Myr https://t.co/DilXb5T9Ch,0
"Also, in HIS mind Trump sees himself as  brilliant, superior to everyone else. To challenge that self image is not tolerated. https://t.co/iE4gut9oTP",1
RT @TrollKejri: Order issued by @realDonaldTrump to ban Immigrants is unacceptable. I challenge Donald Trump to come on open platform &amp; debate with me,0
"RT @ColeLedford11: 9 people showed up for a pro-Trump rally today...



I'd say a few more than that showed up against him in NYC.



We o https://t.co/S4NMF0nQHd",0
RT @AP: BREAKING: Appeals court denies Trump administration request to immediately reinstate ban on travelers and refugees.,0
"RT @SteveComisar: If you oppose Donald Trump please RT.  @jack  @ladygaga  @KatyPerry

@Madonna  @AshleyJudd  @americaferr  @GloriaSteinem  #GetHimOut",1
"RT @paulkrugman: If Trump can call Robart a ""so-called"" judge, can we call him -- with infinitely better justification -- a ""so-called"" president?",1
SNL is like watching Baghdad Bob or Pravada. I guess Trump gets the same coverage. Oh thats right he disagress withSTATE NATIONAL LIBERATION https://t.co/XoMqrK5lEb,1
"RT @luisbotello41: my dad's friend owns a restaurant and he got this today in one of the receipts.

This is Trump's America, disgustin https://t.co/Mi2wRgVuMh",1
RT @EricAPosner: Neil Gorsuch must condemn Trump for so-called judge remark; his friends in the legal community must withhold their support until he does.,0
RT @riotwomennn: 7 federal judges have agreed that Trumps Muslim ban is illegal just like @SallyQYates told Trump. https://t.co/KPf6LfvTzD,0
"RT @JoyAnnReid: The Republicans won't rein In Trump, but the judiciary just might. https://t.co/C1VQDnYZAH",0
No big deal to this. He wasn't backing Trump or anything. Just observing that Trump has kept to his campaign promises. https://t.co/gGtoDr4GCD,1
"RT @wikileaks: Trump on US government last night: O'Reilly: ""Putin's a killer"" Trump: ""There are a lot of killers. You think our country is so innocent?""",0
"RT @Kasparov63: Disgusting. There is nothing Trump won't do to praise Putin, comparing the US to a dictator of 17 years who murders https://t.co/pCBJolVqPz",0
RT @amazinmikey: The rest of the world recognizes Donald Trump for the PSYCHOPATH that he is. https://t.co/ispgTtBUIg,0
RT @AllenWest: Anti-Trump protesters planning MASSIVE nationwide action to...https://t.co/6i9uSE9iEB https://t.co/l0dfj4B74e,0
@Budweiser no more bud for me. I stand with President TRUMP.#MAGA!,0
RT @artoopio: KRISTEN MOCKED DONALD TRUMP AND CAME OUT AS GAY IN SNL MONOLOGUE WHEN WILL YOUR FAVE https://t.co/1lj07smIld,0
"RT @ThePlumLineGS: Trump's ban is on hold.



Bigger story: This is first real test of whether our institutions can restrain Trump: https://t.co/tFUNJZHufG",0
RT @EricSpracklen: Who are Trump supporters? RETWEET if you agree! https://t.co/sKkEyWETVo,1
U.S. court turns down request to reinstate Trump's #travelban https://t.co/bloJNHOY7S https://t.co/a2Q2FnFJ2z,1
"RT @jeremyscahill: Takeaway from Trump is not that he is wrong about US engaging in mass killing. It is that he likes it and views it as acceptable, preferable",1
"RT @BillKristol: A successful 2018 Romney run for Senate would lay the groundwork for a possible primary challenge to Trump in 2020.

https://t.co/oMOIj3769b",1
RT @ABCWorldNews: Trump asks 'what do you think? Our country's so innocent?': https://t.co/1uCrAeS4iL https://t.co/EDXJQRTq4F,1
RT @aljwhite: Look forward to Trump having a shitfit over Kristen Stewart in a few hours https://t.co/PYy8tsM14y,1
RT @thehill: Trump's face found on 5K packs of Heroin during drug bust https://t.co/rBbT2mLqga https://t.co/1PTlFLZGZs,0
"RT @DLin71: OBAMA: America is imperfect

GOP: TREASON



TRUMP: America is like a murderous thug

GOP: Shield your eyes in the presence of this patriot",0
@NormEisen @washingtonpost Federal judge Vs. Trump travel ban https://t.co/RQpnpbOiTn,0
Over 700 Advocates Urge Trump to Nominate Ambassador-at-Large for Int'l Religious Freedom https://t.co/14BOXNkke1,1
"RT @AP: Trump Cabinet pick paid by 'cult-like' Iranian exile group, by @jongambrellAP  https://t.co/hhyDDtWjIz",0
"RT @PrisonPlanet: Turns out that you can't use Twitter to threaten Trump supporter's children, violence &amp; doxxing. This account final https://t.co/rgipGho3m9",0
"RT @KeithOlbermann: Trump is playing you like a two-dollar banjo. Your issues will get lip service, and your reputation will shrink. Sm https://t.co/HnXwfGIvNw",1
RT @deanbarker: Good morning. Today is the 17th day Mr. Trump violates the Constitution's Emoluments clause &amp; the 17th day Paul Rya https://t.co/O50Ix6fd4D,0
"RT @Tennessean: Sorry, Donald Trump, you're no Andrew Jackson https://t.co/4CxhypWmLG",0
RT @SADGllRL: THE BRITISH PARLIAMENT ROASTING DONALD TRUMP IS MY FAVORITE THING. https://t.co/4jF9Z6niXF,1
RT @DullRussell: Anyone who's attending the Super Bowl game when Lady Gaga takes the stage stand up and yell Trump Trump Trump every https://t.co/bk9w5l1BfK,1
Trump's advisors: condemn his Muslim ban now. This is immoral. https://t.co/rUk7d0A3ep,0
RT @FoxNews: Appeals court denies Trump request to immediately reinstate travel ban  https://t.co/kMWsnbmc77 https://t.co/AgE1qbcSL2,0
RT @GingerSlim: Strong anti-Trump anthem from @cryp_uno &amp; @alaska_ATOMS - 'Orange is the New Wack': https://t.co/kZd1rNGx1q,1
"RT @wear4u: Federal Judge Robart further dismantles Donald Trumps Muslim ban, and Trump goes berserk over it: https://t.co/ZrEiqp4X3e",0
"RT @Allison59798116: Trump repeats respect for 'killer' Putin: 'Do you think our country's so innocent?'



https://t.co/5vagYh72MS",1
RT @LilBwmaloney: @KeithOlbermann We will never except a Trump hateful America. So proud of NY! Well done,1
"RT @BillyBlueEye: SNL's Alec Baldwin taunts Trump again, but Melissa McCarthy steals the show playing Sean Spicer https://t.co/ucNxctj9GU",0
"RT @AP: Trump Cabinet pick paid by 'cult-like' Iranian exile group, by @jongambrellAP  https://t.co/hhyDDtWjIz",0
RT @SuckMeter: I thought Baldwin doing Trump was the best thing SNL has done in a long time. This beat that by a mile. https://t.co/yO8YTY91BG,1
RT @thehill: Trump's face found on 5K packs of Heroin during drug bust https://t.co/HyK3anm7pc https://t.co/YEYCnsG7Jr,0
"RT @markmobility: Monthly cost of:

Guarding Trump Tower: $30 million

Section 8 for all 15,856 homeless NYC families: $28 million",0
RT @SheWhoVotes: Here's a little inspiration on how we can support @Nordstrom's decision to dump Trump from a #GrabYourWallet partic https://t.co/ShAcj6Ntq9,1
"RT @AltStateDpt: If Melania Trump stays at Trump Tower through a 4yr term, it will cost taxpayers approx. $1.4B. Is this what populist Trump voters wanted?",0
RT @The_Big_Quiet: Fear of Obama drove up sales of guns. Fear of Trump is driving up sales of books.,0
OReilly told Trump that Putin is a killer. Trumps reply: You think our country is so innocent? https://t.co/6SDt3epTvd,0
"RT @brianstelter: &gt; @EdAtPost on Inside Politics: Trump ""continues to use the word 'illegals.' It is about as offensive as it gets""  https://t.co/BfmxwEgG9Q",0
RT @wolfvillage1984: @thehill Michael Moore live out of reality. Somebody needs to tell him that Donald Trump won election more than 2 months ago.,1
RT @Independent: Michael Moore had the perfect response to Trump's attack on the judge who blocked his Muslim ban https://t.co/kx5kGwzdBz,0
Trump Accuses Australia Of Trying To Send U.S. The 'Next Boston Bombers':... https://t.co/lhahlkQPWD by #hillcreststjohn via @c0nvey,0
UK PM Theresa May     I m Not Afraid to Speak Frankly  to Trump https://t.co/7HxKRm6gMj via @YouTube,0
RT @KeithOlbermann: The Deputy Editorial Page editor of The Wall Street Journal and I agree on the only word that fits @realDonaldTrump https://t.co/F7Z3LA6Om7,1
"RT @ThePlumLineGS: Trump's ban is on hold.



Bigger story: This is first real test of whether our institutions can restrain Trump: https://t.co/tFUNJZHufG",0
RT @cenkuygur: Elizabeth Warren gives progressives in Congress a rousing call to arms against Trump https://t.co/8WGLQAYEqa # via @HuffPostPol,0
"RT @MrsStinkFingers: Love this!

Trump doesn't like checks &amp; balances!



#MuslimBan

#NoBanNoWall



Photo credit @PollyTickel https://t.co/Cd5bkfShye",1
"RT @ShaunKing: Wow.



The Department of Homeland Security just announced it is suspending the implementation of Trump's bigoted tra https://t.co/OCzRhlH7WD",0
RT @HigherEdNotDebt: Trump nominee Betsy DeVos is anti-public education and is trying to buy her confirmation. Call @JeffFlake and tell https://t.co/fAZLFirKsu,0
Who's a narcissistic buffoon with a Napoleon Complex?  Donald J. #Trump!,0
"RT @redsteeze: ""Trump attacking that judge undermines entire republic"" - people who spent last week saying Gorsuch is a stolen illegitimate seat.",0
"RT @os4185: A Berkeley rioter, he beat Trump supporters and bragged about it, which led to his identity. Guess who he works for? https://t.co/TwgEUfL2tJ",1
"RT @MMFlint: Thank you, So-Called President Trump! I've been struggling for 2 weeks over what to call you, and your tweet here g https://t.co/ZLpZLlnHV8",0
I hope Trump lobs a few of the long range missiles directly at Qom and eliminates the evil regime at its epicenter. https://t.co/uD0kXLLvD1,0
"RT @AP: Trump Cabinet pick paid by 'cult-like' Iranian exile group, by @jongambrellAP  https://t.co/hhyDDtWjIz",0
"RT @donnabrazile: To commemorate Black History Month, Trump administration decrees that white supremacists cant be terrorists https://t.co/X2sS98q9Ao",1
"RT @donnabrazile: To commemorate Black History Month, Trump administration decrees that white supremacists cant be terrorists https://t.co/X2sS98q9Ao",1
"RT @NickC46: Judicial system - 1

Trump - 0",0
RT @mcspocky: Congressman Takes Trump To Task On House Floor - Threatens To Impeach (VIDEO) https://t.co/FzpJBBUZdd https://t.co/f9M5drF9qs,0
RT @scarylawyerguy: Former COO of Goldman standing over Trump's left shoulder as he signed EO weakening Dodd-Frank is about as big a fu https://t.co/HeETmj0F06,0
RT @DabAggin: Shoutout to all the Trump fans who are never sure when it's *you're* vs. *your* but who are now suddenly constitutional law scholars.,1
"RT @AJemaineClement: Hitler - failed painter

Trump - cancelled tv host

Bannon - failed documentary maker

Conway - failed stand-up



Support the arts and media",0
"RT @VoteTrumpPics: Trump Twitter Rally?



RT? and show your support for DJT this Sunday, Feb 5th during Super Bowl Half Time Show at https://t.co/okPb11YbQw",1
"@Trump_Regrets =feed that RTs Trump voters w buyer's remorse. Not sure I can ever understand someone who did that, but it's educational.",0
"Never want to eat pizza again, thinking of the children in PizzaGate. Hope President Trump locks them up!",1
"Please don't forget to ask any trump supporter you know ""how did Trump make your life better today""  EVERY GODDAMNED DAY",1
"RT @RT_com: 'Unprecedented: Trump opponents seek to divide US' - Gregory Copley, editor of Defense &amp; Foreign Affairs https://t.co/mGuVlFxEAw",0
"#Trump pushing to end #sequestration program that #froze #Pentagon spending for ten years

   https://t.co/Qg9dC33ipf.",0
RT @Trumpnado2016: Trump has scooped up a lot of dirty money &amp; Deutsche Banks ties to Russia &amp; Trump mortgages raise a LOT of question https://t.co/wTVNohUbik,1
RT @LibyaLiberty: This is what I mean about the American people sending a message louder than Trump: https://t.co/8WXVFhZSfk,0
RT @bodysculptorokc: I just heard we gon pay a billion to keep Melania in Trump Towers. I thought Federal Funding for Retirement homes for escorts was illegal.,0
The company making lots of money out of the chaos Trump's tweets cause in the corporate world https://t.co/lkYO4t27Lm https://t.co/dn6fDibKW3,0
RT @ABC: UPDATE: Neiman Marcus joins Nordstrom in no longer selling Ivanka Trump-branded merchandise https://t.co/l7LVNpxtYe https://t.co/zPSCdFufbr,0
Trump is not used to being told No..the realities of democratic checks and balances to his power will drive him mad https://t.co/BYPagyoArT,0
RT @matthewjbell: Not just 'bad hombres': Trump is targeting up to 8 million people for deportation https://t.co/ruj4zNVpf3,0
RT @moorehn: New lawsuit to be filed Monday asking for release of Trumps tax returns. https://t.co/jk8xES20AY,0
RT @Lawrence: Translation: @nytimes penetrates the lies about Trump business on front page today. https://t.co/hexJwLWPsP,0
"God loses verification on Facebook, blames Trump https://t.co/kEJMpdgbIq #socmed",0
RT @carlreiner: Will root for Atlanta because sis-in-law lives there &amp; will root against the Patriots because Trump &amp; his gang are non-patriotic citizens.,0
RT @StarTribune: Court early today denies Trump request to immediately restore travel ban https://t.co/vuzO1lpDKR https://t.co/ULaiBj4Gc6,0
"RT @wikileaks: Trump on US government last night: O'Reilly: ""Putin's a killer"" Trump: ""There are a lot of killers. You think our country is so innocent?""",0
"RT @thehill: Vicente Fox to Trump: ""Quit twitter, start being presidential"" https://t.co/i0uxpVbxRl https://t.co/khCekMZCQD",0
RT @starfirst: Via @NPR: Ethics Lawyers Call Trump's Business Conflicts 'Nakedly Unconstitutional' https://t.co/72wMFq4Iic,0
RT @BarinM: Good morning. This cartoon is brilliant: #statueofliberty #justice #Trump #checksandbalances https://t.co/qUCx2zaOWS,1
"@BluDrone @Normsmusic it's all about trump winning, he's blinded by his own super ego, he's freaking out about his ban lifted he will react.",0
Donald Trump is using Barack Obama as a security blanket @CNNPolitics https://t.co/i86utbc0fv,0
RT @renoomokri: Some Nigerians are funny. Supporting anti Trump protest that doesn't concern them and against @official2baba's protest that concerns them!,0
"RT @nytimes: S.N.L. Goes After Trump Again, With Melissa McCarthy as Sean Spicer https://t.co/VOLvsHIWgn",0
"RT @donnabrazile: To commemorate Black History Month, Trump administration decrees that white supremacists cant be terrorists https://t.co/X2sS98q9Ao",1
RT @yashar: In honor of Kristen Stewart hosting SNL - here are the 8 tweets President Trump posted about her in the past. https://t.co/0m24xxhGSg,1
"RT @EuIsraelEnglish: Outrage at Trump's 'Muslim ban' yet silence over the Middle Eastern 'ban on Jews'

https://t.co/nN1whgThoi

#Israel https://t.co/o4Qhae5HeQ",0
RT @mradamtaylor: Some people seem to think this picture of Sweden's deputy leader is trolling Trump https://t.co/Uirj8UmMxD https://t.co/zaNORQG2Bu,1
#NYTimes reports trust records show #Trump still has close ties with businesses,1
RT @DabAggin: Shoutout to all the Trump fans who are never sure when it's *you're* vs. *your* but who are now suddenly constitutional law scholars.,1
RT @DullRussell: Anyone who's attending the Super Bowl game when Lady Gaga takes the stage stand up and yell Trump Trump Trump every https://t.co/bk9w5l1BfK,1
RT @Impeach_D_Trump: What could Possibly Go Wrong By Electing Donald Trump?? https://t.co/9qR6CTWYqm,0
"RT @DLin71: OBAMA: America is imperfect

GOP: TREASON



TRUMP: America is like a murderous thug

GOP: Shield your eyes in the presence of this patriot",0
"RT @Trumpnado2016: Trump specifically targeted voters who follow Fox News blindly &amp; don't read news articles or books critical of Trump.

It's a cult.

@jmd3kids",0
"RT @RyanLizza: In 1 tweet Trump contradicts his spokesman, shows lack of basic knowledge about our constitutional structure, and m https://t.co/EcKHPefAYY",1
President Trump Vows to do this for Pastors https://t.co/q9WwHwftPM https://t.co/RjohGeQZH0,1
RT @vivelafra: Murder by Islam: 3 Stories.  #BanSharia #Trump https://t.co/nz9jbUS5uh,0
"@SeverEnergia @adornofthagn I dunno, Tranny Red Terror seems like an un-workable idea, and if they take down Trump they get Pence",0
RT @PatriotGeorgia: Leaked: Trumps Next Executive Order  Eliminate the Welfare Magnet Driving Illegal Immigration  https://t.co/S9NGinueO3,0
"RT @AP: Trump Cabinet pick paid by 'cult-like' Iranian exile group, by @jongambrellAP  https://t.co/hhyDDtWjIz",0
"RT @JBHTD: LOL... Teacher has class make Anti-Trump posters for her Westminster march.... heard it all now, should be sacked, disgraceful",0
RT @AP: BREAKING: Appeals court denies Trump administration request to immediately reinstate ban on travelers and refugees.,0
President Donald Trump's Approval Rating Historically Low | https://t.co/gxCzhSX9OV https://t.co/lvsmJ0wVVk,1
RT @aldotcom: Pastor trolls Trump supporters with church sign https://t.co/d2r5Z6WxVg #alpolitics https://t.co/kapuXQaEqC,0
RT @hanlon_chris: 2/3 of Trumps Wives were immigrants. https://t.co/cbHaaRkzCP,0
Not just 'bad hombres': Trump is targeting up to 8 million people for deportation https://t.co/0ZnGssqfRN,0
RT @Reuters: Appeals court refuses to immediately restore Trump travel ban https://t.co/AL3FfIJxU2 https://t.co/zsqCtMLay7,0
RT @NewssTrump: POLL: Would You Support Trump Closing Mosques With Terrorist Ties? https://t.co/MZ0J7y1YM6 https://t.co/EPCu1You6G,0
"RT @blackcloud15253: @TorontoStar Power to the people, Fuck Trump. #justice",0
Sounds pretty simple to me. Thank God for Donald Trump! https://t.co/ez5XZmGgsL,1
"RT @nytimes: Trump says he has walked away from the day-to-day of his empire, but records show how close he remains to it https://t.co/oYuvMupTxK",0
Nearly 20m non Muslim Americans did not agree with Trump #MuslimBan,1
"RT @NumbersMuncher: Since we're seeing those ""here's all the things Trump has done THIS WEEK"" tweets, here's a partial list of media's https://t.co/4HGqDLUDVh",0
"RT @SenSanders: Trump has to learn the very important truth stated by Washington AG Bob Ferguson: ""No one is above the law, not eve https://t.co/XvSnHY2N9g",1
RT @ABC: Judge who blocked Pres. Trump's immigration order was praised during confirmation hearing for representing refugees https://t.co/uAvaiPjFzb,0
"RT @LeeCamp: TONIGHT's NEW #RedactedTonight!! Secret Truth About #MuslimBan, Goldman Sachs Takes Over For Trump, Dems Impotent  https://t.co/s3fRzdc9Bb",1
"RT @latimes: South of the border, Mexicans are puzzled by Trump's relentless and pointless antagonism https://t.co/MkWOpg63zB https://t.co/iDrvTAn1Rn",0
"RT @1alexcam: THIS DESERVES ENDLESS RTs:

#MelissaMcCarthy as #SeanSpicer on #saturdaynightlive is EPIC?

https://t.co/nYVrATZ3i9

#SNL #Trump #DonaldTrump",1
RT @Trumpnado2016: Trump has scooped up a lot of dirty money &amp; Deutsche Banks ties to Russia &amp; Trump mortgages raise a LOT of question https://t.co/wTVNohUbik,1
RT @RealGDT: Donald Trumps Refugee Ban Has Attorney General Nominee Jeff Sessionss Fingerprints All Over It https://t.co/4Az2b2QNTA via @thedailybeast,0
"RT @PrisonPlanet: Turns out that you can't use Twitter to threaten Trump supporter's children, violence &amp; doxxing. This account final https://t.co/rgipGho3m9",0
"RT @DLin71: OBAMA: America is imperfect

GOP: TREASON



TRUMP: America is like a murderous thug

GOP: Shield your eyes in the presence of this patriot",0
"RT @TheMarkRomano: Thanks, George W. Bush:



Your judges have upheld Obamacare and halted President Trump's travel ban.



I wonder how t https://t.co/MrEgVJLiwx",1
RT @France4Hillary: BREAKING: A federal appeals court early Sunday rejected a request by the Justice Department to restore Trumps #MuslimBan! Another defeat!,0
Trump Defends 'Killer' Putin: U.S. Has A Lot Of Killers' Too https://t.co/V1pks4ZNkI,0
Notorious BLM activist judge halts Trump travel ban nationwide https://t.co/2qwLVbXwsJ via @pamelageller,0
"RT @ANOMALY1: Navy SEAL convoy flew a Trump flag proudly ! We Love Our Military Men &amp; Women,Vets!????#AmericaFirst #FREEDOM https://t.co/GOssPrORX7",1
RT @CNN: Jon Stewart has a couple of predictions for President Trump's next executive order https://t.co/i0eJTcZLu3 https://t.co/iVaWFNkGIv,0
RT @wolveIa: this how trump decided his entire campaign https://t.co/SfcaZgxCaZ,0
"RT @GeorgeTakei: Fox's O'Reilly said to Trump, ""Putin's a killer."" Trump shrugged saying, ""You think our country is so innocent?"" Don't drink the tea, folks.",0
RT @theonlyadult: It's Trump's America Va. America. Pick a side. https://t.co/RKl63B8EId,0
"RT @TheMarkRomano: See how the courts work...



When Obama issues a travel ban, it is perfectly fine.



When Trump does the exact same thing, it is illegal.",0
"RT @funder: .Exhibit 1:249 businesses in Russia w/#Trump in the name



#DworkinReport #TrumpLeaks #TrumpRussia #resist https://t.co/8iM8MM8sAT",0
"RT @anneapplebaum: Macron has 78 days to hold out against Trump/Putin trolls, Assange and Wikileaks, and combined forces of the Fascis https://t.co/XeJoDZHNj2",0
RT @bombsfall: Trump is gonna be our first president to die of being mad online.,0
"RT @biffrendar: Trump: Mexicans Swarming Across Border, Enrolling in Law School, and Becoming Biased Judges https://t.co/Yxdt5TF61g via @BorowitzReport",0
RT @LisaBloom: Trump loses in court again and again and again and again.  https://t.co/CGbmGhmBol,0
"RT @ddale8: Obscure websites published a fake story that Kuwait was copying Trump's ban. The president Facebooked it, got 67,00 https://t.co/JXXgrVQAOL",0
RT @BBCBreaking: US appeals court rejects Trump administration request to immediately reinstate travel ban https://t.co/nDvCfpmAFK,0
RT @DabAggin: Shoutout to all the Trump fans who are never sure when it's *you're* vs. *your* but who are now suddenly constitutional law scholars.,1
RT @CNNPolitics: An avalanche of phone calls is thundering across Capitol Hill as the Senate considers Donald Trump's nominations https://t.co/N7gtyLaNOe,0
"RT @LindaSuhler: You #FakeNewsMedia scum who mocked how we fought for candidate Trump are gonna LOVE how hard we'll fight for #PresidentTrump.

Buckle up.",0
"RT @Impeach_D_Trump: The So-called President Donald Trump is surprised to learn that judges do more than just bankruptcies &amp; divorces.



My So-Called President",1
"RT @realjack_bailey: The 9th Cir Appeals Court is liberal, but Trump should win the #travelban appeal. The ban is lawful



#SundayMorning https://t.co/W5QREUas3d",1
RT @EricAPosner: Neil Gorsuch must condemn Trump for so-called judge remark; his friends in the legal community must withhold their support until he does.,0
stop normalizing trump. DEMAND a SANE COHERENT INTELLIGENT PRESIDENT https://t.co/3tv86ovDt3,1
RT @MWAgain: Lockheed: Trump's Personal Involvement Cut F-35 Costs; Taxpayers Save $728M https://t.co/dGXnOunR34,1
"@WillHillHelp #yourodds #SB51 Tom Brady not to be MVP and Donald Trump to call decision ""dumb"", ""stupid"" or ""wrong"" on twitter.",0
"RT @RadioFreeTom: My piece in today's @washingtonpost |

Chill, America. Not every Trump outrage is outrageous. https://t.co/QWCrffAvwV",0
Are you kidding me?? Trumps pick is a defender of puppy mills https://t.co/B6qNzWZUDN via @Mic,1
RT @wetumpkatea: Massachusetts College Will Award Full Scholarship to a Refugee in Response to Trump's Executive Order https://t.co/TZJhk2b8fq,1
"RT @ChristiChat: Best vote I ever cast!

<U+2764> Trump



WATCH what @POTUS did in week two of his presidency to #MAGA

#AmericaFirst



https://t.co/4bzM3s8Tej",1
"RT @PrisonPlanet: Turns out that you can't use Twitter to threaten Trump supporter's children, violence &amp; doxxing. This account final https://t.co/rgipGho3m9",0
"RT @mashable: Alec Baldwin's Trump is back on 'SNL': 'Prepare to go to war'

https://t.co/tHS10xz46Y",0
BBC News - Trump defends Putin over Russia killings allegations https://t.co/gB6mxVjLaQ,0
"RT @jamiaw: 5 Things Donald Trump Attacked Hillary Clinton Over, But Is Currently Doing Himself https://t.co/hsHd0k5jFQ @voguemagazine",0
"RT @TomiLahren: If you hate Tom Brady and The Patriots because of the Trump connection, you might be one of those ""loving"" &amp; ""tolerant"" liberals.",1
RT @PARISDENNARD: Insightful read on what Pres. @realDonaldTrump has already done for #HBCUs in 1 mtg. cc @OMAROSA @LynnePatton #BHM https://t.co/ZBpXQQalct,1
"RT @PrisonPlanet: Turns out that you can't use Twitter to threaten Trump supporter's children, violence &amp; doxxing. This account final https://t.co/rgipGho3m9",0
"Pity that the same guys were offended by Trump calling Rosie O'Donnell a pig.

#PracticeWhatYouPreach

 #WhenTheyGoLowWeGoHigh

#DontBeHim https://t.co/COU8kyRpjz",0
"On point cryptic crossword clue from @TheWeek: ""ultimately sexist ass in America? (5)"" The answer, of course, is Trump ?",0
RT @Strictlybiz860: This is how #Trump supporters defend @realDonaldTrump from so called liberals on twitter... #Classy   ? https://t.co/S6eVYmmv3N,1
RT @thehill: Appeals court rejects Trump request to restore immigration ban https://t.co/Bk0LY3PFE6 https://t.co/HDwWrbnJj3,0
RT @CauseWereGuys: this guys trump impersonation is spot on ?  https://t.co/nIecTaMF4h,0
Alec Baldwin's Trump is back on 'SNL': 'Prepare to go to war' https://t.co/gD3LV0ZJKA,0
RT @Reuters: Kuwait denies it imposed travel ban praised by Trump https://t.co/mvuwFBjfx0 https://t.co/p2MgW0eRdH,0
RT @crampell: Is Trump right that banks cant lend?  Business loans made by banks as share of GDP at highest level in 50 yrs https://t.co/RjEK2GLTY8,1
RT @renoomokri: Buharists complaining of Trump yet he obeyed the court IMMEDIATELY and suspended the ban. When has President @MBuhari obeyed a court order?,0
RT @washingtonpost: Meet the Bush-appointed federal judge who halted Trump's executive order https://t.co/cGqiK2Ii4p,0
RT @ErickFernandez: I look forward to the Donald Trump tweet about this. #SNL https://t.co/xIMuxKMrxV,1
RT @yashar: In honor of Kristen Stewart hosting SNL - here are the 8 tweets President Trump posted about her in the past. https://t.co/0m24xxhGSg,1
HAHAHAHHAHAH ofc trump sings closer. Obama would never,0
RT @Reuters: BREAKING: Judge's block of Trump's travel ban harms the public by 'thwarting enforcement of executive order': Justice Dept. appeal filing,0
RT @ajJUSTaj: @jaketapper I think Trump just found out that Hillary and Obama started the Syrian civil war -1/2 million killed  CNN never questioned Obama,1
Alec Baldwin As Donald Trump Meets Up With Grim Steve Bannon in 'SNL' Cold Open https://t.co/860E4ejs0F,0
Trump should read the news on the the devastation drought in Kenya to see that climate change is real. People are dying!,0
Trump travel ban: Mike Pence defends president https://t.co/jPCTrahtMU by #BBCWorld via @c0nvey,0
"RT @os4185: A Berkeley rioter, he beat Trump supporters and bragged about it, which led to his identity. Guess who he works for? https://t.co/TwgEUfL2tJ",1
"RT @kristinrawls: There is nothing more disingenuous than the shock we're seeing in some corners of the left that Trump is, after all, gonna be a warmonger.",0
"RT @jaketapper: Trump defends Putin: ""You think our country's so innocent?"" https://t.co/nW65mtBp0C",1
RT @AdanNada6: Just a reminder that Trump has already cost taxpayers $14M in security for his NYC home. I never want to hear SHIT https://t.co/hZrPTCDHrP,0
"makes you begin to understand why we have Trump &amp; Brexit, too scary for words https://t.co/zaMCkQBTxw",0
"The hatred coming from the left is shocking.  If you do what I say I like you, if not I hate you. No wonder Trump support was so quiet.",0
RT @voguemagazine: Donald Trump is currently engaged in at least five of the same exact behaviors he had attacked Hillary Clinton over. https://t.co/cb3q5XUFE4,0
RT @Reuters: Kuwait denies it imposed travel ban praised by Trump https://t.co/mvuwFBjfx0 https://t.co/p2MgW0eRdH,0
"RT @katyscrush: New religion: the ""I'm soooo gay, dude"" by Kristen Stewart to Donald Trump",1
RT @thehill: Trump: 'We'll win' appeal of immigration ban https://t.co/x66AAtCdfu https://t.co/aVlYgkw1VA,1
"RT @Research_Voice: Could #Europe become a haven for US #scientists &amp; #scholars escaping the trump ""administration""? https://t.co/PXfhIYLG9h @ScienceMarchVie",1
"RT @queennn94: Kristen Stewart taking down Donald Trump and the homophobes at one go.



She has saved 2017. Play this at my funeral. https://t.co/ywlzO18FaT",0
RT @moorehn: New lawsuit to be filed Monday asking for release of Trumps tax returns. https://t.co/jk8xES20AY,0
"RT @GingerMcQueen: @EW Who cares? Casey Anthony was protesting Trump, so he must be doing something right. https://t.co/dpi7Oqqwhe",1
@scottmstringer ICYMI: Here's how grassroots voters feel about the IDC and their allies in the Trump Era: https://t.co/SZKnE3ojvr,1
"RT @Lrihendry: Dear Australia, we elected #Trump to keep the head choppers out of our country! We love you, NOT them! https://t.co/FkKkN9DCEu",1
RT @starfirst: Caroline Kennedy: Donald Trump's 'America first' approach is 'alarming' https://t.co/aKtWKTBor7 via @todayshow,0
RT @TorontoStar: Trumps request to restore travel ban rejected by U.S. appeals court https://t.co/lFXLtxiOcM https://t.co/ckDK29jidE,0
"RT @ebonstorm: At $400,000 a day, it'll cost the nation $548,000,000 to keep Melania Trump in New York City for four years. https://t.co/U7ImUMeTSQ",1
RT @PrinceSalad01: Absolutely disgusting. Trump refusing to answer questions because he's Mexican. I'm in shock. https://t.co/2PZkvesb3P,0
RT @ColinKahl: Trump doctrine taking shape: keep (non)killers out with an overreaching ban while working with killers abroad. https://t.co/fXzMyofNKX,0
RT @IranNewsNow: BREAKING:  Iran's Foreign Minister Javad Zarif tweets strong de-escalatory signal to Trump and entire US government: https://t.co/yYyMVlpcM3,0
RT @ABC: JUST IN: US Court of Appeals denies Dept. of Justice's emergency motion to lift Trump travel ban restraining order https://t.co/sodU7CjF4A,0
RT @JasonKander: Hard to tell whether @realdonaldtrump became president or the Trump Organization acquired the federal government. https://t.co/4KCzzOR0sX,1
"RT @LOLGOP: Mike Pence says this Supreme Count seat belongs to the ""American people"" -- 54% of whom voted against Donald Trump.",1
"RT @timkaine: President Trump rolls back Dodd-Frank and regulations protecting retirees. He's not draining the swamp, he's draining people's pockets!",1
@realDonaldTrump Trump wants to give your SSA and Medicare to Wall Street! Look what they did with the housing market. Scary!,0
"RT @brithume: This is a terrific piece by @RadioFreeTom --&gt; Chill, America. Not every Trump outrage is outrageous. https://t.co/3HnG2VLoIq",0
"What is ""trump""? https://t.co/kdeXRkWeWd",0
"RT @paulkrugman: If Trump can call Robart a ""so-called"" judge, can we call him -- with infinitely better justification -- a ""so-called"" president?",1
RT @jonsnowC4: Trump fails again in court; The Federal Appeals Court took very little time indeed to back the opinion of the origi https://t.co/Mjo1D3tg8Y,0
"RT @PrisonPlanet: By the end of Trump's first term, the word ""protester"" will be as discredited as the word ""feminist"". ?",0
WATCH BILL O'REILLY'S EXCLUSIVE INTERVIEW WITH PRESIDENT TRUMP BEFORE SUPER BOWL 51 AT 4 PM ET TODAY ON FOX SPORTS,1
"Trump at risk of 'letting down American workers,' says IEEE-USA #Itexecutive https://t.co/z50RTAuJUK",0
RT @JohnTDolan: Wouldn't it be GREAT if when Gaga starts into her ?? Anti Trump rhetoric the crowd drowns her out with Boooos.  ReT https://t.co/vdvKFgG8kx,0
RT @NBCNews: EXCLUSIVE: Emails show Trump was warned against staffing cabinet without ethics vetting https://t.co/PIxNMWkug3 https://t.co/SH4bS4pDK9,0
"RT @NastyWoman20: ""There's a 1 in 3.64 BILLION chance of you being killed by a refugee""



Trump supporters: https://t.co/qeaIG4ZWh2",0
RT @Impeach_D_Trump: The majority of Britain now says Trump's visit should be cancelled. (53%) is now larger than Brexit (51.9%) Referendum!,1
RT @theonlyadult: It's Trump's America Va. America. Pick a side. https://t.co/RKl63B8EId,0
"mashable : Alec Baldwin's Trump is back on 'SNL': 'Prepare to go to war'

 https://t.co/I2PrOi6oCA) https://t.co/NNrUz0sIv0",0
"RT @We_R_TheMedia: UK Muslims Protesting Trump's #TravelBan ?USA! YOU WILL PAY! CALIPHATE IS ON THE WAY!



THIS Is Why They Need 2B Kep https://t.co/VU26D5d50a",0
"RT @intifada: Gaza siege fence ""a key sales prop"" for Israeli firm that wants to build Trump's Mexico border wall https://t.co/JjwgOakvFq",0
RT @nycjayjay: The 9th Cir declined to immediately reinstate Trump's immigration ban. Bam! It has asked instead for plaintiffs to respond to the appeal.,0
"RT @peevee24: This is the picture of a murderer



POTUS should put American #PeopleFirst . Not trump. #DoomsdayClock is ticking https://t.co/NMdH7QBrPg",0
"RT @sjohoIt: rt for 2 boys kissing, like for donald trump https://t.co/2NqrgPkb86",1
RT @keithboykin: These are the (mostly white) women who voted for and still support Trump. There's no hope for reaching them. https://t.co/jE1FCwBk7r,1
RT @ABC: JUST IN: US Court of Appeals denies Dept. of Justice's emergency motion to lift Trump travel ban restraining order https://t.co/sodU7CjF4A,0
RT @BeautifulMaps: This Map might make you think twice about Trumps immigration ban https://t.co/sbufZWTf3v @buzzfeednews https://t.co/XshLqw1YTa,0
"RT @queennn94: Kristen Stewart taking down Donald Trump and the homophobes at one go.



She has saved 2017. Play this at my funeral. https://t.co/ywlzO18FaT",0
The New World Order is throwing a fit over EVERY decision Donald J. Trump makes and I LOVE IT!!  They're the... https://t.co/DdXv2vV7tK,1
RT @LawyerRogelio: Trump:My family has come a long way... this right here is a picture of my Granpa. https://t.co/J18A1aZ2As,1
RT @Naija_Erotica: Caitlyn Jenner supports Donald Trump https://t.co/2JzF0YvQee https://t.co/jMQIA23M4C,0
"RT @AJemaineClement: Hitler - failed painter

Trump - cancelled tv host

Bannon - failed documentary maker

Conway - failed stand-up



Support the arts and media",0
"RT @ophidianpilot: President Trump Speaks at 60th Annual Red Cross Gala 9pm ET

https://t.co/UF0jnJWyLd via @CDNnow https://t.co/YAHKhrtuy8",0
"RT @Green_Footballs: And like clockwork, here's @ggreenwald co-signing Trump's gross statement. https://t.co/LpCIL1NPdr",0
Trump Throws a Tantrum Against the Rule of Law After Smack Down By Judge https://t.co/YXt4NK7Jsj  @realDonaldTrump is mentally deranged.,0
"RT @20committee: Can't wait for the Trumpers to discover Tonkin Gulf '64 and the Phoenix Program. Consider Chomsky your Cliff Notes.



https://t.co/Ck9EtJdDkR",0
people: 'You can't even walk down stairs!' SNL rips into Trump and his relationship with Steve Bannon: https://t.co/7atN8hLCue,0
RT @FoxNews: Experts: Social media giants fight Trumps anti-terror plan while providing platform for terrorists https://t.co/skMzy0FcC9,1
Mr. Trumps Random Insult Diplomacy https://t.co/H2Vbmfsbqw,0
"RT @alaskantexanQCT: Lady Gaga who along with John Podesta does demonic ""Spirit Cooking"" is going to hate on Trump during SprBowl 1/2 ti https://t.co/3spXG2KOhm",0
"RT @queennn94: Kristen Stewart taking down Donald Trump and the homophobes at one go.



She has saved 2017. Play this at my funeral. https://t.co/ywlzO18FaT",0
"RT @joeydnewyork: #Trump, asked again about #Putin, suggests US isnt so Innocent'.  Said US: 'speak for yourself'",0
"RT @itvnews: Trump's request for travel ban to be immediately reinstated denied by US appeals court

https://t.co/lf70xXlNEH https://t.co/OIVMbbl0UI",0
Senior Labour female MPs will boycott if Donald Trump addresses Houses of Parliament - The Independent https://t.co/T4ZtWc8rM9 #WePostNews,0
RT @ABC: JUST IN: US Court of Appeals denies Dept. of Justice's emergency motion to lift Trump travel ban restraining order https://t.co/sodU7CjF4A,0
"RT @jlsinc: You could genuinely change ""Trump"" to ""Brexiteer"" in every single instance here. https://t.co/nHevNPcph9",1
"RT @NickKristof: My Sunday column: Post-Trump,  Canada may now be the country best reflecting the values of the Statue of Liberty https://t.co/GpOuenHUza",1
"RT @DanSlott: The appeals court rejected reinstating the Muslim travel ban.



SNL made fun of Trump again.



Which do U think he'll anger-tweet about first?",0
"RT @LouiseMensch: This week Vladimir Putin murdered a journalist by poisoning him.

Donald Trump shrugs 'What, you think our country' https://t.co/z4hkn4ZzUf",0
Reuters: Kuwait denies it imposed travel ban praised by Trump https://t.co/YdQAAKzgh4 https://t.co/nH2TXQSrwE,0
"RT @BraddJaffy: Trump stands by his false, evidence-free claim that millions voted illegally; tells O'Reilly many people have come https://t.co/raisxk4uLy",0
RT @Reuters: BREAKING: Judge's block of Trump's travel ban harms the public by 'thwarting enforcement of executive order': Justice Dept. appeal filing,0
RT @KiL0D3LTa: White House reveals Trump was not in the Situation Room during his disastrous first military raid. https://t.co/qNpoPeKuK7,0
RT @risetoflyy: Secret Service Is Doing Nothing About Threats on Trump's Life https://t.co/MiMhEkIvsR,0
"RT @LivingBlueinRed: The 14 million spent protecting Melania Trump for the last 2 weeks would have provided food stamps for 110,000 people this month.",1
RT @jonfavs: Seems like Trump might get pretty annoyed with all this #PresidentBannon stuff https://t.co/7ah65EaEzq,1
the awkward moment when trump prefers to cut his 11 y/o son out of the picture so he can fit himself lel what a keeper https://t.co/HfLSOEm1c0,0
"RT @markmobility: Monthly cost of:

Guarding Trump Tower: $30 million

Section 8 for all 15,856 homeless NYC families: $28 million",0
RT @BBCBreaking: US appeals court rejects Trump administration request to immediately reinstate travel ban https://t.co/nDvCfpmAFK,0
We have Trump as POTUS bc we wanted change to save USA. The Liberals have SNL-enjoy.  The loving left.  When they low we go high.?#Trump45,1
RT @people: 'You can't even walk down stairs!' SNL rips into Trump and his relationship with Steve Bannon: https://t.co/nbFAUSuCcR,0
RT @ABC: JUST IN: US Court of Appeals denies Dept. of Justice's emergency motion to lift Trump travel ban restraining order https://t.co/sodU7CjF4A,0
5 ways Melania can save Donald Trump https://t.co/WAbi0z3HZ2 via @POLITICOMag https://t.co/TYGKmLS768,1
"RT @nichtschubsen: What are Dems going to do if Trump is declared mentally sane? A sane racist with real hair  yup, really nothing left to criticize here.",0
"RT @ScottErnst0331: Let's get #TurnOffLadyGaga trending!

#Trump #MAGA #GOP #WINNING

#Superbowl https://t.co/kFzcqXNcAo",1
RT @LBC: Is your child being brainwashed by liberal teachers about Trump? #KatieOnLBC https://t.co/XgOqI5tnTR,1
"RT @DevlinBarrett: Why are reporters writing ""Trump lawyers"" when it's DoJ - press didn't do that for other admins - it blurs very line people claim important",0
RT @LibyaLiberty: This is what I mean about the American people sending a message louder than Trump: https://t.co/8WXVFhZSfk,0
RT @VictoryFund: @aishamoodmills about to give her thoughts on Trump &amp; Black History Month on @MSNBC. Tune in now! #BHM,0
RT @ProgressOutlook: Trump will build his bigoted and idiotic wall by making you pay more at the grocery store. #DonTheCon,0
RT @theonlyadult: It's Trump's America Va. America. Pick a side. https://t.co/RKl63B8EId,0
"RT @Slate: Asked About Putin being a killer, Trump says you think our countrys so innocent?"" https://t.co/ucypd8zpxJ https://t.co/WFIxJsXete",0
RT @mysteriousrook: Trump's comments comparing us to Russia are outrageous and unacceptable. #resist https://t.co/4qB35BsVkI,0
RT @DonaldJTrumpJr: Young people across the country are rising up voting for Trump. Young democrats have been amazing! Thank you for yo https://t.co/vOHghl0XKa,1
RT @SmoMck: @vjohnl1 @Evan_Rosenfeld @realDonaldTrump nothing confusing about it. Putin's hand is so far up trump's ass he's pulling his vocal chords.,0
"@RickShadyac @EricTrump @StJude .

.

.

Trump Baseball Camp



""BIG LEAGUE""



https://t.co/0HEpkUPuNd

.

.

.

.",1
"'Humility is the greatest of virtues, and if you can't learn it, God will teach it to you by humiliation' Frances Perkins. #TrumpBan #Trump",1
"RT @NickKristof: My Sunday column: Post-Trump,  Canada may now be the country best reflecting the values of the Statue of Liberty https://t.co/GpOuenHUza",1
Lord Dampnut is an anagram of Donald Trump and tbh I wont call him anything else.,0
RT @fdell3: Pay to play is rampant in Trump Admin. They're not even trying to hide it. #TaketheDeVosPledge #DumpDevos https://t.co/zY41NfEOQY,0
"RT @immigrant4trump: Hey Liberals look in the mirror, you are guaranteeing GOP rule for the next 8 years #Maga #Trump https://t.co/yVoxpcwQ3K",0
RT @yashar: In honor of Kristen Stewart hosting SNL - here are the 8 tweets President Trump posted about her in the past. https://t.co/0m24xxhGSg,1
"RT @funder: O'Reilly: Putins a killer.



Trump:""weve got a lot of killersWhat do you thinkour countrys so innocent? https://t.co/zqb1udGtdm",0
@SenTedCruz    Trump is still keeping Obama's people on staff...FIRE THEM !,0
"RT @USAneedsTRUMP: Everybody in the crowd stand up and shout TRUMP TRUMP TRUMP TRUMP TRUMP TRUMP TRUMP TRUMP!!!!!!!

#SuperBowl https://t.co/fL2gVybyZW",0
RT @StarTribune: Court early today denies Trump request to immediately restore travel ban https://t.co/vuzO1lpDKR https://t.co/ULaiBj4Gc6,0
RT @Reuters: Kuwait denies it imposed travel ban praised by Trump https://t.co/mvuwFBjfx0 https://t.co/p2MgW0eRdH,0
"RT @brithume: This is a terrific piece by @RadioFreeTom --&gt; Chill, America. Not every Trump outrage is outrageous. https://t.co/3HnG2VLoIq",0
"Trump rips federal judge in tweet

https://t.co/K68quXLeGW",0
"RT @funder: RT if Trump should be impeached



This document is all the evidence anyone needs



#dworkinreport #trumprussia #resist https://t.co/jl2lGDCA3m",0
The Latest: Travelers under Trump ban head to US via Beirut #Honolulu https://t.co/6uxX8EzYvE,0
@pepsi @ladygaga Hoping that Lady Gaga takes a moment to take a stand against Trump during show.,1
Trump requested his advisors to get him a book about fraud yesterday.This is what they returned with (two tossers in a pic) #cpfc https://t.co/TH6z2GVYdF,0
"RT @funder: .Exhibit 2:Article cites Trump was in Russia for biz in 87



#DworkinReport #resistance #TrumpRussia #resist https://t.co/8pV3HG0x6Y",0
RT @AGOWA: Trump Administration's request for immediate administrative stay DENIED. https://t.co/R3tTRPyv3U,0
"RT @immigrant4trump: Hey Liberals look in the mirror, you are guaranteeing GOP rule for the next 8 years #Maga #Trump https://t.co/yVoxpcwQ3K",0
"RT @AJemaineClement: Hitler - failed painter

Trump - cancelled tv host

Bannon - failed documentary maker

Conway - failed stand-up



Support the arts and media",0
THREAD TRUMP SCHOCKS PART 3,0
"RT @hrkbenowen: Rasmussen: 82 Percent of Republicans, 54 Percent of Independents Back Trump's Refugee Moratorium - Breitbart https://t.co/YgC2FAqwBk",0
"RT @markmobility: Monthly cost of:

Guarding Trump Tower: $30 million

Section 8 for all 15,856 homeless NYC families: $28 million",0
@JoyAnnReid Guess Trump's contribution to Black History Month is to deport all the Black folk from Chicago #AMJ,1
RT @titodinzey: Donald Trump defends Vladimir Putin for murdering people in demented Super Bowl interview https://t.co/AkNxuN4cHo via @PalmerReport,0
"RT @MaggieJordanACN: Trump Administration's request for immediate administrative stay DENIED.

#MuslimBan https://t.co/UJvOh7CSkx",0
NFL Tom Brady eats organic clean foods &amp; superfoods to keep WINNING [SMART GUY!] https://t.co/13Q8M4FsIr #TrumpTrain #PresidentTrump #Trump,1
"https://t.co/9OkqUw4z4t With Executive Orders, Trump Embraces Time-Honored Power Move https://t.co/9OkqUw4z4t https://t.co/VVTVOoyzO8 https://t.co/3EBhNJJUr2",1
RT @davidfrum: And how does this not bleed back into the incentives to TV executives and hosts paid by revenues based on Trumps v https://t.co/zxUVf06GOE,0
RT @artoopio: KRISTEN MOCKED DONALD TRUMP AND CAME OUT AS GAY IN SNL MONOLOGUE WHEN WILL YOUR FAVE https://t.co/1lj07smIld,0
"RT @NPR: BREAKING: Appeals court denies Trump admin. request for stay of injunction on immigration order, meaning the Trump order remains suspended.",0
RT @guardian: Donald Trump repeats his respect for 'killer' Putin: 'Do you think our country's so innocent?' https://t.co/NXcoPF3daM,1
"RT @bobsacard: FLORIDA RESIDENTS, YOUR SENATOR IS  BLOCKING TRUMP NOMINEES- HE'S UP FOR RE-ELECTION IN 2018. CALL HIS OFFICE (202) https://t.co/hsRkq21AVF",0
@Reuters Trump haters give all possible hurdle but they don t know give him max hurdles u ll get maximum pain. Can t scare President of USA.,0
"""Trump's a bitch, I'll make his whole brand go under"" Eminem's verse is sensational on this

#NowPlaying No Favors b https://t.co/7qIJdmvZ9o",0
"RT @HuffingtonPost: Veterans vs. Trump: Pipeline will never be completed, warriors vow https://t.co/xhKOUxRmwt https://t.co/y2YZt6dRDK",1
"With Executive Orders, Trump Embraces Time-Honored Power Move - https://t.co/5wq7TdVGvk https://t.co/8AD0CtfnPT",1
"RT @donnabrazile: To commemorate Black History Month, Trump administration decrees that white supremacists cant be terrorists https://t.co/X2sS98q9Ao",1
RT @artoopio: KRISTEN MOCKED DONALD TRUMP AND CAME OUT AS GAY IN SNL MONOLOGUE WHEN WILL YOUR FAVE https://t.co/1lj07smIld,0
RT @ObsoleteDogma: Trump saying we're no better than Putin's Russia is a big test for conservatives. Pay attention to who denounces this &amp; who doesn't.,1
RT @EricAPosner: Neil Gorsuch must condemn Trump for so-called judge remark; his friends in the legal community must withhold their support until he does.,0
"RT @ebonstorm: At $400,000 a day, it'll cost the nation $548,000,000 to keep Melania Trump in New York City for four years. https://t.co/U7ImUMeTSQ",1
RT @adrianmillsarts: #AlecBaldwin's #Trump makes triumphant return to #SNL https://t.co/YbttYCpmOf,1
RT @Ayaan: Trump's immigration ban was clumsy but he's right about radical Islam: https://t.co/WHHZqYJkNu  @TheWorldPost @HuffingtonPost,0
"RT @JoyAnnReid: The Republicans won't rein In Trump, but the judiciary just might. https://t.co/C1VQDnYZAH",0
Trump Punts on Voter-Fraud Order - The Daily Beast https://t.co/yFrjYEr1u0,0
"RT @AltStateDpt: If Melania Trump stays at Trump Tower through a 4yr term, it will cost taxpayers approx. $1.4B. Is this what populist Trump voters wanted?",0
"US utilities seek sun as Trump sides with coal, fossil fuels https://t.co/2fcHf7AgYf #ap",1
"RT @ThomasBeautyy: ""Maybe trump won't be all that bad in a couple months!"" https://t.co/9EqrPjQHqV",0
RT @theonlyadult: It's Trump's America Va. America. Pick a side. https://t.co/RKl63B8EId,0
"RT @queennn94: Kristen Stewart taking down Donald Trump and the homophobes at one go.



She has saved 2017. Play this at my funeral. https://t.co/ywlzO18FaT",0
RT @deborahblum: So-Called Judge Criticized by Trump Is Known as a Mainstream Republican https://t.co/pziO5OFa7Q,0
"RT @markmobility: Monthly cost of:

Guarding Trump Tower: $30 million

Section 8 for all 15,856 homeless NYC families: $28 million",0
"RT @AmandiOnAir: To quote the late, great #KarenCarpenter, ""We've only just begun..."" #ResistTrump https://t.co/Of0REEx0mh",1
Trump Throws a Tantrum Against the Rule of Law After Smack Down By Judge via @politicususa https://t.co/8UwPAH21V9,0
Krugman: What Trump's Unhinged Phone Calls With Foreign Leaders Really Mean; But he adores Vladimir Putin. @alternet https://t.co/hi3Tsp5oax,0
RT @CNN: JUST IN: The Dept of Homeland Security says it has suspended all actions to implement Trump's immigration order. https://t.co/klZbQYjZaZ,0
"RT @timkaine: President Trump rolls back Dodd-Frank and regulations protecting retirees. He's not draining the swamp, he's draining people's pockets!",1
"RT @MikeHudema: An Iowa pipeline spilled 138,600 gallons a day after Trump's move to approve KXL &amp; DAPL pipelines. #NoKXL #NoDAPL https://t.co/N46Fiuv6Yp",1
RT @huffpostqueer: Massive crowds turn out as LGBTQ community protests Trump at New York's historic Stonewall Inn https://t.co/mplm1TvFRl,1
"Taxpayers shouldn't have to pay for asshole Trump's base electing a clear&amp;present danger, a sociopathic threat to this country either. . . https://t.co/xWmMYozf6A",0
"Trump, Asked Again About Putin, Suggests U.S. Isnt So Innocent https://t.co/Jw3ajut0Tg",1
President Donald Trump Warns Chicago Officials To Stop The Killing https://t.co/URoMmYHDgK https://t.co/eBTW1wiogf,0
"RT @GeorgeTakei: Fox's O'Reilly said to Trump, ""Putin's a killer."" Trump shrugged saying, ""You think our country is so innocent?"" Don't drink the tea, folks.",0
"RT @SumOfChoices: Left Goes After Trump Again But Most of America Waking Up To Democrats True Colors. Angry, Bitter, Violent, Hateful https://t.co/e5QJq1bQ8v",0
RT @cnnbrk: A federal appeals court denied the US government's initial request to resume President Donald Trump's travel ban. https://t.co/gB70irt1AX,0
"RT @SheepleAnalytic: 4 Year Natural Funding Gap:



Obama '08-'12: $2.7T

Obama '12-'16: $5.6T

Trump '16-'20:  $9.3T",1
"It's time to boycott twitter.

Take away Trump's voice.

Boycott begins April 1st.

Who's in?",0
RT @Israelifreedom: WATCH BILL O'REILLY'S EXCLUSIVE INTERVIEW WITH PRESIDENT TRUMP BEFORE SUPER BOWL 51 AT 4 PM ET TODAY ON FOX SPORTS,1
"RT @Newsweek: 'No to Trump:' Thousands protest the president in London, Australia https://t.co/8hP3kVTrgH https://t.co/3oEvitaKrw",0
"RT @TheSubwayWall: #GeorgeCarlin would be having so much fun these days. If #Trump hates #AlecBaldwin, he'd be sending hit squads afte https://t.co/6AGGTUGEyW",0
RT @AlfGarnettTil: Your clueless ponces are marching against Donny Trump yet again. But apparently have bugger all to say against chil https://t.co/pY0bIfaWFx,0
"RT @RyanLizza: Imagine if a federal judge called Trump the ""so-called president""? https://t.co/IWCJYZC0oZ",0
"What a plonker Romney is. More importantly, don't expect (supposedly sensible) Republicans to hold Trump to account https://t.co/uNTN3r0hgV",1
"SNL Highlights: Kristen Stewart's Sexy Totino's Ad, Trump Cold Open and More https://t.co/Vr3fkY2kEd",1
"Conservative radio host Charles Sykes is deeply profound: ""Why Nobody Cares the President Is Lying"" https://t.co/sXDncMwnph #Trump",1
"RT @thehill: WATCH: Trump and Bannon as Grim Reaper go to war with foreign leaders on SNL

https://t.co/Z7MeikBTzh https://t.co/vtCsLEMJ0h",0
"RT @JackDRunyan: Trump authorized a failed raid in the absence of sufficient intelligence and backup preparations, &amp; it deserves a n https://t.co/GTrjtomnXS",1
"(#DiiME) SNL Highlights: Kristen Stewart's Sexy Totino's Ad, Trump Cold Open and More https://t.co/yk4Sk33toS (#GORDiiTOO)",1
"RT @dailykos: Trump rolls over for Wall Street, giving Democrats the chance to ask how much he's helping himself https://t.co/qgLc6on8E8",1
RT @TRobinsonNewEra: Trump is no fascist. He is a champion for the forgotten millions | John Daniel Davidson https://t.co/AyND4l2zlH,0
RT @TrumpSuperPAC: President Trump's job is to protect we the people. The judiciary has no authority to stop the President's duty! We https://t.co/ousn1G7mXu,1
Hey Donald Trump Stuff thanks for the follow! We must do all we can to stop Soros and the establishment! follow me on gab.ai stopsorosnow.,1
"RT @AP: Trump Cabinet pick paid by 'cult-like' Iranian exile group, by @jongambrellAP  https://t.co/hhyDDtWjIz",0
RT @moorehn: New lawsuit to be filed Monday asking for release of Trumps tax returns. https://t.co/jk8xES20AY,0
"RT @DLin71: OBAMA: America is imperfect

GOP: TREASON



TRUMP: America is like a murderous thug

GOP: Shield your eyes in the presence of this patriot",0
RT @EricLiptonNYT: Covers of The Economist &amp; Der Spiegel. Opinion in Europe re Trump seems reasonably clear. https://t.co/5RIUC8JfrL,1
"RT @SiobhanFenton: London rally against Trump's Muslim travel ban - ""My name is Khan and I am not a terrorist"" https://t.co/VkgGuQseLe",0
RT @Peter_Wehner: If Obama/HRC slandered America like Trump does the right would go berserk. Yet because it's Trump many will go sotto voce. So revealing.,1
Bruce Bialosky - Lets Get Real About the Trump Travel Ban https://t.co/yNzDmRvVky,0
"RT @ddale8: Obscure websites published a fake story that Kuwait was copying Trump's ban. The president Facebooked it, got 67,00 https://t.co/JXXgrVQAOL",0
"#Trump #MAGA #GOP #WINNING

When we start shutting off welfare and deporting we will all fight them. https://t.co/hAyPVA5gEj",1
"SNL Highlights: Kristen Stewart's Sexy Totino's Ad, Trump Cold Open and More https://t.co/7fDoHDHYH5",1
RT @GaleTStrong: More #alternativefacts brought to you by the Trump team.... https://t.co/4TcVAojmvR,0
"RT @TheMarkRomano: President Trump is out front taking the arrows, while the pathetic Republicans in Congress cower in fear.



I'm looking at you @SpeakerRyan!!",0
RT @davidfrum: And how does this not bleed back into the incentives to TV executives and hosts paid by revenues based on Trumps v https://t.co/zxUVf06GOE,0
"""WASHINGTON - Is Donald Trump shutting Americans out of his presidency?



The White House comment line is shut... https://t.co/RdnCLl7Lnf",1
"RT @AltStateDpt: If Melania Trump stays at Trump Tower through a 4yr term, it will cost taxpayers approx. $1.4B. Is this what populist Trump voters wanted?",0
RT @starfirst: Trumps Nightmare: Women Opposing Him https://t.co/qPlyFUvdqP via @thecut,0
RT @nytimes: Stage is set for showdown over Trump's authority to tighten borders in the name of protecting U.S. from terrorism https://t.co/b945i9yjhb,1
RT @george_chen: Insane: The head of the Financial Crisis Inquiry Commission on Trumps plan to undo bank regulation https://t.co/OIDW26juqr,0
"RT @GeorgeTakei: Trump is dismantling Dodd-Frank, which regulated banks and Wall St. after the 2008 financial crisis. So...no oversight. What could go wrong?",0
"SNL Highlights: Kristen Stewart's Sexy Totino's Ad, Trump Cold Open and More https://t.co/MPwZrbX5IL",1
CBS Poll: Trump's #Job Approval Rating At 40% https://t.co/wRvEEZMztG,1
"SNL Highlights: Kristen Stewart's Sexy Totino's Ad, Trump Cold Open and More https://t.co/SqDWVrtGMs via @TVLine",1
"RT @jeremyscahill: Takeaway from Trump is not that he is wrong about US engaging in mass killing. It is that he likes it and views it as acceptable, preferable",1
"RT @ManfredWeber: Things are serious now. Without a strong joint position, Europe will only be a puppet in the hands of #Trump and https://t.co/vpRGZFzuFi",1
RT @Holbornlolz: Trump is no fascist. He is a champion for the forgotten millions | John Daniel Davidson https://t.co/a6MtbxSSVR,0
"RT @abctweet100: Trump's Executive Order Will Transfer Billions from Retirees to Wall Street-RIPPING OFF THE MOST VULNERABLE #USA

 https://t.co/L2EwxPF1F7?",0
"RT @RVAwonk: #BREAKING: Appeals court denies Trump admin's request to reinstate #MuslimBan. ie, Trump lost another court battle. https://t.co/VLcxFKEJ2V",0
RT @ARnews1936: Starbucks CEO Attacks Trump And Stocks Nosedive After Boycotts Ensue (TWEETS) https://t.co/3O7ViKJVD7 #arnews1936 #feedly,0
RT @w_fightback: Retweet if you want Congress to appoint a Special Prosecutor to investigate Trump's ties to Putin . https://t.co/AFKaViuoMG,1
"SNL Highlights: Kristen Stewart's Sexy Totino's Ad, Trump Cold Open and More https://t.co/GR14NVdWbl #TV #News",1
Being lightskin in 2017 is tough. Half of my fam voted for Trump and don't even like my black ass anymore smh ??? #fuckem,0
Trumps weekend at Mar-A-Lago will cost US taxpayer more than a Presidents yearly salary.,1
Fake news: Mainstream media already caught reporting 3 lies on President Trumps first day https://t.co/Uk5xhOohF8,0
"@AamirMusic yeah no. Nothing about it is good. Lol guess what, I'm @argotea just across street from Trump Tower. ? I work over here on Sun.",1
RT @chapmanchapman: The est. security cost for Melania living 200mi away from Trump is double the annual budget for the National Endowment for the Arts.,1
RT @USATODAY: Protests erupt globally over Trump actions for third Saturday in a row https://t.co/w1GJZtjjex,0
Visa holders rush to board flights to U.S. amid reprieve of Trump travel ban: Visa holders from seven countries https://t.co/yBg2gAh1oI,0
RT @Independent: Judge mocked by Donald Trump for lifting 'Muslim ban' has fostered numerous immigrant children https://t.co/CrWovINZdW,0
RT @AGOWA: Trump Administration's request for immediate administrative stay DENIED. https://t.co/R3tTRPyv3U,0
RT @scottishfirst: @AngrySalmond @CYBERSCOT Here's Trump with two Tits.  :-) https://t.co/PyYXScZuYW,0
"RT @DavidJo52951945: Before Merkel lectures Trump on walls she should look closer to home, Germans so scared they are building their own https://t.co/UdcUVLLoYv",0
"RT @jaketapper: Trump defends Putin: ""You think our country's so innocent?"" https://t.co/nW65mtBp0C",1
"@starfirst @debilu2  Very... candid the way you put it, Ms. @Alyssa_Milano... I'll be blunt:  #trump should have stuck being a celebrity.",1
"RT @BillMoyersHQ: .@RBReich: In #Trump &amp; Bannons view, foreign relations is a zero-sum game; if another nation gains, we lose https://t.co/u71Z0YmFLt",0
"RT @satanseyebrows: 'Hey, Donald Trump! I wanna know why you're such a cunt!' https://t.co/7zkFF1LgSp",0
"RT @gundomom1204: Since Trump is in the last year of his presidency, the Senate shouldn't vote on his Supreme Court nominee. https://t.co/AugjXEsUIs",1
"RT @ABC: Melissa McCarthy skewers Sean Spicer, Alec Baldwin reprises Trump role, Bannon portrayed as Grim Reaper on ""SNL"" https://t.co/3wlkqE4b8W",0
"mashable : Alec Baldwin's Trump is back on 'SNL': 'Prepare to go to war'

https://t.co/8FaLrDHsyA (via Twitter  https://t.co/JsUBGf9GBC",0
"RT @Lrihendry: Head Clown Chuck Schumer opposes 'pause' of #Syrianrefugeeprogram under #Trump but supports it under Obama!



HYPOC https://t.co/341xB1A7qP",0
"RT @wikileaks: Trump on US government last night: O'Reilly: ""Putin's a killer"" Trump: ""There are a lot of killers. You think our country is so innocent?""",0
"S.N.L. Goes After Trump Again, With Melissa McCarthy as Sean Spicer https://t.co/gdjNgE0kE8",0
Donald Trump's most bone-chilling tweet @CNN https://t.co/5KyVEbqrBJ,0
@awg_allan @RobinBall1961 @CBSNews DARE him to return to Trump Tower<U+2757>,0
"RT @DLin71: OBAMA: America is imperfect

GOP: TREASON



TRUMP: America is like a murderous thug

GOP: Shield your eyes in the presence of this patriot",0
"RT @Gunnar_Thor: RT If You think that President Trump should put George Soros on the FBI Most Wanted list!



#MAGA https://t.co/srIXfLPDyW",0
"SNL Highlights: Kristen Stewart's Sexy Totino's Ad, Trump Cold Open and More https://t.co/dC7svhLH6H",1
RT @jordanklepper: Trump moves to roll back Dodd-Frank regulations. Bad people are very happy! https://t.co/Opb699Ue6j,0
Watch: Dr. Phill Destroys Joy Behar On Her Trump Comments On Live TV! https://t.co/zTwlrofFeF https://t.co/SSKrr0Gvym,1
"@Tombx7M I know, right? He's an embarrassment. Tell Trump not to tweet so much!",1
RT @theonlyadult: It's Trump's America Va. America. Pick a side. https://t.co/RKl63B8EId,0
A Hitler scholar can no longer be silent about #Trump &amp; normalization <U+27A1> https://t.co/yqe40hJ9zC via @lareviewofbooks,1
US cardinal Raymond Burke stokes papal tensions by meeting nationalist in Rome | https://t.co/PbOZ0Boyq5 #NotFakeNews #Trump #The_Guardian,0
RT @9NewsAUS: US federal appeals court rejects request by Department of Justice to reinstate @realDonaldTrump's travel ban. https://t.co/MJ0EuTnaKu,0
Kuwait denies it imposed travel ban praised by Trump https://t.co/WBkSPkMsri https://t.co/tnLeM3I3kq https://t.co/k1BKD3fHip,0
"RT @MrJamesonNeat: Trump Sat: It's a ban



Spicer Sun: It's a ban



Trump Mon: It's a ban



Spicer Tues: IT'S NOT A BAN that's a media te https://t.co/8PNs1dG8v2",0
RT @B0bHardy: Eric Trump looks a bit like that monster from The X-Files. https://t.co/VcRbcSvRE6,0
RT @StephensWSJ: Trump puts US on moral par with Putin's Russia. Never in history has a President slandered his country like this.  https://t.co/LrP8ycG1Y9,1
"With Executive Orders, Trump Embraces Time-Honored Power Move - https://t.co/uLhHz4Ufmo https://t.co/W2B2ny9QOv",1
"RT @FoxNews: .@KatrinaPierson: ""President Trump is very serious about the promises that he made to keep Americans safe."" https://t.co/zZp2MDsse1",1
"RT @AmiraSaid: Ellen DeGeneres' response to Donald Trump screening ""Finding Dory"" at The White House is everything: https://t.co/UPcSWd6nlM",1
RT @ACLUVA: BREAKING: Appeals court denies Trump's request for stay of injunction on immigration order = the order remains susp https://t.co/e8VxP8m3Eb,0
RT @AJENews: BREAKING: US appeals court rejects justice department's request to reinstate President Trump's immigration ban https://t.co/eJpUCPz34N,0
"RT @ebonstorm: At $400,000 a day, it'll cost the nation $548,000,000 to keep Melania Trump in New York City for four years. https://t.co/U7ImUMeTSQ",1
RT @tribelaw: Why the stay of Trump's travel ban won't be lifted: https://t.co/I0GLYSuv1c,0
"Alec Baldwin returns as President Trump  in hilarious SNL Cold Open 02/04/17 - February 4, 2017 https://t.co/Wwu2UqDPdj",1
RT @starfirst: Via @NPR: Ethics Lawyers Call Trump's Business Conflicts 'Nakedly Unconstitutional' https://t.co/72wMFq4Iic,0
"RT @ANOMALY1: Navy SEAL convoy flew a Trump flag proudly ! We Love Our Military Men &amp; Women,Vets!????#AmericaFirst #FREEDOM https://t.co/GOssPrORX7",1
"RT @AltStateDpt: If Melania Trump stays at Trump Tower through a 4yr term, it will cost taxpayers approx. $1.4B. Is this what populist Trump voters wanted?",0
"RT @SenSanders: I'm heartened by this decision to halt Trump's immigration order, which runs afoul of our constitution and who we a https://t.co/xadH3X6BZH",0
RT @aljwhite: Look forward to Trump having a shitfit over Kristen Stewart in a few hours https://t.co/PYy8tsM14y,1
RT @riotwomennn: 7 federal judges have agreed that Trumps Muslim ban is illegal just like @SallyQYates told Trump. https://t.co/KPf6LfvTzD,0
RT @DullRussell: Anyone who's attending the Super Bowl game when Lady Gaga takes the stage stand up and yell Trump Trump Trump every https://t.co/bk9w5l1BfK,1
"@I_Am_Wessel Then why are you supporting Trump, who wants to make guns more accessible???",1
How Richard Spencer's hometown weathered a neo-Nazi 'troll storm' https://t.co/iiOOixlRyK #Trump #AntiGlobalism #PresidentTrump https://t.co/FYneP8U8Om,0
"People should stop defending #Trump by saying former presidents did same stuff,(they didnt). Is trump his own person or copycat? #cnn #msnbc",0
"RT @DLin71: OBAMA: America is imperfect

GOP: TREASON



TRUMP: America is like a murderous thug

GOP: Shield your eyes in the presence of this patriot",0
Greek debt crisis: an existentialist drama with no good end in sight | Larry https://t.co/ZnoAJ0LrHV #NotFakeNews #Trump #The_Guardian,0
"RT @shannoncoulter: ""Major companies appear to be re-evaluating their relationship with the Trump brand..."" https://t.co/VRdwegEUTB",1
RT @Global_NB: Donald Trump's appeal on judge's travel ban decision denied by federal court https://t.co/aqdrEikwAM,0
".@JohnKingCNN and he thinks Trump's tweets are ""fun"". Good lord, what an ignorant clod. #InsidePolitics",1
"RT @TeaPainUSA: Killers?  Trump has now attacked the integrity of America to defend Vladimir Putin. Brothers and sisters, this aggression will not stand!",0
RT @ezlusztig: False Equivalency alert. This assimilation of Trump to previous administrations is utter garbage. Don't believe a w https://t.co/AW8EtoJhpz,0
RT @sam_ezeh: Nigeria govt sent military after millions of #Biafrans celebrating #Trump's inauguration on 20/1/17 leaving deaths https://t.co/Xg1pwsPCpx,1
RT @Deanofcomedy: Very Happy CNN published my new article making it clear Trump's goal is to become a dictator.  We must resist: https://t.co/pGhYj9gCaz,1
"RT @itsgnatt: So tax payers are spending $3m  for Trumps vacation and $600m for Melania to live in New York?



@ Trump supporters, https://t.co/GAHUilviIp",1
@FoxNews Yes President Trump destroy these kharijites dogs of the hellfire and their is a reward for you if you do https://t.co/Mg3bg7f7ZV,0
RT @politico: The Democrats face up to their Trump problem https://t.co/7uBvc0WlN5 https://t.co/5dR52DAhXe,0
"RT @ColeLedford11: 9 people showed up for a pro-Trump rally today...



I'd say a few more than that showed up against him in NYC.



We o https://t.co/S4NMF0nQHd",0
"RT @mohammadshaikh_: ""US iTunes""Chart

Parlament &amp; Demo Of #Trump Oppose

#TMLtalk In Favor #Peace #Nation #Islam

Reality v/s #TVDWrapparty

Bruins Postive

#canWNT",1
RT @zerohedge: Appeals Court Denies Trump Request To Immediately Restore Travel Ban https://t.co/iUwtYNwRoi,0
RT @kwilli1046: Robert DeNiro Threatens To Punch President Trump In The Face (Video) https://t.co/82wBfcsbYb via @BarracudaMama,0
RT @ZolaNdwandwe: THANK YOU!!! ????<U+261D>?<U+FE0F> @realDonaldTrump @POTUS https://t.co/TEkYKdITB6,1
"RT @NPR: BREAKING: Appeals court denies Trump admin. request for stay of injunction on immigration order, meaning the Trump order remains suspended.",0
RT @_alastair: Weird to think that Trump has single handedly given SNL more cultural relevance than it's had in a decade or more,0
RT @thehill: Trump's face found on 5K packs of Heroin during drug bust https://t.co/HyK3anm7pc https://t.co/YEYCnsG7Jr,0
"RT @nytimes: ""So-called"" judge who blocked Trumps immigration order is described by colleagues as a ""mainstream"" Republican https://t.co/7n9z0DUBXE",0
RT @StephensWSJ: Trump puts US on moral par with Putin's Russia. Never in history has a President slandered his country like this.  https://t.co/LrP8ycG1Y9,1
@JessieJaneDuff That's not what majority of Intelligence communities say They say moral is low since Trump became President. Trump lies,0
RT @deanbarker: Good morning. Today is the 17th day Mr. Trump violates the Constitution's Emoluments clause &amp; the 17th day Paul Rya https://t.co/O50Ix6fd4D,0
I raped Donald Trump because it diddled Bob.,0
"RT @Free_Media_Hub: ""Kuwait denies it imposed travel ban praised by Trump"" - https://t.co/3cU0ECDbh8",0
Der Spiegel w a subtle take on the state of the US political predicament. #trump https://t.co/2s99ENP2gl,0
"RT @luisbotello41: my dad's friend owns a restaurant and he got this today in one of the receipts.

This is Trump's America, disgustin https://t.co/Mi2wRgVuMh",1
"RT @bobsacard: WEST VA RESIDENTS, YOUR SENATOR IS  BLOCKING TRUMP NOMINEES- HE'S UP FOR RE-ELECTION IN 2018. CALL HIS OFFICE (202) https://t.co/h5UYlW4uVD",0
"RT @jaketapper: Trump defends Putin: ""You think our country's so innocent?"" https://t.co/nW65mtBp0C",1
RT @CallawayBOT: RT @FIgdari RT @funder: Trump Putin comment put US on Same Moral Ground as Authoritarians #DworkinReport #TrumpRus https://t.co/nqDD6tCHee,0
"RT: GeorgiaWonk Sure, do both. Just don't pretend that admiration for tyrants is some aberrational Trump invention https://t.co/NV3hTZ0iMo",0
"@realDonaldTrump This is what I've been waiting for, trump loves money more than anything in the world.  #Karma  #TrumpBrandIsTrash https://t.co/J8Gjn7Fy96",1
"@ProfessorLeibo #Russia Growing tensions with Mexico, China, and Iran even as Mr Trump keeps apologizing for Mr Putin?? What don't we know?",1
"RT @os4185: A Berkeley rioter, he beat Trump supporters and bragged about it, which led to his identity. Guess who he works for? https://t.co/TwgEUfL2tJ",1
RT @Veteran4Trump: The same people believing and falling for this CNN poll are the same people who said trump wld never win. Who are https://t.co/SntmjT7bxm,1
"RT @JoeSondow: From now on, people who tell me Trump isn't like Dukat will be directed to watch this. Turn your sound on. https://t.co/WxLMclO591",1
"RT @Impeach_D_Trump: RT if you think Trump should be impeached.



LIKE if you think Trump should be impeached.",1
"RT @MohamedGhilan: Dear Muslims,



If you think nothing good can come out of the insanity that is Trump, here's a spiritual lesson from https://t.co/4KWsriYmmn",1
But you pep are more then ready to take the streets to protest trump lol omg so crazy msm really made fools out of u.,0
"RT @funder: Senator Mark Warner: Lot of smoke on possible contacts between Trump associates &amp; Russia



#dworkinreport #resist https://t.co/Vq6YagG7dI",0
"RT @DailyCaller: Rappers Release Song Slamming Trump, Rap About Murdering The President https://t.co/cLaBnMHKgs https://t.co/nb9VvU3fvG",0
"RT @DavidPepper: The fact that Putin is the one person on the globe that Trump will never insult or disagree with is....odd.



Hmmmm.",0
RT @JuddLegum: How many elected Republicans have spoken out against Trump's unhinged attack on a federal judge appointed by George W. Bush?,0
RT @BraddJaffy: Does Donald Trump have a relationship with Putin? Hear him tell you -- in his own words. https://t.co/x4PlSz5ZI0,0
RT @Independent: Trump's request to reinstate 'Muslim ban' denied by US appeals court https://t.co/8WMzbaXAfq https://t.co/hKfRBhwRxM,0
RT @deanbarker: Good morning. Today is the 17th day Mr. Trump violates the Constitution's Emoluments clause &amp; the 17th day Paul Rya https://t.co/O50Ix6fd4D,0
"RT @HuffingtonPost: Veterans vs. Trump: Pipeline will never be completed, warriors vow https://t.co/xhKOUxRmwt https://t.co/y2YZt6dRDK",1
RT @draiochta14: Carnage...The jobs report reminds us that Donald Trump inherited a pretty healthy economy. https://t.co/ysfRZMfoDH,1
"RT @luisbotello41: my dad's friend owns a restaurant and he got this today in one of the receipts.

This is Trump's America, disgustin https://t.co/Mi2wRgVuMh",1
"RT @AP: Trump Cabinet pick paid by 'cult-like' Iranian exile group, by @jongambrellAP  https://t.co/hhyDDtWjIz",0
"RT @MrJamesonNeat: Trump Sat: It's a ban



Spicer Sun: It's a ban



Trump Mon: It's a ban



Spicer Tues: IT'S NOT A BAN that's a media te https://t.co/8PNs1dG8v2",0
RT @artoopio: KRISTEN MOCKED DONALD TRUMP AND CAME OUT AS GAY IN SNL MONOLOGUE WHEN WILL YOUR FAVE https://t.co/1lj07smIld,0
"That's why Trump said so-called judge. Judges s/b objective. We shouldn't know his ideology, but it's clear what he is. https://t.co/ftbPKgGUy7",1
RT @UPROXX: Melissa McCarthy's Sean Spicer is even better than Alec Baldwin's Donald Trump on #SNL https://t.co/J6ZyqkwZkT https://t.co/MfQVbW87dS,1
RT @patcondell: I was anti-Trump until I listened to the anti-Trump media and anti-Trump protesters. Now Im 100% pro-Trump and I h https://t.co/gmiYl3othY,0
RT @thehill: Hundreds of protesters march on Trump's Mar-a-Lago resort https://t.co/mSiBpi8dmK https://t.co/NJtxOqMi8o,0
Victoria Cross war hero Johnson Beharry left 'humiliated' by Donald Trump's travel ban https://t.co/oMmxApexJC via @HuffPostUK,0
"RT @thehill: WATCH: Trump and Bannon as Grim Reaper go to war with foreign leaders on SNL

https://t.co/M6W9SsF3Ew https://t.co/HmKouPe45k",0
RT @CNNPolitics: An avalanche of phone calls is thundering across Capitol Hill as the Senate considers Donald Trump's nominations https://t.co/1PnqOX3anH,0
RT @IngrahamAngle: Everything Trump does will be challenged in fed courts. Better get #Gorsuch confirmed fast. https://t.co/zqsGxZEkrQ,1
The leaks coming out of the Trump White House right now are totally bananas https://t.co/dpUf9bzFay,1
RT @hero_trump: RT If You think that President Trump should put George Soros on the FBI Most Wanted list! https://t.co/H9QMLJ7LBa,0
"RT @jaketapper: Trump defends Putin: ""You think our country's so innocent?"" https://t.co/nW65mtBp0C",1
RT @aljwhite: Look forward to Trump having a shitfit over Kristen Stewart in a few hours https://t.co/PYy8tsM14y,1
"RT @funder: #Breaking:Trump Defends Putins Murder of Journalists on O'Reilly



#trumprussia #dworkinreport #resist #theresistance https://t.co/Bd5l7HbIpH",0
"RT @StopStopHillary: OH MY  DEAR IS GONNA BE A GREAT DAY FIR @realDonaldTrump

NOT TO WORRY He Just uses the existing laws n removes the https://t.co/pHzuztkPHQ",0
"#PoliticsNation



trump's



been riding dirty for seventy years",0
@crampell @JohnJHarwood You are correct.  Trump's 'shady' friends can't get loans.  More Trump 'projection'.,0
RT @vivelafra: LAW ENFORCEMENT needs to forcefully respond to the escalating public threats against our @POTUS.  #Trump #MAGA https://t.co/7dv7MSM7YT,0
Can't decide if Trump values the US's position in the world and the responsibility that attends it. He views US as victim (of its power?) https://t.co/vWxblyjAnE,0
"RT @TheMarkRomano: See how the courts work...



When Obama issues a travel ban, it is perfectly fine.



When Trump does the exact same thing, it is illegal.",0
"@realDonaldTrump's approval is SAD!

Another Poll Found President Trumps Approval Rating Is Historically Low https://t.co/ZtSNQGkifk",1
"RT @Green_Footballs: When Trump says America is a nation of killers, hes not making a principled critique of US misdeeds. Hes JUSTIFYING more killing.",0
"RT @TeddyUKIPClark: Rival Donald Trump petition asking for state visit passes 200,000 signatures https://t.co/9e0BqIbrfW via @telegraphnews nearly 300K THANKS",1
RT @artoopio: KRISTEN MOCKED DONALD TRUMP AND CAME OUT AS GAY IN SNL MONOLOGUE WHEN WILL YOUR FAVE https://t.co/1lj07smIld,0
"RT @dumptrump33: Bullshit @realDonaldTrump

If you thought the Women's March was bad, wait until you see the millions of retirees tha https://t.co/AoUdjzu28e",0
"RT @RT_com: 'Unprecedented: Trump opponents seek to divide US' - Gregory Copley, editor of Defense &amp; Foreign Affairs https://t.co/mGuVlFxEAw",0
Suspect Trump really upset that Bannon replaced him on cover of Time. Probably  more upset to discover Bannon manipulates him. Look out.,0
"RT @DLin71: OBAMA: America is imperfect

GOP: TREASON



TRUMP: America is like a murderous thug

GOP: Shield your eyes in the presence of this patriot",0
"RT @bobsacard: FLORIDA RESIDENTS, YOUR SENATOR IS  BLOCKING TRUMP NOMINEES- HE'S UP FOR RE-ELECTION IN 2018. CALL HIS OFFICE (202) https://t.co/hsRkq21AVF",0
"RT @ThePlumLineGS: Trump's ban is on hold.



Bigger story: This is first real test of whether our institutions can restrain Trump: https://t.co/tFUNJZHufG",0
"RT @paulkrugman: If Trump can call Robart a ""so-called"" judge, can we call him -- with infinitely better justification -- a ""so-called"" president?",1
"RT @AltStateDpt: If Melania Trump stays at Trump Tower through a 4yr term, it will cost taxpayers approx. $1.4B. Is this what populist Trump voters wanted?",0
RT @Dangchick1: Thousands march near Trumps Mar-a-Lago estate in Fla. https://t.co/mLif0s1Z4R via @USATODAY,0
NU: Travelers rush to board U.S. flights while Trump ban blocked https://t.co/FbKSeccXxw https://t.co/YlrQM5BjDs,0
RT @UjamiiSingh: Appeals Court that denied DOJ's appeal on Trump's EO was 2/3 liberal who are now acting as activists instead of jud https://t.co/tYJX96IVlJ,0
"RT @chicagotribune: Donald Trump Jr. stumbled making his mark outside the Trump Organization, leaving behind lawsuits, unpaid taxes. https://t.co/cT2XACimcZ",0
"@ABC https://t.co/0LXW7Z1jWQ @chrislhayes @DavidCornDC @President @JoyAnnReid @realDonaldTrump was right, we just keep winning *in court*",1
RT @CrazyAboutTrump: Once u realise who has been running r country u will know why we voted Trump.He has breached the gates of hell. True battle has begun.,0
"RT @duodickinson: @POTUS #president #TrumpsAmerica when hatred &amp; fear #trump disagreement, faith is lost https://t.co/VBNeIxJZ72 https://t.co/UeoSmnRbqc",0
"RT @AP: Trump Cabinet pick paid by 'cult-like' Iranian exile group, by @jongambrellAP  https://t.co/hhyDDtWjIz",0
Goes After Trump Again. SNL's obviously bias and were pro Hillary. Trump is their easy target. So Resist and Protest daily.  (2) https://t.co/5fuylIwpKI,0
Anti Trump Protest March https://t.co/frTp2Raq0D by #Bristol #AltBristol https://t.co/0B6QVXh3mA,0
"RT @zlando: POTUS #Trump:

In the Arab/Islam world, they BURN our flags together.

In #Israel, we FLY our flags together!!!

#MAGA https://t.co/ceieXsYPWJ",0
RT @DullRussell: Anyone who's attending the Super Bowl game when Lady Gaga takes the stage stand up and yell Trump Trump Trump every https://t.co/bk9w5l1BfK,1
RT @sharitari10: Trump: 'You think our country's so innocent?' - CNN https://t.co/kHtC4JMYya,0
"@mcm4801 &lt;&lt;  ASSISTANT ATTORNEY GENERAL 4 THE STATE OF MASS. SENT OUT A TWEET WITH THE HASHTAG #FUCKDONALDTRUMP.

https://t.co/4MKgqbwsY0 ..",0
Why did Trump's Yemen raid go wrong? https://t.co/NNS5decrjb https://t.co/Pcn7MR0dK3,0
"RT @queennn94: Kristen Stewart taking down Donald Trump and the homophobes at one go.



She has saved 2017. Play this at my funeral. https://t.co/ywlzO18FaT",0
RT @Sarcasticsapien: Mocking Donald Trump is weird 'cause I feel like I'm standing up to a bully but at the same time picking on someone mentally handicapped.,0
"RT @Impeach_D_Trump: Mr. Trump, if that Judge is a ""So-called Judge"", then you are our ""So-called President""!

#SoCalledPresident

RETWEET!",0
.@Google and @Facebook: Don't collaborate with Trump. Don't cooperate with a Donald Trump White House #defendus https://t.co/plD7ozZSm0,1
"RT @markmobility: Monthly cost of:

Guarding Trump Tower: $30 million

Section 8 for all 15,856 homeless NYC families: $28 million",0
"Because #Trump did too..

#SundayMorning clarity https://t.co/Ur58dZ0map",1
"RT @TheMarkRomano: Thanks, George W. Bush:



Your judges have upheld Obamacare and halted President Trump's travel ban.



I wonder how t https://t.co/MrEgVJLiwx",1
"RT @donnabrazile: To commemorate Black History Month, Trump administration decrees that white supremacists cant be terrorists https://t.co/X2sS98q9Ao",1
"RT @queennn94: Kristen Stewart taking down Donald Trump and the homophobes at one go.



She has saved 2017. Play this at my funeral. https://t.co/ywlzO18FaT",0
"Feb. 5, 2017 - https://t.co/nZk60CXxUJ - Thousands swarm Stonewall Inn in protest of Trump presidency - https://t.co/vwSxbeLkEs https://t.co/QoPsMeKtDj",0
"RT @holysmoke:  which has been @Slates line for years. Theyre so confused, like many liberals who keep hearing Trump say things https://t.co/THWVXPJuCE",0
nigger trump,0
I want a Trumpholes to try an explain away this hypocrisy https://t.co/AOAcdBjc5d,0
@McGrawSean Republicans own Trump.,0
RT @fdell3: Pay to play is rampant in Trump Admin. They're not even trying to hide it. #TaketheDeVosPledge #DumpDevos https://t.co/zY41NfEOQY,0
"RT @GODBLESSAMERIC: Fox News Alert: Trump SAVED $728 Million Taxpayer Money and Created 146,000 Jobs https://t.co/BFaetZCmj4 https://t.co/tGADHgm2Mw",1
SNL Just Shredded Trumps Press Secretary Sean Spicer - https://t.co/GtJcoXV4W5   ROFL.. Oh Melissa McCarthy you are GOLD!!!,1
"RT @brithume: This is a terrific piece by @RadioFreeTom --&gt; Chill, America. Not every Trump outrage is outrageous. https://t.co/3HnG2VLoIq",0
RT @artoopio: KRISTEN MOCKED DONALD TRUMP AND CAME OUT AS GAY IN SNL MONOLOGUE WHEN WILL YOUR FAVE https://t.co/1lj07smIld,0
#DeportSoros found ONE Judge to defy Constitutional Law?Judge Who Blocked Trump Action Has Activist Past | LifeZette https://t.co/NzNEleIeae,1
RT @funder: They think our memories will fail us. They just lost a generation of voters &amp; don't realize it yet #trumprussia https://t.co/McBbf0Hf0A,0
"RT @luisbotello41: my dad's friend owns a restaurant and he got this today in one of the receipts.

This is Trump's America, disgustin https://t.co/Mi2wRgVuMh",1
#SM Melissa McCarthy stars as Sean Spicer in latest SNL sketch attacking Trump and Bannon https://t.co/vWh2juQHkK,0
RT @asamjulian: Experts: Social media giants fight Trumps anti-terror plan while providing platform for terrorists |  https://t.co/l4tvYf4xwu,1
RT @asamjulian: Experts: Social media giants fight Trumps anti-terror plan while providing platform for terrorists |  https://t.co/l4tvYf4xwu,1
Chrissy Teigen: 'I've been trolling Trump for 5 to 7 years' https://t.co/eNEUSuWCoW #sports,0
RT @OccupyBawlStree: President Donald Trump Will Sign Bill Permanently Banning Taxpayer Funding of Abortions https://t.co/aKpcCeL6UI https://t.co/L0L2UShxfk,0
RT @jelani9: The logical follow up question is to ask Trump if he's had anyone killed.,0
RT @BFurdyna: Trump's foreign entanglements are of grave concern and warrant investigation. @SenJohnMcCain #DworkinReport https://t.co/KO9dYLSI09,0
RT @France4Hillary: BREAKING: A federal appeals court early Sunday rejected a request by the Justice Department to restore Trumps #MuslimBan! Another defeat!,0
"RT @CNY_KFieLd: Remember the photo the media put out showing Trump's ""small"" inauguration crowd? They've been caught. Take a look a https://t.co/Js7zI4JWZH",1
"RT @JamiaStarheart: RT @alyssabereznak: yep, theres ivanka trump just casually sitting in on trump's economic advisory council meeting https://t.co/0Cjg8fWoHx",1
RT @vivelafra: Murder by Islam: 3 Stories.  #BanSharia #Trump https://t.co/nz9jbUS5uh,0
"RT @lavozdelos8O: @neeratanden @theharryshearer reflexively defending US FP just because Trump besmirched it probably isn't ""resistance""",0
"RT @MrTommyCampbell: Donald Trump can spend taxpayers money and HIDE at Mar-a-Lago, BUT he CAN'T HIDE from #SNL.



Brace for his flurry of WHINY Cheeto tweets! ?",0
RT @washingtonpost: Meet the Bush-appointed federal judge who halted Trump's executive order https://t.co/cGqiK2Ii4p,0
"RT @TVLine: #SaturdayNightLive Video: Melissa McCarthy as Trump Press Sec. Sean Spicer Is Amazing, Period https://t.co/JKPr4DQOcn",1
Was clearing out old ties. Found one by Donald TRUMP. Made in China. So what is he on about? Lol https://t.co/LOozT0js3k,1
"@piersmorgan you hacked phones, you will never be near what a good decent human he is. Go have a beer with wenger and trump.",1
RT @MiceeMouse: Top Trump Advisor in 2014: World Must Confront Radical Islam Now https://t.co/yU0ZdUSCfr,0
"President Trump And ""HOT PINK"" First Lady Melania Arrive at Red Cross Gala https://t.co/5lQ5l596tQ via @YouTube",0
DONALD TRUMP TV: GOP'S DEN'T TO TRUMP ''GO BACK TO THE DRAWING BOARD'': https://t.co/iQ7gTMkg9U via @YouTube,0
"RT @NastyWoman20: ""There's a 1 in 3.64 BILLION chance of you being killed by a refugee""



Trump supporters: https://t.co/qeaIG4ZWh2",0
RT @politico: The Democrats face up to their Trump problem https://t.co/7uBvc0WlN5 https://t.co/5dR52DAhXe,0
Trump bid to restore travel ban rejected https://t.co/Dc2kUDPf0c,0
"RT @MarcherLord1: Whilst you were asleep, Trump bitch-slapped Lockheed Martin over the exhorbitant F35 deal and saved US taxpayers $720million

#Respect",1
RT @Bolt_RSS: Jihadists make fools of Trump critics  #auspol https://t.co/JQWlp38aYy,0
@BonnieGranny have you ever even been in a Nordstrom let alone shop there? I doubt most Trump supporters see beyond Walmart.,0
"RT @DLin71: OBAMA: America is imperfect

GOP: TREASON



TRUMP: America is like a murderous thug

GOP: Shield your eyes in the presence of this patriot",0
"RT @ANOMALY1: Navy SEAL convoy flew a Trump flag proudly ! We Love Our Military Men &amp; Women,Vets!????#AmericaFirst #FREEDOM https://t.co/GOssPrORX7",1
RT @mcspocky: Dems Tell Trump: Disclose Mar-A-Lago Guests To Dispel 'Pay-To-Play' Charges https://t.co/kr7g5qPi2Y https://t.co/iISE6ZPwlD,0
RT @Reuters: BREAKING: Judge's block of Trump's travel ban harms the public by 'thwarting enforcement of executive order': Justice Dept. appeal filing,0
RT @KTHopkins: Judge overturned Trumps travel ban based on his personal opinion. Here he is 'ordering' black lives matter. https://t.co/sWjcjUZhAC,0
"RT @ngordon4: @jessebwatters Trump isn't mocking disabled, he's borrowing physical comedy of Howie Mandel &amp; Jerry Lewis to express being overwhelmed.",0
RT @weaselzippers: Buzzfeed Forced To Apologize After Being Sued For Defamation Over Trump Dossier https://t.co/vR3MwqZOKi,0
RT @EricLiptonNYT: Early Signs Suggest Trumps Actions Are Taking a Toll on Trump Brand @RachelAbramsNY  https://t.co/MF3ZenGp9p,0
RT @The_Anti_Fox: BBC News - Trump Bid to Restore Travel Ban Rejected by Appeals Court Until Full Case is Heard! https://t.co/8CNQNy66id P2 #TCOT @HouseGOP,0
Who Will Be The First To Leave Trump's Cabinet? #tech <U+2604> <U+26F1> $v #Innovate https://t.co/lB0sj6plW0,0
"Watching @CNNPolitics analyze trump like this is a normal presidency.

THIS.  IS.  NOT.  NORMAL!  There are white supremacists in the WH!",1
Everything in Trump's previous (so-called) character says he will defy/ disregard last night's court decision. How will it be ENFORCED?,0
Pence Defends Trump Speaking His Mind on Federal Judge - https://t.co/4YVQ5LTmpw,0
"RT @ABC: Melissa McCarthy skewers Sean Spicer, Alec Baldwin reprises Trump role, Bannon portrayed as Grim Reaper on ""SNL"" https://t.co/3wlkqE4b8W",0
RT @sjredmond: Mike Huckabee and Donald Trump.Some people wear Christianity for the same reason they wear cubic zirconia.It's all about appearance.,1
Case and point: what just happened to President Trump's extreme vetting travel ban??? Court of Appeals denying the travel ban??? https://t.co/IX0YJGde3j,0
"OK, so #Trump must know about consequences like this! Clearly doesn't give a <U+2105><U+2105><U+2105><U+2105>. Who made sure was implemented right, @POTUS ? Shameful! https://t.co/40xBcnb5eq",1
RT @mindyfinn: We applaud Congressional Republicans who have spoken out against President Trump's immigration executive order; I h https://t.co/faNvDLRaoF,1
RT @Reuters: Kuwait denies it imposed travel ban praised by Trump https://t.co/mvuwFBjfx0 https://t.co/p2MgW0eRdH,0
RT @CNNPolitics: An avalanche of phone calls is thundering across Capitol Hill as the Senate considers Donald Trump's nominations https://t.co/N7gtyLaNOe,0
RT @AP: BREAKING: Appeals court denies Trump administration request to immediately reinstate ban on travelers and refugees.,0
"Trumps populism resonates with the populism of Erdogan, creating an affinity of worldviews. When Trump condemns... https://t.co/Tt2Vt6hdlV",1
RT @theonlyadult: It's Trump's America Va. America. Pick a side. https://t.co/RKl63B8EId,0
RT @ditzkoff: If only we'd had some warning during the campaign that Trump wouldn't respect an independent judiciary. https://t.co/dxo0vHK4LC,0
"RT @JustinWolfers: Amazing diversity as Trump's senior staff is sworn in: White men of many heights, tie colors https://t.co/bE61gSQ81B https://t.co/Gv3KFUm1HC",1
Pence Defends Trump Speaking His Mind on Federal Judge - https://t.co/KvA7SydoHy,0
"RT @markmobility: Monthly cost of:

Guarding Trump Tower: $30 million

Section 8 for all 15,856 homeless NYC families: $28 million",0
"RT @lukeicanteven_: Sorry Trump I don't see the words ""immigrant"" or ""Muslim"" in what constitutes a terrorist so https://t.co/cw3bllwUfF",0
RT @The_Trump_Train: WATCH: Leftist rioters attack Trump supporters. Democratic Party and UC Berkeley staff allowing this to happen. LAW https://t.co/URNG80NPDU,0
RT @AGOWA: Trump Administration's request for immediate administrative stay DENIED. https://t.co/R3tTRPyv3U,0
"RT @chelseahandler: The limits of tyrants is prescribed by the endurance of those whom they oppress. -Frederick Douglass, -the guy trump said is still alive",1
RT @Comeridethwhale: Republican leader ousted for condemning Trump at Women's Marchher comeback is stunning https://t.co/E7jaL6cEfk,1
"RT @maggieNYT: Chill, America. Not every Trump outrage is outrageous. - The Washington Post https://t.co/dbTzidHVzc",0
Is  Trump  laying  ground  work for reparations ?   Will  USA under Trump  pay for  heinous  crimes  on which  the  nation  was built https://t.co/WpCouNlBYV,0
"When Asked About Putin Being a Killer, Trump Responds What You Think Our Countrys So Innocent? https://t.co/1MmD5dsFhU https://t.co/3E4S84keDb",0
"RT @BillMoyersHQ: #Trumps immigration ban shows why the courts are essential, says @BrennanCenter counsel Kate Berry https://t.co/ZaNXmbx0P4",0
"RT @donnabrazile: To commemorate Black History Month, Trump administration decrees that white supremacists cant be terrorists https://t.co/X2sS98q9Ao",1
RT @aljwhite: Look forward to Trump having a shitfit over Kristen Stewart in a few hours https://t.co/PYy8tsM14y,1
"RT @NickCohen4: ""Trump, modern fascism, and how to fight back"" - long read from me in the Observer

https://t.co/TZr0NiHJDI",0
Donald Trump's first 100 days as president  daily updates https://t.co/vXyzOeeJMd #Trump #AntiGlobalism #PresidentTrump https://t.co/6fcLThJR7S,0
@rahulsood I guess I as a brown man must be racist. This is exactly the kind of statement that Trump supporters love. Truth instead of PC.,1
"Journalists need to@do@some soul searching about this concept of ""bias"" in a #trump presidency https://t.co/fuXhtafLEp #journchat",0
"@melkickass @FlynnMN @PutinsBoy @FoxNews @KatrinaPierson that is because we were at work LOL, and we use the democratic process to TRUMP",1
RT @LindaSchoenberg: @zachbraff @JayWoodVegas Trump has really made America Hate Again.,0
"RT @nytimes: ""So-called"" judge who blocked Trumps immigration order is described by colleagues as a ""mainstream"" Republican https://t.co/7n9z0DUBXE",0
"RT @Corporatocrazy: ""Hello liberals! This is ISIS. Thank you for fighting for my right to come to USA!""



#MuslimBan 9th Circuit #Trump https://t.co/j5ASrfzTUf",1
"RT @daveleifer: Just so you know, president Trump can release a new EO at any time with slightly different text and invoke the ban again!",1
@paulkrugman I would say it's more that people realize praising Trump means he will bend over backwards to help their businesses.,0
Pence Defends Trump Speaking His Mind on Federal Judge - https://t.co/TgGrLDa61O,0
RT @duodickinson: @episcopalchurch @episcopalcafe @episcopal_news this is blowing up the Internet #trump https://t.co/VBNeIxJZ72 https://t.co/Kcm0gr0PGt,0
"Over 1,000,000 chanting americans in the USA directed at those opposing Trump and america. Ban all refugees and deport all illegals https://t.co/8phBnTsf34",0
RT @roqchams: If you're an Iranian that's been directly impacted by Trump's EO I need you to get in touch w/ me ASAP so I can share important info w/ you,1
"RT @sjohoIt: rt for 2 boys kissing, like for donald trump https://t.co/2NqrgPkb86",1
"RT @IngrahamAngle: Notice how @CNNPolitics uses word ""attack"" when @realDonaldTrump stands up for US taxpayer. https://t.co/zq3TevWIMq",0
"RT @jeremyscahill: Takeaway from Trump is not that he is wrong about US engaging in mass killing. It is that he likes it and views it as acceptable, preferable",1
RT @latimes: Trump is targeting up to 8 million people for deportation https://t.co/1agjm8wYwO,0
"RT @NastyWoman20: ""There's a 1 in 3.64 BILLION chance of you being killed by a refugee""



Trump supporters: https://t.co/qeaIG4ZWh2",0
"RT @SandraTXAS: So Soros resistance anarchist are pissed that Trump blocked immigration from countries that Obama bombed? ??



#MAGA https://t.co/c9Lmsns9Zn",0
Why the Super Bowl is Donald Trump vs. the city of Atlanta https://t.co/vHdhLVluNu https://t.co/GJq7QfUzny,1
Donald Trump's first 100 days as president  daily updates https://t.co/Eg3ljBsp4P https://t.co/b8ERkgPOxD,0
RT @artoopio: KRISTEN MOCKED DONALD TRUMP AND CAME OUT AS GAY IN SNL MONOLOGUE WHEN WILL YOUR FAVE https://t.co/1lj07smIld,0
"Today's Sunday School will be taught by Melissa McCarthy, acting as Trump's Press Secretary, Sean Spicer.

https://t.co/2LByw6xosx",0
RT @Chimp999: Stay Calm: #Media devises new rules on how to cover President #Trump https://t.co/jTKlRwSQgL via @YouTube #MSM https://t.co/3EI8iwGan8,1
RT @souamesfarah: Gotta be today's best cartoon #Trump #travelban #Democracy #Constitution https://t.co/uQuRfJ1ORb,1
Pence Defends Trump Speaking His Mind on Federal Judge - https://t.co/U0t0iX3RTB,0
"RT @ZaidZamanHamid: Less than a month in office, Trump has already destroyed the US Constitution, have fiercely attacked the judiciary https://t.co/RBr0IySLzh",0
"RT @nytimes: Trump says he has walked away from the day-to-day of his empire, but records show how close he remains to it https://t.co/oYuvMupTxK",0
"RT @JoyAnnReid: The Republicans won't rein In Trump, but the judiciary just might. https://t.co/C1VQDnYZAH",0
RT @IngrahamAngle: Everything Trump does will be challenged in fed courts. Better get #Gorsuch confirmed fast. https://t.co/zqsGxZEkrQ,1
RT @robferdman: Bombshell from @nytimes and @ProPublica: Donald Trump didnt actually separate himself from his business. AT ALL https://t.co/DVwNZuQnRy,0
RT @ezlusztig: The majority saying Trump's visit should be cancelled (53%) is now larger than #Brexit (51.9%) Referendum! Democracy!https://t.co/amwy4ebiIR,1
"RT @NBCNewYork: ""SNL"": Melissa McCarthy appears as Sean Spicer, Kristen Stewart recalls the time she was the subject of Trump's rage https://t.co/OxKOrK2M1m",0
Alec Baldwin's Trump is back on 'SNL': 'Prepare to go to war' https://t.co/ZDWg65Elqt,0
"RT @AP: Trump Cabinet pick paid by 'cult-like' Iranian exile group, by @jongambrellAP  https://t.co/hhyDDtWjIz",0
RT @YoungDems4Trump: ?Retweet if @CNN is also to blame for the hate crimes committed last night against Trump supporters!? https://t.co/wjKpTrKqPN,0
"#TRUMP, #EUROPE, AND THE WAY FORWARD ON #IRAN https://t.co/fyDTGV9gPA  https://t.co/0Eeqt0yaEw",1
"RT @ZaneZodrow: London protest today.

#MuslimBan #Trump #resist #Corbyn https://t.co/YcFHQxhG2E",0
RT @LawyerRogelio: TRUMP shows off the new Air force One he personally designed and negotiated with Lockheed Martin. https://t.co/3yo8CDLvE9,1
Pence Defends Trump Speaking His Mind on Federal Judge - https://t.co/4NCwNGqNeP,0
?? @usa_news_24 ? Donald Trump's first 100 days as president  daily updates https://t.co/H5WRbEkjRX ? see here ?? https://t.co/7zUJyqvaSv,0
"RT @latimes: South of the border, Mexicans are puzzled by Trump's relentless and pointless antagonism https://t.co/MkWOpg63zB https://t.co/iDrvTAn1Rn",0
"RT @ChristiChat: Best vote I ever cast!

<U+2764> Trump



WATCH what @POTUS did in week two of his presidency to #MAGA

#AmericaFirst



https://t.co/4bzM3s8Tej",1
"RT @timkaine: President Trump rolls back Dodd-Frank and regulations protecting retirees. He's not draining the swamp, he's draining people's pockets!",1
"RT @ebonstorm: At $400,000 a day, it'll cost the nation $548,000,000 to keep Melania Trump in New York City for four years. https://t.co/U7ImUMeTSQ",1
"RT @AdamsFlaFan: But they are, and if we don't remove Trump/Bannon, we'll have another major war. https://t.co/o0AgbPF6P5",1
RT @RVAwonk: Trump twitter meltdown to commence shortly. https://t.co/ye0WHlkYTw,0
"RT @IngrahamAngle: Notice how @CNNPolitics uses word ""attack"" when @realDonaldTrump stands up for US taxpayer. https://t.co/zq3TevWIMq",0
"RT @nytimes: Whether they like it or not, brands associated with the Trump name have become politicized https://t.co/beH89AwqtC",1
RT @ArobertB: Trump protest in West Palm Beach. They are marching all the way to Mar-a-Lago where the Pres is staying this wknd. https://t.co/f1XWErkiJS,0
"RT @jaketapper: Trump defends Putin: ""You think our country's so innocent?"" https://t.co/nW65mtBp0C",1
RT @SheriffClarke: Pres Trump takes weekend away from D.C. @ABC goes apoplectic but silent when Obama vacationed during Louisiana floo https://t.co/6zZA48Dx80,0
RT @aldotcom: Pastor trolls Trump supporters with church sign https://t.co/d2r5Z6WxVg #alpolitics https://t.co/kapuXQaEqC,0
"RT @puppymnkey: Trump respects Putin. But not POWs, Gold Families, Seal Team 6, the judiciary, the Constitution, women, Mexicans, M https://t.co/6bqF1DW0m1",1
Reuters: Kuwait denies it imposed travel ban praised by Trump https://t.co/l1FopYY1z9 https://t.co/YF4c9NYuA6,0
RT @duhmaame: how I looked when the trump supporter told my history class that trump won the black vote https://t.co/BdBn7MNrPj,1
RT @artoopio: KRISTEN MOCKED DONALD TRUMP AND CAME OUT AS GAY IN SNL MONOLOGUE WHEN WILL YOUR FAVE https://t.co/1lj07smIld,0
BREAKING: Refugeehadi Attack Rocks Paris. Trump Responds https://t.co/NsTiKHSc0e via @po_st,0
RT @globeandmail: Court rejects Trumps bid to immediately restore travel ban https://t.co/nljwPxLeNw,0
"RT @AP: Trump Cabinet pick paid by 'cult-like' Iranian exile group, by @jongambrellAP  https://t.co/hhyDDtWjIz",0
RT @PGourevitch: Think about it: at this point Trump desperately needs America to be attacked by jihadis.,0
RT @thehill: Trump still closely tied to business holdings: report https://t.co/dv13QliV1D https://t.co/JFEBuGonKP,0
Lmao Trump should just jump off a building before he ends up getting impeached,0
I liked a @YouTube video https://t.co/3mhEK29fto Alec Baldwin returns as Trump on SNL Cold Open 2/4/2017,0
Manchester City v Swansea City: Premier League  live! https://t.co/wrFkFobDHj #Trump #AntiGlobalism #PresidentTrump https://t.co/7xXtrrP87Q,1
Appeals court denies President Trumps request to immediately restore travel ban https://t.co/qBPsPiT7KK https://t.co/z4tbQwKAD2,0
"RT @VABVOX: Sweet Jesus,this is incalculable lunacy.

The population of NYC.



Trump is targeting up to 8M people for deportation https://t.co/q82MV7k0W1",0
"RT @asamjulian: Obama banned Iraqis, no one cared. 16 Muslim countries currently ban Israelis, no one cares. Trump does it, PROTEST, RESIST! #hypocrites ?",0
RT @FortuneMagazine: Swedish deputy Prime Minister appears to mock President Trump with all-female photo https://t.co/SkvFIreP4j https://t.co/cS9lUcZE1N,0
Pence Defends Trump Speaking His Mind on Federal Judge - https://t.co/f0BqMdckTs,0
"RT @markmobility: Monthly cost of:

Guarding Trump Tower: $30 million

Section 8 for all 15,856 homeless NYC families: $28 million",0
"RT @NickCohen4: ""Trump, modern fascism, and how to fight back"" - long read from me in the Observer

https://t.co/TZr0NiHJDI",0
"RT @anniekarni: Trump: ""This has to go better."" https://t.co/lJvoSvlMGa via @WSJ",0
"RT @tribelaw: If Trump directed or deliberately let this occur, IMPEACHABLE:Trump officials slow-walked court orders on travel ban https://t.co/JVM0bRfnl6",0
Trump Travel Ban: Federal Judge Orders Temporary Block https://t.co/fSUok08zhh https://t.co/EkxGlBgMZn,0
Everyone seems to be genuinely surprised and outraged that Trump is an asshole... really? He hasn't exactly been hiding it people.,0
Trump inches the U.S. closer to a constitutional crisis https://t.co/eFFmmipQ4I via @HuffPostPol,1
Let's make #subprime @amazon next. It advertises w/ Breitbart &amp; carries Trump merchandise. Cancel your Prime membership. #GrabYourWallet https://t.co/lvzha5Ui4T,0
RT @StephensWSJ: Trump puts US on moral par with Putin's Russia. Never in history has a President slandered his country like this.  https://t.co/LrP8ycG1Y9,1
Trump Furious As Judge Suspends Muslim Ban https://t.co/vdAtcNnz70,0
RT @JohnTDolan: Wouldn't it be GREAT if when Gaga starts into her ?? Anti Trump rhetoric the crowd drowns her out with Boooos.  ReT https://t.co/vdvKFgG8kx,0
"RT @PrisonPlanet: Turns out that you can't use Twitter to threaten Trump supporter's children, violence &amp; doxxing. This account final https://t.co/rgipGho3m9",0
"RT @timkaine: President Trump rolls back Dodd-Frank and regulations protecting retirees. He's not draining the swamp, he's draining people's pockets!",1
Republicans - we will never forget where you were when Trump continued to support American enemies https://t.co/VopfbIZjEJ,0
Pence Defends Trump Speaking His Mind on Federal Judge - https://t.co/yzzkOPcssg,0
RT @piersmorgan: Reposting this photo from yesterday's London anti-Trump march. Staggering. https://t.co/aAvJ6yJXID,0
Experts: Social media giants fight Trumps anti-terror plan while providing platform for terrorists  https://t.co/iRBoPOhQhu,1
"RT @JoyAnnReid: The Republicans won't rein In Trump, but the judiciary just might. https://t.co/C1VQDnYZAH",0
@JoeBiden  One thing's for sure--after Trump--we will need extreme vetting for future presidential candidates so THIS never happens again.,0
RT @washingtonpost: OReilly told Trump that Putin is a killer. Trumps reply: You think our countrys so innocent? https://t.co/PLtVYCfSQs,0
Trump is not licensed DC Electrical Contractor but is listed on Permit 4 Hilton Curio Hotel https://t.co/aIKGYAIAsR  #PoliticsNation,0
"RT @VABVOX: ""Jews belong in the oven.""

NYC subway riders fight Trump.

Best story of the night.

""This is NOT Trump's America.""

https://t.co/Ub7YsGegYP",0
RT @nprpolitics: Utah Representative Wants Bears Ears Gone And He Wants Trump To Do It https://t.co/n4YB2OYiYZ,0
"RT @paulkrugman: Bad Trump polling on immigration order is heartening. Thought this might play well, backlash wouldn't come until economic failures arrive",0
"RT @nytimes: Whether they like it or not, brands associated with the Trump name have become politicized https://t.co/beH89AwqtC",1
RT @EricAPosner: Neil Gorsuch must condemn Trump for so-called judge remark; his friends in the legal community must withhold their support until he does.,0
RT @aljwhite: Look forward to Trump having a shitfit over Kristen Stewart in a few hours https://t.co/PYy8tsM14y,1
"Alec Baldwin's Trump is back on 'SNL': 'Prepare to go to war'

https://t.co/IsRX0YifON",0
RT @Independent: Female MPs will boycott if Donald Trump addresses Houses of Parliament https://t.co/EDIiMp0Vic,0
"RT @immigrant4trump: Hey Liberals look in the mirror, you are guaranteeing GOP rule for the next 8 years #Maga #Trump https://t.co/yVoxpcwQ3K",0
@Cernovich @StephenKing maybe because Trump is a patriot and Weiner is a perv like the rest of the leftist sick trash and you,0
"RT @DLin71: OBAMA: America is imperfect

GOP: TREASON



TRUMP: America is like a murderous thug

GOP: Shield your eyes in the presence of this patriot",0
Pence Defends Trump Speaking His Mind on Federal Judge - https://t.co/tuYqSJny3b,0
Lol Trump is gonna shit his pants https://t.co/fbc2E9670q #alllivesmatter #liberty #conservatives,0
RT @BeachCity55: Patriots Owner Opens Up About What President Trump Did for Him During 'Toughest Time in His Life' https://t.co/4f2fTYqZhc,1
"Unhinged New York Leftist Freaks Out on Judge Jeanine: 'F*ck Trump! F*ck These White People!"" (VIDEO) https://t.co/m01RIXgT50",0
RT @BBCWorld: Trump travel ban: Mike Pence defends president https://t.co/zwcnsooLn9,0
RT @Slate: Watch Donald Trump ruin American foreign policy on Saturday Night Live: https://t.co/ydeKJ3ChCC https://t.co/636lIMLTfb,0
"RT @KarlreMarks: It's crazy how the US was the most peace-loving, democratic, non-hegemonic world power for decades and Trump suddenly changed all of that.",0
ONE OF TRUMP'S BIGGEST CRITICS JUST CAME TO HIS AID BIG TIME BY DEFENDIN... https://t.co/NWKSIsAadA via @YouTube,1
Trump Plans To Ban Controversial Flashlight! Manufacturer Gives Away Inventory For FREE - https://t.co/WcOLg5Ykas https://t.co/besHfVGw7R,0
Parody of Cornish Donald Trump promising to build his wall between Cornw... https://t.co/9tR8H8fWuk via @YouTube 2FUNNY have2laugh,1
"RT @donnabrazile: To commemorate Black History Month, Trump administration decrees that white supremacists cant be terrorists https://t.co/X2sS98q9Ao",1
Tupac Talks Donald Trump &amp; Greed in America in 1992 Interview | MTV News https://t.co/0xrV5ZFcve,0
RT @ezlusztig: The majority saying Trump's visit should be cancelled (53%) is now larger than #Brexit (51.9%) Referendum! Democracy!https://t.co/amwy4ebiIR,1
RT @JayS2629: Middle School Student Attacked on Bus for Wearing Trump #MAGA Hat - Then Schools Suspends Him (VIDEO) https://t.co/WRbHg3pIf4,0
Pence Defends Trump Speaking His Mind on Federal Judge - https://t.co/RbXv3z3u2v,0
Thousands protest in London and Paris against Trump travel ban https://t.co/W5V6vX9if9 by #FRANCE24 via @c0nvey,0
"RT @paulkrugman: If Trump can call Robart a ""so-called"" judge, can we call him -- with infinitely better justification -- a ""so-called"" president?",1
RT @piersmorgan: US media caught lying about Trump again. Jeez. https://t.co/67bJzwXRTG,0
RT @amjoyshow: #Trump AG firing recalls Nixons Saturday Night Massacre | More @amjoyshow this #SundayMorning 10 AM ET on @MSNBC https://t.co/8OmebJL1de,0
"RT @MaxBoot: ""Mr Trump... will receive reports on any profit, or loss, on his company as a whole."" https://t.co/9zrkscrSUE",0
RT @hopedellon: Twitter friends: Please follow @FIRE_THE_FOOL &amp; #FIRE_THE_FOOL as they start a new grassroots movement to stop Trump tyranny. #YoureFired,1
RT @SPIEGEL_English: Trump as Nero: Europe Must Defend Itself Against America's Dangerous President https://t.co/c20DhUgiQF https://t.co/8h8Wz3LAQ8,0
"RT @SirajAHashmi: I'm pleased that the Trump administration has turned its focus from ""Radical Islam"" exclusively to ""Radical Moose L https://t.co/JYZOjqztUe",1
"RT @KeithOlbermann: Honest to God, we have to impeach or 25/4 this jackass before the Super Bowl is over. @realDonaldTrump is not loyal https://t.co/g6mIUbv5xQ",1
"RT @donnabrazile: To commemorate Black History Month, Trump administration decrees that white supremacists cant be terrorists https://t.co/X2sS98q9Ao",1
RT @aldotcom: Pastor trolls Trump supporters with church sign https://t.co/d2r5Z6WxVg #alpolitics https://t.co/kapuXQaEqC,0
RT @MichaelAusiello: And then 3 weeks in the silver lining of a Trump presidency reveals itself... https://t.co/qmW6RYDl2K,0
RT @StephensWSJ: Trump puts US on moral par with Putin's Russia. Never in history has a President slandered his country like this.  https://t.co/LrP8ycG1Y9,1
RT @aljwhite: Look forward to Trump having a shitfit over Kristen Stewart in a few hours https://t.co/PYy8tsM14y,1
"RT @bobsacard: FLORIDA RESIDENTS, YOUR SENATOR IS  BLOCKING TRUMP NOMINEES- HE'S UP FOR RE-ELECTION IN 2018. CALL HIS OFFICE (202) https://t.co/hsRkq21AVF",0
Trump coming into power and finding out Presidents don't just get to do whatever they want https://t.co/MRqWN50pxk,0
RT @chessninja: The new normal cycle: Russian propaganda repeating Trump repeating Russian propaganda. https://t.co/QQP9Dp87KY,0
"RT @USAneedsTRUMP: Everybody in the crowd stand up and shout TRUMP TRUMP TRUMP TRUMP TRUMP TRUMP TRUMP TRUMP!!!!!!!

#SuperBowl https://t.co/fL2gVybyZW",0
"RT @bently46: Howard Stern: Trump wants to be loved, presidency will be 'detrimental' to his mental health

https://t.co/wK3rg9FVdN",0
"RT @NastyWoman20: ""There's a 1 in 3.64 BILLION chance of you being killed by a refugee""



Trump supporters: https://t.co/qeaIG4ZWh2",0
"RT @JustSchmeltzer: Damn, @realDonaldTrump, court is handing your ass to you in a sling! Running DOJ badly! Sad! https://t.co/TH6wqhY9N6",0
"RT @cheddar: Congresswoman @MaxineWaters, on working with President Trump: ""My greatest desire is to lead him right into impeach https://t.co/009GusIFPt",1
"RT @AltStateDpt: If Melania Trump stays at Trump Tower through a 4yr term, it will cost taxpayers approx. $1.4B. Is this what populist Trump voters wanted?",0
"Last night I dreamt that Donald Trump kept sending out glossy 8.5x11 ""Official Portraits"" of himself. Every few days, a new photo. (1/?)",1
"RT @We_R_TheMedia: UK Muslims Protesting Trump's #TravelBan ?USA! YOU WILL PAY! CALIPHATE IS ON THE WAY!



THIS Is Why They Need 2B Kep https://t.co/VU26D5d50a",0
"If you believe #Trump is an #ass-hole, please watch this video: https://t.co/YmV5v0QFAy #USA https://t.co/HQR70zXmfF",1
Parody of Cornish Donald Trump promising to build his wall between Cornw... https://t.co/uqTOh4Hqnl via @YouTube 2FUNNY have2laugh,1
RT @ggreenwald: What do we call Awlaki's daughter when Trump kills her? A little girl. What's Awlaki's teenage son when Obama kills https://t.co/rqu8z4dsKz,0
RT @AP: BREAKING: Appeals court denies Trump administration request to immediately reinstate ban on travelers and refugees.,0
RT @TrumpTrainFL: Judge @JamesRobart commits TREASON by blocking @POTUS Executive Order https://t.co/mJyEb5Mjh4 #Trump #MAGA. Liberals are trying to steal USA,0
RT @AGOWA: Trump Administration's request for immediate administrative stay DENIED. https://t.co/R3tTRPyv3U,0
"RT @washingtonpost: Canadian scientists were followed, threatened and censored. They warn that Trump could do the same. https://t.co/MpGW9d7YQv",0
RT @mikandynothem: Democrats are in disarray. Trump is moving at the speed of light and the only answer they have is violence. Sad... https://t.co/bQxEYLpEKF,0
RT @deanbarker: Good morning. Today is the 17th day Mr. Trump violates the Constitution's Emoluments clause &amp; the 17th day Paul Rya https://t.co/O50Ix6fd4D,0
Patriots Fans React To Ties The Team And Its Billionaire Owner Have To Donald Trump #tech <U+2604> <U+26F1> $v #Innovate https://t.co/D7Kb8OJUtN,1
"#Trump USING #Obama's carrot and the stick on @KremlinRussia_E , after un stunt on crimea/ukrain/syr no fly zone,now showing the carrot ??? https://t.co/sHQYRfjHGi",0
RT @KeithOlbermann: The Deputy Editorial Page editor of The Wall Street Journal and I agree on the only word that fits @realDonaldTrump https://t.co/F7Z3LA6Om7,1
"RT @RT_com: 'Unprecedented: Trump opponents seek to divide US' - Gregory Copley, editor of Defense &amp; Foreign Affairs https://t.co/mGuVlFxEAw",0
